pattern,crash_point,crash_round,predicate,lookback,p_lag,seed,source_rows,lost,duplicates,phantoms,corrupt_final,stuck,storage_overhead,rows_read,exp_duplicates,exp_regression,exp_corrupt,crash_fired,final_ok,transient_ok
A1,after_extract,2,gt,0,0.0,0,1522,0,0,0,False,False,0,1594,0,0,False,True,True,True
A1,after_extract,2,gt,0,0.0,1,1537,0,0,0,False,False,0,1621,0,0,False,True,True,True
A1,after_extract,2,gt,0,0.0,2,1403,0,0,0,False,False,0,1442,0,0,False,True,True,True
A1,after_extract,2,gt,0,0.0,3,1459,0,0,0,False,False,0,1519,0,0,False,True,True,True
A1,after_extract,2,gt,0,0.0,4,1387,0,0,0,False,False,0,1467,0,0,False,True,True,True
A1,after_extract,2,gt,0,0.0,5,1566,0,0,0,False,False,0,1647,0,0,False,True,True,True
A1,after_extract,2,gt,0,0.0,6,1559,0,0,0,False,False,0,1623,0,0,False,True,True,True
A1,after_extract,2,gt,0,0.0,7,1354,0,0,0,False,False,0,1418,0,0,False,True,True,True
A1,after_extract,2,gt,0,0.0,8,1451,0,0,0,False,False,0,1548,0,0,False,True,True,True
A1,after_extract,2,gt,0,0.0,9,1517,0,0,0,False,False,0,1564,0,0,False,True,True,True
A1,after_extract,5,gt,0,0.0,0,1522,0,0,0,False,False,0,1593,0,0,False,True,True,True
A1,after_extract,5,gt,0,0.0,1,1537,0,0,0,False,False,0,1585,0,0,False,True,True,True
A1,after_extract,5,gt,0,0.0,2,1403,0,0,0,False,False,0,1483,0,0,False,True,True,True
A1,after_extract,5,gt,0,0.0,3,1459,0,0,0,False,False,0,1544,0,0,False,True,True,True
A1,after_extract,5,gt,0,0.0,4,1387,0,0,0,False,False,0,1436,0,0,False,True,True,True
A1,after_extract,5,gt,0,0.0,5,1566,0,0,0,False,False,0,1631,0,0,False,True,True,True
A1,after_extract,5,gt,0,0.0,6,1559,0,0,0,False,False,0,1626,0,0,False,True,True,True
A1,after_extract,5,gt,0,0.0,7,1354,0,0,0,False,False,0,1423,0,0,False,True,True,True
A1,after_extract,5,gt,0,0.0,8,1451,0,0,0,False,False,0,1535,0,0,False,True,True,True
A1,after_extract,5,gt,0,0.0,9,1517,0,0,0,False,False,0,1605,0,0,False,True,True,True
A1,after_extract,10,gt,0,0.0,0,1522,0,0,0,False,False,0,1628,0,0,False,True,True,True
A1,after_extract,10,gt,0,0.0,1,1537,0,0,0,False,False,0,1607,0,0,False,True,True,True
A1,after_extract,10,gt,0,0.0,2,1403,0,0,0,False,False,0,1476,0,0,False,True,True,True
A1,after_extract,10,gt,0,0.0,3,1459,0,0,0,False,False,0,1511,0,0,False,True,True,True
A1,after_extract,10,gt,0,0.0,4,1387,0,0,0,False,False,0,1475,0,0,False,True,True,True
A1,after_extract,10,gt,0,0.0,5,1566,0,0,0,False,False,0,1646,0,0,False,True,True,True
A1,after_extract,10,gt,0,0.0,6,1559,0,0,0,False,False,0,1640,0,0,False,True,True,True
A1,after_extract,10,gt,0,0.0,7,1354,0,0,0,False,False,0,1435,0,0,False,True,True,True
A1,after_extract,10,gt,0,0.0,8,1451,0,0,0,False,False,0,1520,0,0,False,True,True,True
A1,after_extract,10,gt,0,0.0,9,1517,0,0,0,False,False,0,1638,0,0,False,True,True,True
A1,after_extract,15,gt,0,0.0,0,1522,0,0,0,False,False,0,1581,0,0,False,True,True,True
A1,after_extract,15,gt,0,0.0,1,1537,0,0,0,False,False,0,1616,0,0,False,True,True,True
A1,after_extract,15,gt,0,0.0,2,1403,0,0,0,False,False,0,1474,0,0,False,True,True,True
A1,after_extract,15,gt,0,0.0,3,1459,0,0,0,False,False,0,1529,0,0,False,True,True,True
A1,after_extract,15,gt,0,0.0,4,1387,0,0,0,False,False,0,1461,0,0,False,True,True,True
A1,after_extract,15,gt,0,0.0,5,1566,0,0,0,False,False,0,1653,0,0,False,True,True,True
A1,after_extract,15,gt,0,0.0,6,1559,0,0,0,False,False,0,1632,0,0,False,True,True,True
A1,after_extract,15,gt,0,0.0,7,1354,0,0,0,False,False,0,1437,0,0,False,True,True,True
A1,after_extract,15,gt,0,0.0,8,1451,0,0,0,False,False,0,1548,0,0,False,True,True,True
A1,after_extract,15,gt,0,0.0,9,1517,0,0,0,False,False,0,1575,0,0,False,True,True,True
A1,after_extract,20,gt,0,0.0,0,1522,0,0,0,False,False,0,1579,0,0,False,True,True,True
A1,after_extract,20,gt,0,0.0,1,1537,0,0,0,False,False,0,1634,0,0,False,True,True,True
A1,after_extract,20,gt,0,0.0,2,1403,0,0,0,False,False,0,1479,0,0,False,True,True,True
A1,after_extract,20,gt,0,0.0,3,1459,0,0,0,False,False,0,1537,0,0,False,True,True,True
A1,after_extract,20,gt,0,0.0,4,1387,0,0,0,False,False,0,1463,0,0,False,True,True,True
A1,after_extract,20,gt,0,0.0,5,1566,0,0,0,False,False,0,1624,0,0,False,True,True,True
A1,after_extract,20,gt,0,0.0,6,1559,0,0,0,False,False,0,1678,0,0,False,True,True,True
A1,after_extract,20,gt,0,0.0,7,1354,0,0,0,False,False,0,1439,0,0,False,True,True,True
A1,after_extract,20,gt,0,0.0,8,1451,0,0,0,False,False,0,1524,0,0,False,True,True,True
A1,after_extract,20,gt,0,0.0,9,1517,0,0,0,False,False,0,1584,0,0,False,True,True,True
A1,mid_data_txn,2,gt,0,0.0,0,1522,0,0,0,False,False,0,1594,0,0,False,True,True,True
A1,mid_data_txn,2,gt,0,0.0,1,1537,0,0,0,False,False,0,1621,0,0,False,True,True,True
A1,mid_data_txn,2,gt,0,0.0,2,1403,0,0,0,False,False,0,1442,0,0,False,True,True,True
A1,mid_data_txn,2,gt,0,0.0,3,1459,0,0,0,False,False,0,1519,0,0,False,True,True,True
A1,mid_data_txn,2,gt,0,0.0,4,1387,0,0,0,False,False,0,1467,0,0,False,True,True,True
A1,mid_data_txn,2,gt,0,0.0,5,1566,0,0,0,False,False,0,1647,0,0,False,True,True,True
A1,mid_data_txn,2,gt,0,0.0,6,1559,0,0,0,False,False,0,1623,0,0,False,True,True,True
A1,mid_data_txn,2,gt,0,0.0,7,1354,0,0,0,False,False,0,1418,0,0,False,True,True,True
A1,mid_data_txn,2,gt,0,0.0,8,1451,0,0,0,False,False,0,1548,0,0,False,True,True,True
A1,mid_data_txn,2,gt,0,0.0,9,1517,0,0,0,False,False,0,1564,0,0,False,True,True,True
A1,mid_data_txn,5,gt,0,0.0,0,1522,0,0,0,False,False,0,1593,0,0,False,True,True,True
A1,mid_data_txn,5,gt,0,0.0,1,1537,0,0,0,False,False,0,1585,0,0,False,True,True,True
A1,mid_data_txn,5,gt,0,0.0,2,1403,0,0,0,False,False,0,1483,0,0,False,True,True,True
A1,mid_data_txn,5,gt,0,0.0,3,1459,0,0,0,False,False,0,1544,0,0,False,True,True,True
A1,mid_data_txn,5,gt,0,0.0,4,1387,0,0,0,False,False,0,1436,0,0,False,True,True,True
A1,mid_data_txn,5,gt,0,0.0,5,1566,0,0,0,False,False,0,1631,0,0,False,True,True,True
A1,mid_data_txn,5,gt,0,0.0,6,1559,0,0,0,False,False,0,1626,0,0,False,True,True,True
A1,mid_data_txn,5,gt,0,0.0,7,1354,0,0,0,False,False,0,1423,0,0,False,True,True,True
A1,mid_data_txn,5,gt,0,0.0,8,1451,0,0,0,False,False,0,1535,0,0,False,True,True,True
A1,mid_data_txn,5,gt,0,0.0,9,1517,0,0,0,False,False,0,1605,0,0,False,True,True,True
A1,mid_data_txn,10,gt,0,0.0,0,1522,0,0,0,False,False,0,1628,0,0,False,True,True,True
A1,mid_data_txn,10,gt,0,0.0,1,1537,0,0,0,False,False,0,1607,0,0,False,True,True,True
A1,mid_data_txn,10,gt,0,0.0,2,1403,0,0,0,False,False,0,1476,0,0,False,True,True,True
A1,mid_data_txn,10,gt,0,0.0,3,1459,0,0,0,False,False,0,1511,0,0,False,True,True,True
A1,mid_data_txn,10,gt,0,0.0,4,1387,0,0,0,False,False,0,1475,0,0,False,True,True,True
A1,mid_data_txn,10,gt,0,0.0,5,1566,0,0,0,False,False,0,1646,0,0,False,True,True,True
A1,mid_data_txn,10,gt,0,0.0,6,1559,0,0,0,False,False,0,1640,0,0,False,True,True,True
A1,mid_data_txn,10,gt,0,0.0,7,1354,0,0,0,False,False,0,1435,0,0,False,True,True,True
A1,mid_data_txn,10,gt,0,0.0,8,1451,0,0,0,False,False,0,1520,0,0,False,True,True,True
A1,mid_data_txn,10,gt,0,0.0,9,1517,0,0,0,False,False,0,1638,0,0,False,True,True,True
A1,mid_data_txn,15,gt,0,0.0,0,1522,0,0,0,False,False,0,1581,0,0,False,True,True,True
A1,mid_data_txn,15,gt,0,0.0,1,1537,0,0,0,False,False,0,1616,0,0,False,True,True,True
A1,mid_data_txn,15,gt,0,0.0,2,1403,0,0,0,False,False,0,1474,0,0,False,True,True,True
A1,mid_data_txn,15,gt,0,0.0,3,1459,0,0,0,False,False,0,1529,0,0,False,True,True,True
A1,mid_data_txn,15,gt,0,0.0,4,1387,0,0,0,False,False,0,1461,0,0,False,True,True,True
A1,mid_data_txn,15,gt,0,0.0,5,1566,0,0,0,False,False,0,1653,0,0,False,True,True,True
A1,mid_data_txn,15,gt,0,0.0,6,1559,0,0,0,False,False,0,1632,0,0,False,True,True,True
A1,mid_data_txn,15,gt,0,0.0,7,1354,0,0,0,False,False,0,1437,0,0,False,True,True,True
A1,mid_data_txn,15,gt,0,0.0,8,1451,0,0,0,False,False,0,1548,0,0,False,True,True,True
A1,mid_data_txn,15,gt,0,0.0,9,1517,0,0,0,False,False,0,1575,0,0,False,True,True,True
A1,mid_data_txn,20,gt,0,0.0,0,1522,0,0,0,False,False,0,1579,0,0,False,True,True,True
A1,mid_data_txn,20,gt,0,0.0,1,1537,0,0,0,False,False,0,1634,0,0,False,True,True,True
A1,mid_data_txn,20,gt,0,0.0,2,1403,0,0,0,False,False,0,1479,0,0,False,True,True,True
A1,mid_data_txn,20,gt,0,0.0,3,1459,0,0,0,False,False,0,1537,0,0,False,True,True,True
A1,mid_data_txn,20,gt,0,0.0,4,1387,0,0,0,False,False,0,1463,0,0,False,True,True,True
A1,mid_data_txn,20,gt,0,0.0,5,1566,0,0,0,False,False,0,1624,0,0,False,True,True,True
A1,mid_data_txn,20,gt,0,0.0,6,1559,0,0,0,False,False,0,1678,0,0,False,True,True,True
A1,mid_data_txn,20,gt,0,0.0,7,1354,0,0,0,False,False,0,1439,0,0,False,True,True,True
A1,mid_data_txn,20,gt,0,0.0,8,1451,0,0,0,False,False,0,1524,0,0,False,True,True,True
A1,mid_data_txn,20,gt,0,0.0,9,1517,0,0,0,False,False,0,1584,0,0,False,True,True,True
A1,after_data_commit,2,gt,0,0.0,0,1522,0,72,0,False,False,72,1594,0,0,False,True,False,True
A1,after_data_commit,2,gt,0,0.0,1,1537,0,84,0,False,False,84,1621,0,0,False,True,False,True
A1,after_data_commit,2,gt,0,0.0,2,1403,0,39,0,False,False,39,1442,0,0,False,True,False,True
A1,after_data_commit,2,gt,0,0.0,3,1459,0,60,0,False,False,60,1519,0,0,False,True,False,True
A1,after_data_commit,2,gt,0,0.0,4,1387,0,80,0,False,False,80,1467,0,0,False,True,False,True
A1,after_data_commit,2,gt,0,0.0,5,1566,0,81,0,False,False,81,1647,0,0,False,True,False,True
A1,after_data_commit,2,gt,0,0.0,6,1559,0,64,0,False,False,64,1623,0,0,False,True,False,True
A1,after_data_commit,2,gt,0,0.0,7,1354,0,64,0,False,False,64,1418,0,0,False,True,False,True
A1,after_data_commit,2,gt,0,0.0,8,1451,0,97,0,False,False,97,1548,0,0,False,True,False,True
A1,after_data_commit,2,gt,0,0.0,9,1517,0,47,0,False,False,47,1564,0,0,False,True,False,True
A1,after_data_commit,5,gt,0,0.0,0,1522,0,71,0,False,False,71,1593,0,0,False,True,False,True
A1,after_data_commit,5,gt,0,0.0,1,1537,0,48,0,False,False,48,1585,0,0,False,True,False,True
A1,after_data_commit,5,gt,0,0.0,2,1403,0,80,0,False,False,80,1483,0,0,False,True,False,True
A1,after_data_commit,5,gt,0,0.0,3,1459,0,85,0,False,False,85,1544,0,0,False,True,False,True
A1,after_data_commit,5,gt,0,0.0,4,1387,0,49,0,False,False,49,1436,0,0,False,True,False,True
A1,after_data_commit,5,gt,0,0.0,5,1566,0,65,0,False,False,65,1631,0,0,False,True,False,True
A1,after_data_commit,5,gt,0,0.0,6,1559,0,67,0,False,False,67,1626,0,0,False,True,False,True
A1,after_data_commit,5,gt,0,0.0,7,1354,0,69,0,False,False,69,1423,0,0,False,True,False,True
A1,after_data_commit,5,gt,0,0.0,8,1451,0,84,0,False,False,84,1535,0,0,False,True,False,True
A1,after_data_commit,5,gt,0,0.0,9,1517,0,88,0,False,False,88,1605,0,0,False,True,False,True
A1,after_data_commit,10,gt,0,0.0,0,1522,0,106,0,False,False,106,1628,0,0,False,True,False,True
A1,after_data_commit,10,gt,0,0.0,1,1537,0,70,0,False,False,70,1607,0,0,False,True,False,True
A1,after_data_commit,10,gt,0,0.0,2,1403,0,73,0,False,False,73,1476,0,0,False,True,False,True
A1,after_data_commit,10,gt,0,0.0,3,1459,0,52,0,False,False,52,1511,0,0,False,True,False,True
A1,after_data_commit,10,gt,0,0.0,4,1387,0,88,0,False,False,88,1475,0,0,False,True,False,True
A1,after_data_commit,10,gt,0,0.0,5,1566,0,80,0,False,False,80,1646,0,0,False,True,False,True
A1,after_data_commit,10,gt,0,0.0,6,1559,0,81,0,False,False,81,1640,0,0,False,True,False,True
A1,after_data_commit,10,gt,0,0.0,7,1354,0,81,0,False,False,81,1435,0,0,False,True,False,True
A1,after_data_commit,10,gt,0,0.0,8,1451,0,69,0,False,False,69,1520,0,0,False,True,False,True
A1,after_data_commit,10,gt,0,0.0,9,1517,0,121,0,False,False,121,1638,0,0,False,True,False,True
A1,after_data_commit,15,gt,0,0.0,0,1522,0,59,0,False,False,59,1581,0,0,False,True,False,True
A1,after_data_commit,15,gt,0,0.0,1,1537,0,79,0,False,False,79,1616,0,0,False,True,False,True
A1,after_data_commit,15,gt,0,0.0,2,1403,0,71,0,False,False,71,1474,0,0,False,True,False,True
A1,after_data_commit,15,gt,0,0.0,3,1459,0,70,0,False,False,70,1529,0,0,False,True,False,True
A1,after_data_commit,15,gt,0,0.0,4,1387,0,74,0,False,False,74,1461,0,0,False,True,False,True
A1,after_data_commit,15,gt,0,0.0,5,1566,0,87,0,False,False,87,1653,0,0,False,True,False,True
A1,after_data_commit,15,gt,0,0.0,6,1559,0,73,0,False,False,73,1632,0,0,False,True,False,True
A1,after_data_commit,15,gt,0,0.0,7,1354,0,83,0,False,False,83,1437,0,0,False,True,False,True
A1,after_data_commit,15,gt,0,0.0,8,1451,0,97,0,False,False,97,1548,0,0,False,True,False,True
A1,after_data_commit,15,gt,0,0.0,9,1517,0,58,0,False,False,58,1575,0,0,False,True,False,True
A1,after_data_commit,20,gt,0,0.0,0,1522,0,57,0,False,False,57,1579,0,0,False,True,False,True
A1,after_data_commit,20,gt,0,0.0,1,1537,0,97,0,False,False,97,1634,0,0,False,True,False,True
A1,after_data_commit,20,gt,0,0.0,2,1403,0,76,0,False,False,76,1479,0,0,False,True,False,True
A1,after_data_commit,20,gt,0,0.0,3,1459,0,78,0,False,False,78,1537,0,0,False,True,False,True
A1,after_data_commit,20,gt,0,0.0,4,1387,0,76,0,False,False,76,1463,0,0,False,True,False,True
A1,after_data_commit,20,gt,0,0.0,5,1566,0,58,0,False,False,58,1624,0,0,False,True,False,True
A1,after_data_commit,20,gt,0,0.0,6,1559,0,119,0,False,False,119,1678,0,0,False,True,False,True
A1,after_data_commit,20,gt,0,0.0,7,1354,0,85,0,False,False,85,1439,0,0,False,True,False,True
A1,after_data_commit,20,gt,0,0.0,8,1451,0,73,0,False,False,73,1524,0,0,False,True,False,True
A1,after_data_commit,20,gt,0,0.0,9,1517,0,67,0,False,False,67,1584,0,0,False,True,False,True
A1,after_wm_commit,2,gt,0,0.0,0,1522,0,0,0,False,False,0,1522,0,0,False,True,True,True
A1,after_wm_commit,2,gt,0,0.0,1,1537,0,0,0,False,False,0,1537,0,0,False,True,True,True
A1,after_wm_commit,2,gt,0,0.0,2,1403,0,0,0,False,False,0,1403,0,0,False,True,True,True
A1,after_wm_commit,2,gt,0,0.0,3,1459,0,0,0,False,False,0,1459,0,0,False,True,True,True
A1,after_wm_commit,2,gt,0,0.0,4,1387,0,0,0,False,False,0,1387,0,0,False,True,True,True
A1,after_wm_commit,2,gt,0,0.0,5,1566,0,0,0,False,False,0,1566,0,0,False,True,True,True
A1,after_wm_commit,2,gt,0,0.0,6,1559,0,0,0,False,False,0,1559,0,0,False,True,True,True
A1,after_wm_commit,2,gt,0,0.0,7,1354,0,0,0,False,False,0,1354,0,0,False,True,True,True
A1,after_wm_commit,2,gt,0,0.0,8,1451,0,0,0,False,False,0,1451,0,0,False,True,True,True
A1,after_wm_commit,2,gt,0,0.0,9,1517,0,0,0,False,False,0,1517,0,0,False,True,True,True
A1,after_wm_commit,5,gt,0,0.0,0,1522,0,0,0,False,False,0,1522,0,0,False,True,True,True
A1,after_wm_commit,5,gt,0,0.0,1,1537,0,0,0,False,False,0,1537,0,0,False,True,True,True
A1,after_wm_commit,5,gt,0,0.0,2,1403,0,0,0,False,False,0,1403,0,0,False,True,True,True
A1,after_wm_commit,5,gt,0,0.0,3,1459,0,0,0,False,False,0,1459,0,0,False,True,True,True
A1,after_wm_commit,5,gt,0,0.0,4,1387,0,0,0,False,False,0,1387,0,0,False,True,True,True
A1,after_wm_commit,5,gt,0,0.0,5,1566,0,0,0,False,False,0,1566,0,0,False,True,True,True
A1,after_wm_commit,5,gt,0,0.0,6,1559,0,0,0,False,False,0,1559,0,0,False,True,True,True
A1,after_wm_commit,5,gt,0,0.0,7,1354,0,0,0,False,False,0,1354,0,0,False,True,True,True
A1,after_wm_commit,5,gt,0,0.0,8,1451,0,0,0,False,False,0,1451,0,0,False,True,True,True
A1,after_wm_commit,5,gt,0,0.0,9,1517,0,0,0,False,False,0,1517,0,0,False,True,True,True
A1,after_wm_commit,10,gt,0,0.0,0,1522,0,0,0,False,False,0,1522,0,0,False,True,True,True
A1,after_wm_commit,10,gt,0,0.0,1,1537,0,0,0,False,False,0,1537,0,0,False,True,True,True
A1,after_wm_commit,10,gt,0,0.0,2,1403,0,0,0,False,False,0,1403,0,0,False,True,True,True
A1,after_wm_commit,10,gt,0,0.0,3,1459,0,0,0,False,False,0,1459,0,0,False,True,True,True
A1,after_wm_commit,10,gt,0,0.0,4,1387,0,0,0,False,False,0,1387,0,0,False,True,True,True
A1,after_wm_commit,10,gt,0,0.0,5,1566,0,0,0,False,False,0,1566,0,0,False,True,True,True
A1,after_wm_commit,10,gt,0,0.0,6,1559,0,0,0,False,False,0,1559,0,0,False,True,True,True
A1,after_wm_commit,10,gt,0,0.0,7,1354,0,0,0,False,False,0,1354,0,0,False,True,True,True
A1,after_wm_commit,10,gt,0,0.0,8,1451,0,0,0,False,False,0,1451,0,0,False,True,True,True
A1,after_wm_commit,10,gt,0,0.0,9,1517,0,0,0,False,False,0,1517,0,0,False,True,True,True
A1,after_wm_commit,15,gt,0,0.0,0,1522,0,0,0,False,False,0,1522,0,0,False,True,True,True
A1,after_wm_commit,15,gt,0,0.0,1,1537,0,0,0,False,False,0,1537,0,0,False,True,True,True
A1,after_wm_commit,15,gt,0,0.0,2,1403,0,0,0,False,False,0,1403,0,0,False,True,True,True
A1,after_wm_commit,15,gt,0,0.0,3,1459,0,0,0,False,False,0,1459,0,0,False,True,True,True
A1,after_wm_commit,15,gt,0,0.0,4,1387,0,0,0,False,False,0,1387,0,0,False,True,True,True
A1,after_wm_commit,15,gt,0,0.0,5,1566,0,0,0,False,False,0,1566,0,0,False,True,True,True
A1,after_wm_commit,15,gt,0,0.0,6,1559,0,0,0,False,False,0,1559,0,0,False,True,True,True
A1,after_wm_commit,15,gt,0,0.0,7,1354,0,0,0,False,False,0,1354,0,0,False,True,True,True
A1,after_wm_commit,15,gt,0,0.0,8,1451,0,0,0,False,False,0,1451,0,0,False,True,True,True
A1,after_wm_commit,15,gt,0,0.0,9,1517,0,0,0,False,False,0,1517,0,0,False,True,True,True
A1,after_wm_commit,20,gt,0,0.0,0,1522,0,0,0,False,False,0,1522,0,0,False,True,True,True
A1,after_wm_commit,20,gt,0,0.0,1,1537,0,0,0,False,False,0,1537,0,0,False,True,True,True
A1,after_wm_commit,20,gt,0,0.0,2,1403,0,0,0,False,False,0,1403,0,0,False,True,True,True
A1,after_wm_commit,20,gt,0,0.0,3,1459,0,0,0,False,False,0,1459,0,0,False,True,True,True
A1,after_wm_commit,20,gt,0,0.0,4,1387,0,0,0,False,False,0,1387,0,0,False,True,True,True
A1,after_wm_commit,20,gt,0,0.0,5,1566,0,0,0,False,False,0,1566,0,0,False,True,True,True
A1,after_wm_commit,20,gt,0,0.0,6,1559,0,0,0,False,False,0,1559,0,0,False,True,True,True
A1,after_wm_commit,20,gt,0,0.0,7,1354,0,0,0,False,False,0,1354,0,0,False,True,True,True
A1,after_wm_commit,20,gt,0,0.0,8,1451,0,0,0,False,False,0,1451,0,0,False,True,True,True
A1,after_wm_commit,20,gt,0,0.0,9,1517,0,0,0,False,False,0,1517,0,0,False,True,True,True
A2,after_extract,2,gt,0,0.0,0,1522,0,0,0,False,False,0,1594,0,0,False,True,True,True
A2,after_extract,2,gt,0,0.0,1,1537,0,0,0,False,False,0,1621,0,0,False,True,True,True
A2,after_extract,2,gt,0,0.0,2,1403,0,0,0,False,False,0,1442,0,0,False,True,True,True
A2,after_extract,2,gt,0,0.0,3,1459,0,0,0,False,False,0,1519,0,0,False,True,True,True
A2,after_extract,2,gt,0,0.0,4,1387,0,0,0,False,False,0,1467,0,0,False,True,True,True
A2,after_extract,2,gt,0,0.0,5,1566,0,0,0,False,False,0,1647,0,0,False,True,True,True
A2,after_extract,2,gt,0,0.0,6,1559,0,0,0,False,False,0,1623,0,0,False,True,True,True
A2,after_extract,2,gt,0,0.0,7,1354,0,0,0,False,False,0,1418,0,0,False,True,True,True
A2,after_extract,2,gt,0,0.0,8,1451,0,0,0,False,False,0,1548,0,0,False,True,True,True
A2,after_extract,2,gt,0,0.0,9,1517,0,0,0,False,False,0,1564,0,0,False,True,True,True
A2,after_extract,5,gt,0,0.0,0,1522,0,0,0,False,False,0,1593,0,0,False,True,True,True
A2,after_extract,5,gt,0,0.0,1,1537,0,0,0,False,False,0,1585,0,0,False,True,True,True
A2,after_extract,5,gt,0,0.0,2,1403,0,0,0,False,False,0,1483,0,0,False,True,True,True
A2,after_extract,5,gt,0,0.0,3,1459,0,0,0,False,False,0,1544,0,0,False,True,True,True
A2,after_extract,5,gt,0,0.0,4,1387,0,0,0,False,False,0,1436,0,0,False,True,True,True
A2,after_extract,5,gt,0,0.0,5,1566,0,0,0,False,False,0,1631,0,0,False,True,True,True
A2,after_extract,5,gt,0,0.0,6,1559,0,0,0,False,False,0,1626,0,0,False,True,True,True
A2,after_extract,5,gt,0,0.0,7,1354,0,0,0,False,False,0,1423,0,0,False,True,True,True
A2,after_extract,5,gt,0,0.0,8,1451,0,0,0,False,False,0,1535,0,0,False,True,True,True
A2,after_extract,5,gt,0,0.0,9,1517,0,0,0,False,False,0,1605,0,0,False,True,True,True
A2,after_extract,10,gt,0,0.0,0,1522,0,0,0,False,False,0,1628,0,0,False,True,True,True
A2,after_extract,10,gt,0,0.0,1,1537,0,0,0,False,False,0,1607,0,0,False,True,True,True
A2,after_extract,10,gt,0,0.0,2,1403,0,0,0,False,False,0,1476,0,0,False,True,True,True
A2,after_extract,10,gt,0,0.0,3,1459,0,0,0,False,False,0,1511,0,0,False,True,True,True
A2,after_extract,10,gt,0,0.0,4,1387,0,0,0,False,False,0,1475,0,0,False,True,True,True
A2,after_extract,10,gt,0,0.0,5,1566,0,0,0,False,False,0,1646,0,0,False,True,True,True
A2,after_extract,10,gt,0,0.0,6,1559,0,0,0,False,False,0,1640,0,0,False,True,True,True
A2,after_extract,10,gt,0,0.0,7,1354,0,0,0,False,False,0,1435,0,0,False,True,True,True
A2,after_extract,10,gt,0,0.0,8,1451,0,0,0,False,False,0,1520,0,0,False,True,True,True
A2,after_extract,10,gt,0,0.0,9,1517,0,0,0,False,False,0,1638,0,0,False,True,True,True
A2,after_extract,15,gt,0,0.0,0,1522,0,0,0,False,False,0,1581,0,0,False,True,True,True
A2,after_extract,15,gt,0,0.0,1,1537,0,0,0,False,False,0,1616,0,0,False,True,True,True
A2,after_extract,15,gt,0,0.0,2,1403,0,0,0,False,False,0,1474,0,0,False,True,True,True
A2,after_extract,15,gt,0,0.0,3,1459,0,0,0,False,False,0,1529,0,0,False,True,True,True
A2,after_extract,15,gt,0,0.0,4,1387,0,0,0,False,False,0,1461,0,0,False,True,True,True
A2,after_extract,15,gt,0,0.0,5,1566,0,0,0,False,False,0,1653,0,0,False,True,True,True
A2,after_extract,15,gt,0,0.0,6,1559,0,0,0,False,False,0,1632,0,0,False,True,True,True
A2,after_extract,15,gt,0,0.0,7,1354,0,0,0,False,False,0,1437,0,0,False,True,True,True
A2,after_extract,15,gt,0,0.0,8,1451,0,0,0,False,False,0,1548,0,0,False,True,True,True
A2,after_extract,15,gt,0,0.0,9,1517,0,0,0,False,False,0,1575,0,0,False,True,True,True
A2,after_extract,20,gt,0,0.0,0,1522,0,0,0,False,False,0,1579,0,0,False,True,True,True
A2,after_extract,20,gt,0,0.0,1,1537,0,0,0,False,False,0,1634,0,0,False,True,True,True
A2,after_extract,20,gt,0,0.0,2,1403,0,0,0,False,False,0,1479,0,0,False,True,True,True
A2,after_extract,20,gt,0,0.0,3,1459,0,0,0,False,False,0,1537,0,0,False,True,True,True
A2,after_extract,20,gt,0,0.0,4,1387,0,0,0,False,False,0,1463,0,0,False,True,True,True
A2,after_extract,20,gt,0,0.0,5,1566,0,0,0,False,False,0,1624,0,0,False,True,True,True
A2,after_extract,20,gt,0,0.0,6,1559,0,0,0,False,False,0,1678,0,0,False,True,True,True
A2,after_extract,20,gt,0,0.0,7,1354,0,0,0,False,False,0,1439,0,0,False,True,True,True
A2,after_extract,20,gt,0,0.0,8,1451,0,0,0,False,False,0,1524,0,0,False,True,True,True
A2,after_extract,20,gt,0,0.0,9,1517,0,0,0,False,False,0,1584,0,0,False,True,True,True
A2,after_wm_commit,2,gt,0,0.0,0,1522,72,0,0,False,False,0,1522,0,0,False,True,False,True
A2,after_wm_commit,2,gt,0,0.0,1,1537,84,0,0,False,False,0,1537,0,0,False,True,False,True
A2,after_wm_commit,2,gt,0,0.0,2,1403,39,0,0,False,False,0,1403,0,0,False,True,False,True
A2,after_wm_commit,2,gt,0,0.0,3,1459,60,0,0,False,False,0,1459,0,0,False,True,False,True
A2,after_wm_commit,2,gt,0,0.0,4,1387,80,0,0,False,False,0,1387,0,0,False,True,False,True
A2,after_wm_commit,2,gt,0,0.0,5,1566,81,0,0,False,False,0,1566,0,0,False,True,False,True
A2,after_wm_commit,2,gt,0,0.0,6,1559,64,0,0,False,False,0,1559,0,0,False,True,False,True
A2,after_wm_commit,2,gt,0,0.0,7,1354,64,0,0,False,False,0,1354,0,0,False,True,False,True
A2,after_wm_commit,2,gt,0,0.0,8,1451,97,0,0,False,False,0,1451,0,0,False,True,False,True
A2,after_wm_commit,2,gt,0,0.0,9,1517,47,0,0,False,False,0,1517,0,0,False,True,False,True
A2,after_wm_commit,5,gt,0,0.0,0,1522,71,0,0,False,False,0,1522,0,0,False,True,False,True
A2,after_wm_commit,5,gt,0,0.0,1,1537,48,0,0,False,False,0,1537,0,0,False,True,False,True
A2,after_wm_commit,5,gt,0,0.0,2,1403,80,0,0,False,False,0,1403,0,0,False,True,False,True
A2,after_wm_commit,5,gt,0,0.0,3,1459,85,0,0,False,False,0,1459,0,0,False,True,False,True
A2,after_wm_commit,5,gt,0,0.0,4,1387,49,0,0,False,False,0,1387,0,0,False,True,False,True
A2,after_wm_commit,5,gt,0,0.0,5,1566,65,0,0,False,False,0,1566,0,0,False,True,False,True
A2,after_wm_commit,5,gt,0,0.0,6,1559,67,0,0,False,False,0,1559,0,0,False,True,False,True
A2,after_wm_commit,5,gt,0,0.0,7,1354,69,0,0,False,False,0,1354,0,0,False,True,False,True
A2,after_wm_commit,5,gt,0,0.0,8,1451,84,0,0,False,False,0,1451,0,0,False,True,False,True
A2,after_wm_commit,5,gt,0,0.0,9,1517,88,0,0,False,False,0,1517,0,0,False,True,False,True
A2,after_wm_commit,10,gt,0,0.0,0,1522,106,0,0,False,False,0,1522,0,0,False,True,False,True
A2,after_wm_commit,10,gt,0,0.0,1,1537,70,0,0,False,False,0,1537,0,0,False,True,False,True
A2,after_wm_commit,10,gt,0,0.0,2,1403,73,0,0,False,False,0,1403,0,0,False,True,False,True
A2,after_wm_commit,10,gt,0,0.0,3,1459,52,0,0,False,False,0,1459,0,0,False,True,False,True
A2,after_wm_commit,10,gt,0,0.0,4,1387,88,0,0,False,False,0,1387,0,0,False,True,False,True
A2,after_wm_commit,10,gt,0,0.0,5,1566,80,0,0,False,False,0,1566,0,0,False,True,False,True
A2,after_wm_commit,10,gt,0,0.0,6,1559,81,0,0,False,False,0,1559,0,0,False,True,False,True
A2,after_wm_commit,10,gt,0,0.0,7,1354,81,0,0,False,False,0,1354,0,0,False,True,False,True
A2,after_wm_commit,10,gt,0,0.0,8,1451,69,0,0,False,False,0,1451,0,0,False,True,False,True
A2,after_wm_commit,10,gt,0,0.0,9,1517,121,0,0,False,False,0,1517,0,0,False,True,False,True
A2,after_wm_commit,15,gt,0,0.0,0,1522,59,0,0,False,False,0,1522,0,0,False,True,False,True
A2,after_wm_commit,15,gt,0,0.0,1,1537,79,0,0,False,False,0,1537,0,0,False,True,False,True
A2,after_wm_commit,15,gt,0,0.0,2,1403,71,0,0,False,False,0,1403,0,0,False,True,False,True
A2,after_wm_commit,15,gt,0,0.0,3,1459,70,0,0,False,False,0,1459,0,0,False,True,False,True
A2,after_wm_commit,15,gt,0,0.0,4,1387,74,0,0,False,False,0,1387,0,0,False,True,False,True
A2,after_wm_commit,15,gt,0,0.0,5,1566,87,0,0,False,False,0,1566,0,0,False,True,False,True
A2,after_wm_commit,15,gt,0,0.0,6,1559,73,0,0,False,False,0,1559,0,0,False,True,False,True
A2,after_wm_commit,15,gt,0,0.0,7,1354,83,0,0,False,False,0,1354,0,0,False,True,False,True
A2,after_wm_commit,15,gt,0,0.0,8,1451,97,0,0,False,False,0,1451,0,0,False,True,False,True
A2,after_wm_commit,15,gt,0,0.0,9,1517,58,0,0,False,False,0,1517,0,0,False,True,False,True
A2,after_wm_commit,20,gt,0,0.0,0,1522,57,0,0,False,False,0,1522,0,0,False,True,False,True
A2,after_wm_commit,20,gt,0,0.0,1,1537,97,0,0,False,False,0,1537,0,0,False,True,False,True
A2,after_wm_commit,20,gt,0,0.0,2,1403,76,0,0,False,False,0,1403,0,0,False,True,False,True
A2,after_wm_commit,20,gt,0,0.0,3,1459,78,0,0,False,False,0,1459,0,0,False,True,False,True
A2,after_wm_commit,20,gt,0,0.0,4,1387,76,0,0,False,False,0,1387,0,0,False,True,False,True
A2,after_wm_commit,20,gt,0,0.0,5,1566,58,0,0,False,False,0,1566,0,0,False,True,False,True
A2,after_wm_commit,20,gt,0,0.0,6,1559,119,0,0,False,False,0,1559,0,0,False,True,False,True
A2,after_wm_commit,20,gt,0,0.0,7,1354,85,0,0,False,False,0,1354,0,0,False,True,False,True
A2,after_wm_commit,20,gt,0,0.0,8,1451,73,0,0,False,False,0,1451,0,0,False,True,False,True
A2,after_wm_commit,20,gt,0,0.0,9,1517,67,0,0,False,False,0,1517,0,0,False,True,False,True
A2,mid_data_txn,2,gt,0,0.0,0,1522,72,0,0,False,False,0,1522,0,0,False,True,False,True
A2,mid_data_txn,2,gt,0,0.0,1,1537,84,0,0,False,False,0,1537,0,0,False,True,False,True
A2,mid_data_txn,2,gt,0,0.0,2,1403,39,0,0,False,False,0,1403,0,0,False,True,False,True
A2,mid_data_txn,2,gt,0,0.0,3,1459,60,0,0,False,False,0,1459,0,0,False,True,False,True
A2,mid_data_txn,2,gt,0,0.0,4,1387,80,0,0,False,False,0,1387,0,0,False,True,False,True
A2,mid_data_txn,2,gt,0,0.0,5,1566,81,0,0,False,False,0,1566,0,0,False,True,False,True
A2,mid_data_txn,2,gt,0,0.0,6,1559,64,0,0,False,False,0,1559,0,0,False,True,False,True
A2,mid_data_txn,2,gt,0,0.0,7,1354,64,0,0,False,False,0,1354,0,0,False,True,False,True
A2,mid_data_txn,2,gt,0,0.0,8,1451,97,0,0,False,False,0,1451,0,0,False,True,False,True
A2,mid_data_txn,2,gt,0,0.0,9,1517,47,0,0,False,False,0,1517,0,0,False,True,False,True
A2,mid_data_txn,5,gt,0,0.0,0,1522,71,0,0,False,False,0,1522,0,0,False,True,False,True
A2,mid_data_txn,5,gt,0,0.0,1,1537,48,0,0,False,False,0,1537,0,0,False,True,False,True
A2,mid_data_txn,5,gt,0,0.0,2,1403,80,0,0,False,False,0,1403,0,0,False,True,False,True
A2,mid_data_txn,5,gt,0,0.0,3,1459,85,0,0,False,False,0,1459,0,0,False,True,False,True
A2,mid_data_txn,5,gt,0,0.0,4,1387,49,0,0,False,False,0,1387,0,0,False,True,False,True
A2,mid_data_txn,5,gt,0,0.0,5,1566,65,0,0,False,False,0,1566,0,0,False,True,False,True
A2,mid_data_txn,5,gt,0,0.0,6,1559,67,0,0,False,False,0,1559,0,0,False,True,False,True
A2,mid_data_txn,5,gt,0,0.0,7,1354,69,0,0,False,False,0,1354,0,0,False,True,False,True
A2,mid_data_txn,5,gt,0,0.0,8,1451,84,0,0,False,False,0,1451,0,0,False,True,False,True
A2,mid_data_txn,5,gt,0,0.0,9,1517,88,0,0,False,False,0,1517,0,0,False,True,False,True
A2,mid_data_txn,10,gt,0,0.0,0,1522,106,0,0,False,False,0,1522,0,0,False,True,False,True
A2,mid_data_txn,10,gt,0,0.0,1,1537,70,0,0,False,False,0,1537,0,0,False,True,False,True
A2,mid_data_txn,10,gt,0,0.0,2,1403,73,0,0,False,False,0,1403,0,0,False,True,False,True
A2,mid_data_txn,10,gt,0,0.0,3,1459,52,0,0,False,False,0,1459,0,0,False,True,False,True
A2,mid_data_txn,10,gt,0,0.0,4,1387,88,0,0,False,False,0,1387,0,0,False,True,False,True
A2,mid_data_txn,10,gt,0,0.0,5,1566,80,0,0,False,False,0,1566,0,0,False,True,False,True
A2,mid_data_txn,10,gt,0,0.0,6,1559,81,0,0,False,False,0,1559,0,0,False,True,False,True
A2,mid_data_txn,10,gt,0,0.0,7,1354,81,0,0,False,False,0,1354,0,0,False,True,False,True
A2,mid_data_txn,10,gt,0,0.0,8,1451,69,0,0,False,False,0,1451,0,0,False,True,False,True
A2,mid_data_txn,10,gt,0,0.0,9,1517,121,0,0,False,False,0,1517,0,0,False,True,False,True
A2,mid_data_txn,15,gt,0,0.0,0,1522,59,0,0,False,False,0,1522,0,0,False,True,False,True
A2,mid_data_txn,15,gt,0,0.0,1,1537,79,0,0,False,False,0,1537,0,0,False,True,False,True
A2,mid_data_txn,15,gt,0,0.0,2,1403,71,0,0,False,False,0,1403,0,0,False,True,False,True
A2,mid_data_txn,15,gt,0,0.0,3,1459,70,0,0,False,False,0,1459,0,0,False,True,False,True
A2,mid_data_txn,15,gt,0,0.0,4,1387,74,0,0,False,False,0,1387,0,0,False,True,False,True
A2,mid_data_txn,15,gt,0,0.0,5,1566,87,0,0,False,False,0,1566,0,0,False,True,False,True
A2,mid_data_txn,15,gt,0,0.0,6,1559,73,0,0,False,False,0,1559,0,0,False,True,False,True
A2,mid_data_txn,15,gt,0,0.0,7,1354,83,0,0,False,False,0,1354,0,0,False,True,False,True
A2,mid_data_txn,15,gt,0,0.0,8,1451,97,0,0,False,False,0,1451,0,0,False,True,False,True
A2,mid_data_txn,15,gt,0,0.0,9,1517,58,0,0,False,False,0,1517,0,0,False,True,False,True
A2,mid_data_txn,20,gt,0,0.0,0,1522,57,0,0,False,False,0,1522,0,0,False,True,False,True
A2,mid_data_txn,20,gt,0,0.0,1,1537,97,0,0,False,False,0,1537,0,0,False,True,False,True
A2,mid_data_txn,20,gt,0,0.0,2,1403,76,0,0,False,False,0,1403,0,0,False,True,False,True
A2,mid_data_txn,20,gt,0,0.0,3,1459,78,0,0,False,False,0,1459,0,0,False,True,False,True
A2,mid_data_txn,20,gt,0,0.0,4,1387,76,0,0,False,False,0,1387,0,0,False,True,False,True
A2,mid_data_txn,20,gt,0,0.0,5,1566,58,0,0,False,False,0,1566,0,0,False,True,False,True
A2,mid_data_txn,20,gt,0,0.0,6,1559,119,0,0,False,False,0,1559,0,0,False,True,False,True
A2,mid_data_txn,20,gt,0,0.0,7,1354,85,0,0,False,False,0,1354,0,0,False,True,False,True
A2,mid_data_txn,20,gt,0,0.0,8,1451,73,0,0,False,False,0,1451,0,0,False,True,False,True
A2,mid_data_txn,20,gt,0,0.0,9,1517,67,0,0,False,False,0,1517,0,0,False,True,False,True
A2,after_data_commit,2,gt,0,0.0,0,1522,0,0,0,False,False,0,1522,0,0,False,True,True,True
A2,after_data_commit,2,gt,0,0.0,1,1537,0,0,0,False,False,0,1537,0,0,False,True,True,True
A2,after_data_commit,2,gt,0,0.0,2,1403,0,0,0,False,False,0,1403,0,0,False,True,True,True
A2,after_data_commit,2,gt,0,0.0,3,1459,0,0,0,False,False,0,1459,0,0,False,True,True,True
A2,after_data_commit,2,gt,0,0.0,4,1387,0,0,0,False,False,0,1387,0,0,False,True,True,True
A2,after_data_commit,2,gt,0,0.0,5,1566,0,0,0,False,False,0,1566,0,0,False,True,True,True
A2,after_data_commit,2,gt,0,0.0,6,1559,0,0,0,False,False,0,1559,0,0,False,True,True,True
A2,after_data_commit,2,gt,0,0.0,7,1354,0,0,0,False,False,0,1354,0,0,False,True,True,True
A2,after_data_commit,2,gt,0,0.0,8,1451,0,0,0,False,False,0,1451,0,0,False,True,True,True
A2,after_data_commit,2,gt,0,0.0,9,1517,0,0,0,False,False,0,1517,0,0,False,True,True,True
A2,after_data_commit,5,gt,0,0.0,0,1522,0,0,0,False,False,0,1522,0,0,False,True,True,True
A2,after_data_commit,5,gt,0,0.0,1,1537,0,0,0,False,False,0,1537,0,0,False,True,True,True
A2,after_data_commit,5,gt,0,0.0,2,1403,0,0,0,False,False,0,1403,0,0,False,True,True,True
A2,after_data_commit,5,gt,0,0.0,3,1459,0,0,0,False,False,0,1459,0,0,False,True,True,True
A2,after_data_commit,5,gt,0,0.0,4,1387,0,0,0,False,False,0,1387,0,0,False,True,True,True
A2,after_data_commit,5,gt,0,0.0,5,1566,0,0,0,False,False,0,1566,0,0,False,True,True,True
A2,after_data_commit,5,gt,0,0.0,6,1559,0,0,0,False,False,0,1559,0,0,False,True,True,True
A2,after_data_commit,5,gt,0,0.0,7,1354,0,0,0,False,False,0,1354,0,0,False,True,True,True
A2,after_data_commit,5,gt,0,0.0,8,1451,0,0,0,False,False,0,1451,0,0,False,True,True,True
A2,after_data_commit,5,gt,0,0.0,9,1517,0,0,0,False,False,0,1517,0,0,False,True,True,True
A2,after_data_commit,10,gt,0,0.0,0,1522,0,0,0,False,False,0,1522,0,0,False,True,True,True
A2,after_data_commit,10,gt,0,0.0,1,1537,0,0,0,False,False,0,1537,0,0,False,True,True,True
A2,after_data_commit,10,gt,0,0.0,2,1403,0,0,0,False,False,0,1403,0,0,False,True,True,True
A2,after_data_commit,10,gt,0,0.0,3,1459,0,0,0,False,False,0,1459,0,0,False,True,True,True
A2,after_data_commit,10,gt,0,0.0,4,1387,0,0,0,False,False,0,1387,0,0,False,True,True,True
A2,after_data_commit,10,gt,0,0.0,5,1566,0,0,0,False,False,0,1566,0,0,False,True,True,True
A2,after_data_commit,10,gt,0,0.0,6,1559,0,0,0,False,False,0,1559,0,0,False,True,True,True
A2,after_data_commit,10,gt,0,0.0,7,1354,0,0,0,False,False,0,1354,0,0,False,True,True,True
A2,after_data_commit,10,gt,0,0.0,8,1451,0,0,0,False,False,0,1451,0,0,False,True,True,True
A2,after_data_commit,10,gt,0,0.0,9,1517,0,0,0,False,False,0,1517,0,0,False,True,True,True
A2,after_data_commit,15,gt,0,0.0,0,1522,0,0,0,False,False,0,1522,0,0,False,True,True,True
A2,after_data_commit,15,gt,0,0.0,1,1537,0,0,0,False,False,0,1537,0,0,False,True,True,True
A2,after_data_commit,15,gt,0,0.0,2,1403,0,0,0,False,False,0,1403,0,0,False,True,True,True
A2,after_data_commit,15,gt,0,0.0,3,1459,0,0,0,False,False,0,1459,0,0,False,True,True,True
A2,after_data_commit,15,gt,0,0.0,4,1387,0,0,0,False,False,0,1387,0,0,False,True,True,True
A2,after_data_commit,15,gt,0,0.0,5,1566,0,0,0,False,False,0,1566,0,0,False,True,True,True
A2,after_data_commit,15,gt,0,0.0,6,1559,0,0,0,False,False,0,1559,0,0,False,True,True,True
A2,after_data_commit,15,gt,0,0.0,7,1354,0,0,0,False,False,0,1354,0,0,False,True,True,True
A2,after_data_commit,15,gt,0,0.0,8,1451,0,0,0,False,False,0,1451,0,0,False,True,True,True
A2,after_data_commit,15,gt,0,0.0,9,1517,0,0,0,False,False,0,1517,0,0,False,True,True,True
A2,after_data_commit,20,gt,0,0.0,0,1522,0,0,0,False,False,0,1522,0,0,False,True,True,True
A2,after_data_commit,20,gt,0,0.0,1,1537,0,0,0,False,False,0,1537,0,0,False,True,True,True
A2,after_data_commit,20,gt,0,0.0,2,1403,0,0,0,False,False,0,1403,0,0,False,True,True,True
A2,after_data_commit,20,gt,0,0.0,3,1459,0,0,0,False,False,0,1459,0,0,False,True,True,True
A2,after_data_commit,20,gt,0,0.0,4,1387,0,0,0,False,False,0,1387,0,0,False,True,True,True
A2,after_data_commit,20,gt,0,0.0,5,1566,0,0,0,False,False,0,1566,0,0,False,True,True,True
A2,after_data_commit,20,gt,0,0.0,6,1559,0,0,0,False,False,0,1559,0,0,False,True,True,True
A2,after_data_commit,20,gt,0,0.0,7,1354,0,0,0,False,False,0,1354,0,0,False,True,True,True
A2,after_data_commit,20,gt,0,0.0,8,1451,0,0,0,False,False,0,1451,0,0,False,True,True,True
A2,after_data_commit,20,gt,0,0.0,9,1517,0,0,0,False,False,0,1517,0,0,False,True,True,True
A3,after_extract,2,gt,0,0.0,0,1522,0,0,0,False,False,0,1594,0,0,False,True,True,True
A3,after_extract,2,gt,0,0.0,1,1537,0,0,0,False,False,0,1621,0,0,False,True,True,True
A3,after_extract,2,gt,0,0.0,2,1403,0,0,0,False,False,0,1442,0,0,False,True,True,True
A3,after_extract,2,gt,0,0.0,3,1459,0,0,0,False,False,0,1519,0,0,False,True,True,True
A3,after_extract,2,gt,0,0.0,4,1387,0,0,0,False,False,0,1467,0,0,False,True,True,True
A3,after_extract,2,gt,0,0.0,5,1566,0,0,0,False,False,0,1647,0,0,False,True,True,True
A3,after_extract,2,gt,0,0.0,6,1559,0,0,0,False,False,0,1623,0,0,False,True,True,True
A3,after_extract,2,gt,0,0.0,7,1354,0,0,0,False,False,0,1418,0,0,False,True,True,True
A3,after_extract,2,gt,0,0.0,8,1451,0,0,0,False,False,0,1548,0,0,False,True,True,True
A3,after_extract,2,gt,0,0.0,9,1517,0,0,0,False,False,0,1564,0,0,False,True,True,True
A3,after_extract,5,gt,0,0.0,0,1522,0,0,0,False,False,0,1593,0,0,False,True,True,True
A3,after_extract,5,gt,0,0.0,1,1537,0,0,0,False,False,0,1585,0,0,False,True,True,True
A3,after_extract,5,gt,0,0.0,2,1403,0,0,0,False,False,0,1483,0,0,False,True,True,True
A3,after_extract,5,gt,0,0.0,3,1459,0,0,0,False,False,0,1544,0,0,False,True,True,True
A3,after_extract,5,gt,0,0.0,4,1387,0,0,0,False,False,0,1436,0,0,False,True,True,True
A3,after_extract,5,gt,0,0.0,5,1566,0,0,0,False,False,0,1631,0,0,False,True,True,True
A3,after_extract,5,gt,0,0.0,6,1559,0,0,0,False,False,0,1626,0,0,False,True,True,True
A3,after_extract,5,gt,0,0.0,7,1354,0,0,0,False,False,0,1423,0,0,False,True,True,True
A3,after_extract,5,gt,0,0.0,8,1451,0,0,0,False,False,0,1535,0,0,False,True,True,True
A3,after_extract,5,gt,0,0.0,9,1517,0,0,0,False,False,0,1605,0,0,False,True,True,True
A3,after_extract,10,gt,0,0.0,0,1522,0,0,0,False,False,0,1628,0,0,False,True,True,True
A3,after_extract,10,gt,0,0.0,1,1537,0,0,0,False,False,0,1607,0,0,False,True,True,True
A3,after_extract,10,gt,0,0.0,2,1403,0,0,0,False,False,0,1476,0,0,False,True,True,True
A3,after_extract,10,gt,0,0.0,3,1459,0,0,0,False,False,0,1511,0,0,False,True,True,True
A3,after_extract,10,gt,0,0.0,4,1387,0,0,0,False,False,0,1475,0,0,False,True,True,True
A3,after_extract,10,gt,0,0.0,5,1566,0,0,0,False,False,0,1646,0,0,False,True,True,True
A3,after_extract,10,gt,0,0.0,6,1559,0,0,0,False,False,0,1640,0,0,False,True,True,True
A3,after_extract,10,gt,0,0.0,7,1354,0,0,0,False,False,0,1435,0,0,False,True,True,True
A3,after_extract,10,gt,0,0.0,8,1451,0,0,0,False,False,0,1520,0,0,False,True,True,True
A3,after_extract,10,gt,0,0.0,9,1517,0,0,0,False,False,0,1638,0,0,False,True,True,True
A3,after_extract,15,gt,0,0.0,0,1522,0,0,0,False,False,0,1581,0,0,False,True,True,True
A3,after_extract,15,gt,0,0.0,1,1537,0,0,0,False,False,0,1616,0,0,False,True,True,True
A3,after_extract,15,gt,0,0.0,2,1403,0,0,0,False,False,0,1474,0,0,False,True,True,True
A3,after_extract,15,gt,0,0.0,3,1459,0,0,0,False,False,0,1529,0,0,False,True,True,True
A3,after_extract,15,gt,0,0.0,4,1387,0,0,0,False,False,0,1461,0,0,False,True,True,True
A3,after_extract,15,gt,0,0.0,5,1566,0,0,0,False,False,0,1653,0,0,False,True,True,True
A3,after_extract,15,gt,0,0.0,6,1559,0,0,0,False,False,0,1632,0,0,False,True,True,True
A3,after_extract,15,gt,0,0.0,7,1354,0,0,0,False,False,0,1437,0,0,False,True,True,True
A3,after_extract,15,gt,0,0.0,8,1451,0,0,0,False,False,0,1548,0,0,False,True,True,True
A3,after_extract,15,gt,0,0.0,9,1517,0,0,0,False,False,0,1575,0,0,False,True,True,True
A3,after_extract,20,gt,0,0.0,0,1522,0,0,0,False,False,0,1579,0,0,False,True,True,True
A3,after_extract,20,gt,0,0.0,1,1537,0,0,0,False,False,0,1634,0,0,False,True,True,True
A3,after_extract,20,gt,0,0.0,2,1403,0,0,0,False,False,0,1479,0,0,False,True,True,True
A3,after_extract,20,gt,0,0.0,3,1459,0,0,0,False,False,0,1537,0,0,False,True,True,True
A3,after_extract,20,gt,0,0.0,4,1387,0,0,0,False,False,0,1463,0,0,False,True,True,True
A3,after_extract,20,gt,0,0.0,5,1566,0,0,0,False,False,0,1624,0,0,False,True,True,True
A3,after_extract,20,gt,0,0.0,6,1559,0,0,0,False,False,0,1678,0,0,False,True,True,True
A3,after_extract,20,gt,0,0.0,7,1354,0,0,0,False,False,0,1439,0,0,False,True,True,True
A3,after_extract,20,gt,0,0.0,8,1451,0,0,0,False,False,0,1524,0,0,False,True,True,True
A3,after_extract,20,gt,0,0.0,9,1517,0,0,0,False,False,0,1584,0,0,False,True,True,True
A3,mid_data_txn,2,gt,0,0.0,0,1522,0,0,0,False,False,0,1594,0,0,False,True,True,True
A3,mid_data_txn,2,gt,0,0.0,1,1537,0,0,0,False,False,0,1621,0,0,False,True,True,True
A3,mid_data_txn,2,gt,0,0.0,2,1403,0,0,0,False,False,0,1442,0,0,False,True,True,True
A3,mid_data_txn,2,gt,0,0.0,3,1459,0,0,0,False,False,0,1519,0,0,False,True,True,True
A3,mid_data_txn,2,gt,0,0.0,4,1387,0,0,0,False,False,0,1467,0,0,False,True,True,True
A3,mid_data_txn,2,gt,0,0.0,5,1566,0,0,0,False,False,0,1647,0,0,False,True,True,True
A3,mid_data_txn,2,gt,0,0.0,6,1559,0,0,0,False,False,0,1623,0,0,False,True,True,True
A3,mid_data_txn,2,gt,0,0.0,7,1354,0,0,0,False,False,0,1418,0,0,False,True,True,True
A3,mid_data_txn,2,gt,0,0.0,8,1451,0,0,0,False,False,0,1548,0,0,False,True,True,True
A3,mid_data_txn,2,gt,0,0.0,9,1517,0,0,0,False,False,0,1564,0,0,False,True,True,True
A3,mid_data_txn,5,gt,0,0.0,0,1522,0,0,0,False,False,0,1593,0,0,False,True,True,True
A3,mid_data_txn,5,gt,0,0.0,1,1537,0,0,0,False,False,0,1585,0,0,False,True,True,True
A3,mid_data_txn,5,gt,0,0.0,2,1403,0,0,0,False,False,0,1483,0,0,False,True,True,True
A3,mid_data_txn,5,gt,0,0.0,3,1459,0,0,0,False,False,0,1544,0,0,False,True,True,True
A3,mid_data_txn,5,gt,0,0.0,4,1387,0,0,0,False,False,0,1436,0,0,False,True,True,True
A3,mid_data_txn,5,gt,0,0.0,5,1566,0,0,0,False,False,0,1631,0,0,False,True,True,True
A3,mid_data_txn,5,gt,0,0.0,6,1559,0,0,0,False,False,0,1626,0,0,False,True,True,True
A3,mid_data_txn,5,gt,0,0.0,7,1354,0,0,0,False,False,0,1423,0,0,False,True,True,True
A3,mid_data_txn,5,gt,0,0.0,8,1451,0,0,0,False,False,0,1535,0,0,False,True,True,True
A3,mid_data_txn,5,gt,0,0.0,9,1517,0,0,0,False,False,0,1605,0,0,False,True,True,True
A3,mid_data_txn,10,gt,0,0.0,0,1522,0,0,0,False,False,0,1628,0,0,False,True,True,True
A3,mid_data_txn,10,gt,0,0.0,1,1537,0,0,0,False,False,0,1607,0,0,False,True,True,True
A3,mid_data_txn,10,gt,0,0.0,2,1403,0,0,0,False,False,0,1476,0,0,False,True,True,True
A3,mid_data_txn,10,gt,0,0.0,3,1459,0,0,0,False,False,0,1511,0,0,False,True,True,True
A3,mid_data_txn,10,gt,0,0.0,4,1387,0,0,0,False,False,0,1475,0,0,False,True,True,True
A3,mid_data_txn,10,gt,0,0.0,5,1566,0,0,0,False,False,0,1646,0,0,False,True,True,True
A3,mid_data_txn,10,gt,0,0.0,6,1559,0,0,0,False,False,0,1640,0,0,False,True,True,True
A3,mid_data_txn,10,gt,0,0.0,7,1354,0,0,0,False,False,0,1435,0,0,False,True,True,True
A3,mid_data_txn,10,gt,0,0.0,8,1451,0,0,0,False,False,0,1520,0,0,False,True,True,True
A3,mid_data_txn,10,gt,0,0.0,9,1517,0,0,0,False,False,0,1638,0,0,False,True,True,True
A3,mid_data_txn,15,gt,0,0.0,0,1522,0,0,0,False,False,0,1581,0,0,False,True,True,True
A3,mid_data_txn,15,gt,0,0.0,1,1537,0,0,0,False,False,0,1616,0,0,False,True,True,True
A3,mid_data_txn,15,gt,0,0.0,2,1403,0,0,0,False,False,0,1474,0,0,False,True,True,True
A3,mid_data_txn,15,gt,0,0.0,3,1459,0,0,0,False,False,0,1529,0,0,False,True,True,True
A3,mid_data_txn,15,gt,0,0.0,4,1387,0,0,0,False,False,0,1461,0,0,False,True,True,True
A3,mid_data_txn,15,gt,0,0.0,5,1566,0,0,0,False,False,0,1653,0,0,False,True,True,True
A3,mid_data_txn,15,gt,0,0.0,6,1559,0,0,0,False,False,0,1632,0,0,False,True,True,True
A3,mid_data_txn,15,gt,0,0.0,7,1354,0,0,0,False,False,0,1437,0,0,False,True,True,True
A3,mid_data_txn,15,gt,0,0.0,8,1451,0,0,0,False,False,0,1548,0,0,False,True,True,True
A3,mid_data_txn,15,gt,0,0.0,9,1517,0,0,0,False,False,0,1575,0,0,False,True,True,True
A3,mid_data_txn,20,gt,0,0.0,0,1522,0,0,0,False,False,0,1579,0,0,False,True,True,True
A3,mid_data_txn,20,gt,0,0.0,1,1537,0,0,0,False,False,0,1634,0,0,False,True,True,True
A3,mid_data_txn,20,gt,0,0.0,2,1403,0,0,0,False,False,0,1479,0,0,False,True,True,True
A3,mid_data_txn,20,gt,0,0.0,3,1459,0,0,0,False,False,0,1537,0,0,False,True,True,True
A3,mid_data_txn,20,gt,0,0.0,4,1387,0,0,0,False,False,0,1463,0,0,False,True,True,True
A3,mid_data_txn,20,gt,0,0.0,5,1566,0,0,0,False,False,0,1624,0,0,False,True,True,True
A3,mid_data_txn,20,gt,0,0.0,6,1559,0,0,0,False,False,0,1678,0,0,False,True,True,True
A3,mid_data_txn,20,gt,0,0.0,7,1354,0,0,0,False,False,0,1439,0,0,False,True,True,True
A3,mid_data_txn,20,gt,0,0.0,8,1451,0,0,0,False,False,0,1524,0,0,False,True,True,True
A3,mid_data_txn,20,gt,0,0.0,9,1517,0,0,0,False,False,0,1584,0,0,False,True,True,True
A3,after_data_commit,2,gt,0,0.0,0,1522,0,0,0,False,False,72,1594,0,0,False,True,True,True
A3,after_data_commit,2,gt,0,0.0,1,1537,0,0,0,False,False,84,1621,0,0,False,True,True,True
A3,after_data_commit,2,gt,0,0.0,2,1403,0,0,0,False,False,39,1442,0,0,False,True,True,True
A3,after_data_commit,2,gt,0,0.0,3,1459,0,0,0,False,False,60,1519,0,0,False,True,True,True
A3,after_data_commit,2,gt,0,0.0,4,1387,0,0,0,False,False,80,1467,0,0,False,True,True,True
A3,after_data_commit,2,gt,0,0.0,5,1566,0,0,0,False,False,81,1647,0,0,False,True,True,True
A3,after_data_commit,2,gt,0,0.0,6,1559,0,0,0,False,False,64,1623,0,0,False,True,True,True
A3,after_data_commit,2,gt,0,0.0,7,1354,0,0,0,False,False,64,1418,0,0,False,True,True,True
A3,after_data_commit,2,gt,0,0.0,8,1451,0,0,0,False,False,97,1548,0,0,False,True,True,True
A3,after_data_commit,2,gt,0,0.0,9,1517,0,0,0,False,False,47,1564,0,0,False,True,True,True
A3,after_data_commit,5,gt,0,0.0,0,1522,0,0,0,False,False,71,1593,0,0,False,True,True,True
A3,after_data_commit,5,gt,0,0.0,1,1537,0,0,0,False,False,48,1585,0,0,False,True,True,True
A3,after_data_commit,5,gt,0,0.0,2,1403,0,0,0,False,False,80,1483,0,0,False,True,True,True
A3,after_data_commit,5,gt,0,0.0,3,1459,0,0,0,False,False,85,1544,0,0,False,True,True,True
A3,after_data_commit,5,gt,0,0.0,4,1387,0,0,0,False,False,49,1436,0,0,False,True,True,True
A3,after_data_commit,5,gt,0,0.0,5,1566,0,0,0,False,False,65,1631,0,0,False,True,True,True
A3,after_data_commit,5,gt,0,0.0,6,1559,0,0,0,False,False,67,1626,0,0,False,True,True,True
A3,after_data_commit,5,gt,0,0.0,7,1354,0,0,0,False,False,69,1423,0,0,False,True,True,True
A3,after_data_commit,5,gt,0,0.0,8,1451,0,0,0,False,False,84,1535,0,0,False,True,True,True
A3,after_data_commit,5,gt,0,0.0,9,1517,0,0,0,False,False,88,1605,0,0,False,True,True,True
A3,after_data_commit,10,gt,0,0.0,0,1522,0,0,0,False,False,106,1628,0,0,False,True,True,True
A3,after_data_commit,10,gt,0,0.0,1,1537,0,0,0,False,False,70,1607,0,0,False,True,True,True
A3,after_data_commit,10,gt,0,0.0,2,1403,0,0,0,False,False,73,1476,0,0,False,True,True,True
A3,after_data_commit,10,gt,0,0.0,3,1459,0,0,0,False,False,52,1511,0,0,False,True,True,True
A3,after_data_commit,10,gt,0,0.0,4,1387,0,0,0,False,False,88,1475,0,0,False,True,True,True
A3,after_data_commit,10,gt,0,0.0,5,1566,0,0,0,False,False,80,1646,0,0,False,True,True,True
A3,after_data_commit,10,gt,0,0.0,6,1559,0,0,0,False,False,81,1640,0,0,False,True,True,True
A3,after_data_commit,10,gt,0,0.0,7,1354,0,0,0,False,False,81,1435,0,0,False,True,True,True
A3,after_data_commit,10,gt,0,0.0,8,1451,0,0,0,False,False,69,1520,0,0,False,True,True,True
A3,after_data_commit,10,gt,0,0.0,9,1517,0,0,0,False,False,121,1638,0,0,False,True,True,True
A3,after_data_commit,15,gt,0,0.0,0,1522,0,0,0,False,False,59,1581,0,0,False,True,True,True
A3,after_data_commit,15,gt,0,0.0,1,1537,0,0,0,False,False,79,1616,0,0,False,True,True,True
A3,after_data_commit,15,gt,0,0.0,2,1403,0,0,0,False,False,71,1474,0,0,False,True,True,True
A3,after_data_commit,15,gt,0,0.0,3,1459,0,0,0,False,False,70,1529,0,0,False,True,True,True
A3,after_data_commit,15,gt,0,0.0,4,1387,0,0,0,False,False,74,1461,0,0,False,True,True,True
A3,after_data_commit,15,gt,0,0.0,5,1566,0,0,0,False,False,87,1653,0,0,False,True,True,True
A3,after_data_commit,15,gt,0,0.0,6,1559,0,0,0,False,False,73,1632,0,0,False,True,True,True
A3,after_data_commit,15,gt,0,0.0,7,1354,0,0,0,False,False,83,1437,0,0,False,True,True,True
A3,after_data_commit,15,gt,0,0.0,8,1451,0,0,0,False,False,97,1548,0,0,False,True,True,True
A3,after_data_commit,15,gt,0,0.0,9,1517,0,0,0,False,False,58,1575,0,0,False,True,True,True
A3,after_data_commit,20,gt,0,0.0,0,1522,0,0,0,False,False,57,1579,0,0,False,True,True,True
A3,after_data_commit,20,gt,0,0.0,1,1537,0,0,0,False,False,97,1634,0,0,False,True,True,True
A3,after_data_commit,20,gt,0,0.0,2,1403,0,0,0,False,False,76,1479,0,0,False,True,True,True
A3,after_data_commit,20,gt,0,0.0,3,1459,0,0,0,False,False,78,1537,0,0,False,True,True,True
A3,after_data_commit,20,gt,0,0.0,4,1387,0,0,0,False,False,76,1463,0,0,False,True,True,True
A3,after_data_commit,20,gt,0,0.0,5,1566,0,0,0,False,False,58,1624,0,0,False,True,True,True
A3,after_data_commit,20,gt,0,0.0,6,1559,0,0,0,False,False,119,1678,0,0,False,True,True,True
A3,after_data_commit,20,gt,0,0.0,7,1354,0,0,0,False,False,85,1439,0,0,False,True,True,True
A3,after_data_commit,20,gt,0,0.0,8,1451,0,0,0,False,False,73,1524,0,0,False,True,True,True
A3,after_data_commit,20,gt,0,0.0,9,1517,0,0,0,False,False,67,1584,0,0,False,True,True,True
A3,after_wm_commit,2,gt,0,0.0,0,1522,0,0,0,False,False,0,1522,0,0,False,True,True,True
A3,after_wm_commit,2,gt,0,0.0,1,1537,0,0,0,False,False,0,1537,0,0,False,True,True,True
A3,after_wm_commit,2,gt,0,0.0,2,1403,0,0,0,False,False,0,1403,0,0,False,True,True,True
A3,after_wm_commit,2,gt,0,0.0,3,1459,0,0,0,False,False,0,1459,0,0,False,True,True,True
A3,after_wm_commit,2,gt,0,0.0,4,1387,0,0,0,False,False,0,1387,0,0,False,True,True,True
A3,after_wm_commit,2,gt,0,0.0,5,1566,0,0,0,False,False,0,1566,0,0,False,True,True,True
A3,after_wm_commit,2,gt,0,0.0,6,1559,0,0,0,False,False,0,1559,0,0,False,True,True,True
A3,after_wm_commit,2,gt,0,0.0,7,1354,0,0,0,False,False,0,1354,0,0,False,True,True,True
A3,after_wm_commit,2,gt,0,0.0,8,1451,0,0,0,False,False,0,1451,0,0,False,True,True,True
A3,after_wm_commit,2,gt,0,0.0,9,1517,0,0,0,False,False,0,1517,0,0,False,True,True,True
A3,after_wm_commit,5,gt,0,0.0,0,1522,0,0,0,False,False,0,1522,0,0,False,True,True,True
A3,after_wm_commit,5,gt,0,0.0,1,1537,0,0,0,False,False,0,1537,0,0,False,True,True,True
A3,after_wm_commit,5,gt,0,0.0,2,1403,0,0,0,False,False,0,1403,0,0,False,True,True,True
A3,after_wm_commit,5,gt,0,0.0,3,1459,0,0,0,False,False,0,1459,0,0,False,True,True,True
A3,after_wm_commit,5,gt,0,0.0,4,1387,0,0,0,False,False,0,1387,0,0,False,True,True,True
A3,after_wm_commit,5,gt,0,0.0,5,1566,0,0,0,False,False,0,1566,0,0,False,True,True,True
A3,after_wm_commit,5,gt,0,0.0,6,1559,0,0,0,False,False,0,1559,0,0,False,True,True,True
A3,after_wm_commit,5,gt,0,0.0,7,1354,0,0,0,False,False,0,1354,0,0,False,True,True,True
A3,after_wm_commit,5,gt,0,0.0,8,1451,0,0,0,False,False,0,1451,0,0,False,True,True,True
A3,after_wm_commit,5,gt,0,0.0,9,1517,0,0,0,False,False,0,1517,0,0,False,True,True,True
A3,after_wm_commit,10,gt,0,0.0,0,1522,0,0,0,False,False,0,1522,0,0,False,True,True,True
A3,after_wm_commit,10,gt,0,0.0,1,1537,0,0,0,False,False,0,1537,0,0,False,True,True,True
A3,after_wm_commit,10,gt,0,0.0,2,1403,0,0,0,False,False,0,1403,0,0,False,True,True,True
A3,after_wm_commit,10,gt,0,0.0,3,1459,0,0,0,False,False,0,1459,0,0,False,True,True,True
A3,after_wm_commit,10,gt,0,0.0,4,1387,0,0,0,False,False,0,1387,0,0,False,True,True,True
A3,after_wm_commit,10,gt,0,0.0,5,1566,0,0,0,False,False,0,1566,0,0,False,True,True,True
A3,after_wm_commit,10,gt,0,0.0,6,1559,0,0,0,False,False,0,1559,0,0,False,True,True,True
A3,after_wm_commit,10,gt,0,0.0,7,1354,0,0,0,False,False,0,1354,0,0,False,True,True,True
A3,after_wm_commit,10,gt,0,0.0,8,1451,0,0,0,False,False,0,1451,0,0,False,True,True,True
A3,after_wm_commit,10,gt,0,0.0,9,1517,0,0,0,False,False,0,1517,0,0,False,True,True,True
A3,after_wm_commit,15,gt,0,0.0,0,1522,0,0,0,False,False,0,1522,0,0,False,True,True,True
A3,after_wm_commit,15,gt,0,0.0,1,1537,0,0,0,False,False,0,1537,0,0,False,True,True,True
A3,after_wm_commit,15,gt,0,0.0,2,1403,0,0,0,False,False,0,1403,0,0,False,True,True,True
A3,after_wm_commit,15,gt,0,0.0,3,1459,0,0,0,False,False,0,1459,0,0,False,True,True,True
A3,after_wm_commit,15,gt,0,0.0,4,1387,0,0,0,False,False,0,1387,0,0,False,True,True,True
A3,after_wm_commit,15,gt,0,0.0,5,1566,0,0,0,False,False,0,1566,0,0,False,True,True,True
A3,after_wm_commit,15,gt,0,0.0,6,1559,0,0,0,False,False,0,1559,0,0,False,True,True,True
A3,after_wm_commit,15,gt,0,0.0,7,1354,0,0,0,False,False,0,1354,0,0,False,True,True,True
A3,after_wm_commit,15,gt,0,0.0,8,1451,0,0,0,False,False,0,1451,0,0,False,True,True,True
A3,after_wm_commit,15,gt,0,0.0,9,1517,0,0,0,False,False,0,1517,0,0,False,True,True,True
A3,after_wm_commit,20,gt,0,0.0,0,1522,0,0,0,False,False,0,1522,0,0,False,True,True,True
A3,after_wm_commit,20,gt,0,0.0,1,1537,0,0,0,False,False,0,1537,0,0,False,True,True,True
A3,after_wm_commit,20,gt,0,0.0,2,1403,0,0,0,False,False,0,1403,0,0,False,True,True,True
A3,after_wm_commit,20,gt,0,0.0,3,1459,0,0,0,False,False,0,1459,0,0,False,True,True,True
A3,after_wm_commit,20,gt,0,0.0,4,1387,0,0,0,False,False,0,1387,0,0,False,True,True,True
A3,after_wm_commit,20,gt,0,0.0,5,1566,0,0,0,False,False,0,1566,0,0,False,True,True,True
A3,after_wm_commit,20,gt,0,0.0,6,1559,0,0,0,False,False,0,1559,0,0,False,True,True,True
A3,after_wm_commit,20,gt,0,0.0,7,1354,0,0,0,False,False,0,1354,0,0,False,True,True,True
A3,after_wm_commit,20,gt,0,0.0,8,1451,0,0,0,False,False,0,1451,0,0,False,True,True,True
A3,after_wm_commit,20,gt,0,0.0,9,1517,0,0,0,False,False,0,1517,0,0,False,True,True,True
A4,after_extract,2,gt,0,0.0,0,1522,0,0,0,False,False,0,1594,0,0,False,True,True,True
A4,after_extract,2,gt,0,0.0,1,1537,0,0,0,False,False,0,1621,0,0,False,True,True,True
A4,after_extract,2,gt,0,0.0,2,1403,0,0,0,False,False,0,1442,0,0,False,True,True,True
A4,after_extract,2,gt,0,0.0,3,1459,0,0,0,False,False,0,1519,0,0,False,True,True,True
A4,after_extract,2,gt,0,0.0,4,1387,0,0,0,False,False,0,1467,0,0,False,True,True,True
A4,after_extract,2,gt,0,0.0,5,1566,0,0,0,False,False,0,1647,0,0,False,True,True,True
A4,after_extract,2,gt,0,0.0,6,1559,0,0,0,False,False,0,1623,0,0,False,True,True,True
A4,after_extract,2,gt,0,0.0,7,1354,0,0,0,False,False,0,1418,0,0,False,True,True,True
A4,after_extract,2,gt,0,0.0,8,1451,0,0,0,False,False,0,1548,0,0,False,True,True,True
A4,after_extract,2,gt,0,0.0,9,1517,0,0,0,False,False,0,1564,0,0,False,True,True,True
A4,after_extract,5,gt,0,0.0,0,1522,0,0,0,False,False,0,1593,0,0,False,True,True,True
A4,after_extract,5,gt,0,0.0,1,1537,0,0,0,False,False,0,1585,0,0,False,True,True,True
A4,after_extract,5,gt,0,0.0,2,1403,0,0,0,False,False,0,1483,0,0,False,True,True,True
A4,after_extract,5,gt,0,0.0,3,1459,0,0,0,False,False,0,1544,0,0,False,True,True,True
A4,after_extract,5,gt,0,0.0,4,1387,0,0,0,False,False,0,1436,0,0,False,True,True,True
A4,after_extract,5,gt,0,0.0,5,1566,0,0,0,False,False,0,1631,0,0,False,True,True,True
A4,after_extract,5,gt,0,0.0,6,1559,0,0,0,False,False,0,1626,0,0,False,True,True,True
A4,after_extract,5,gt,0,0.0,7,1354,0,0,0,False,False,0,1423,0,0,False,True,True,True
A4,after_extract,5,gt,0,0.0,8,1451,0,0,0,False,False,0,1535,0,0,False,True,True,True
A4,after_extract,5,gt,0,0.0,9,1517,0,0,0,False,False,0,1605,0,0,False,True,True,True
A4,after_extract,10,gt,0,0.0,0,1522,0,0,0,False,False,0,1628,0,0,False,True,True,True
A4,after_extract,10,gt,0,0.0,1,1537,0,0,0,False,False,0,1607,0,0,False,True,True,True
A4,after_extract,10,gt,0,0.0,2,1403,0,0,0,False,False,0,1476,0,0,False,True,True,True
A4,after_extract,10,gt,0,0.0,3,1459,0,0,0,False,False,0,1511,0,0,False,True,True,True
A4,after_extract,10,gt,0,0.0,4,1387,0,0,0,False,False,0,1475,0,0,False,True,True,True
A4,after_extract,10,gt,0,0.0,5,1566,0,0,0,False,False,0,1646,0,0,False,True,True,True
A4,after_extract,10,gt,0,0.0,6,1559,0,0,0,False,False,0,1640,0,0,False,True,True,True
A4,after_extract,10,gt,0,0.0,7,1354,0,0,0,False,False,0,1435,0,0,False,True,True,True
A4,after_extract,10,gt,0,0.0,8,1451,0,0,0,False,False,0,1520,0,0,False,True,True,True
A4,after_extract,10,gt,0,0.0,9,1517,0,0,0,False,False,0,1638,0,0,False,True,True,True
A4,after_extract,15,gt,0,0.0,0,1522,0,0,0,False,False,0,1581,0,0,False,True,True,True
A4,after_extract,15,gt,0,0.0,1,1537,0,0,0,False,False,0,1616,0,0,False,True,True,True
A4,after_extract,15,gt,0,0.0,2,1403,0,0,0,False,False,0,1474,0,0,False,True,True,True
A4,after_extract,15,gt,0,0.0,3,1459,0,0,0,False,False,0,1529,0,0,False,True,True,True
A4,after_extract,15,gt,0,0.0,4,1387,0,0,0,False,False,0,1461,0,0,False,True,True,True
A4,after_extract,15,gt,0,0.0,5,1566,0,0,0,False,False,0,1653,0,0,False,True,True,True
A4,after_extract,15,gt,0,0.0,6,1559,0,0,0,False,False,0,1632,0,0,False,True,True,True
A4,after_extract,15,gt,0,0.0,7,1354,0,0,0,False,False,0,1437,0,0,False,True,True,True
A4,after_extract,15,gt,0,0.0,8,1451,0,0,0,False,False,0,1548,0,0,False,True,True,True
A4,after_extract,15,gt,0,0.0,9,1517,0,0,0,False,False,0,1575,0,0,False,True,True,True
A4,after_extract,20,gt,0,0.0,0,1522,0,0,0,False,False,0,1579,0,0,False,True,True,True
A4,after_extract,20,gt,0,0.0,1,1537,0,0,0,False,False,0,1634,0,0,False,True,True,True
A4,after_extract,20,gt,0,0.0,2,1403,0,0,0,False,False,0,1479,0,0,False,True,True,True
A4,after_extract,20,gt,0,0.0,3,1459,0,0,0,False,False,0,1537,0,0,False,True,True,True
A4,after_extract,20,gt,0,0.0,4,1387,0,0,0,False,False,0,1463,0,0,False,True,True,True
A4,after_extract,20,gt,0,0.0,5,1566,0,0,0,False,False,0,1624,0,0,False,True,True,True
A4,after_extract,20,gt,0,0.0,6,1559,0,0,0,False,False,0,1678,0,0,False,True,True,True
A4,after_extract,20,gt,0,0.0,7,1354,0,0,0,False,False,0,1439,0,0,False,True,True,True
A4,after_extract,20,gt,0,0.0,8,1451,0,0,0,False,False,0,1524,0,0,False,True,True,True
A4,after_extract,20,gt,0,0.0,9,1517,0,0,0,False,False,0,1584,0,0,False,True,True,True
A4,mid_txn,2,gt,0,0.0,0,1522,0,0,0,False,False,0,1594,0,0,False,True,True,True
A4,mid_txn,2,gt,0,0.0,1,1537,0,0,0,False,False,0,1621,0,0,False,True,True,True
A4,mid_txn,2,gt,0,0.0,2,1403,0,0,0,False,False,0,1442,0,0,False,True,True,True
A4,mid_txn,2,gt,0,0.0,3,1459,0,0,0,False,False,0,1519,0,0,False,True,True,True
A4,mid_txn,2,gt,0,0.0,4,1387,0,0,0,False,False,0,1467,0,0,False,True,True,True
A4,mid_txn,2,gt,0,0.0,5,1566,0,0,0,False,False,0,1647,0,0,False,True,True,True
A4,mid_txn,2,gt,0,0.0,6,1559,0,0,0,False,False,0,1623,0,0,False,True,True,True
A4,mid_txn,2,gt,0,0.0,7,1354,0,0,0,False,False,0,1418,0,0,False,True,True,True
A4,mid_txn,2,gt,0,0.0,8,1451,0,0,0,False,False,0,1548,0,0,False,True,True,True
A4,mid_txn,2,gt,0,0.0,9,1517,0,0,0,False,False,0,1564,0,0,False,True,True,True
A4,mid_txn,5,gt,0,0.0,0,1522,0,0,0,False,False,0,1593,0,0,False,True,True,True
A4,mid_txn,5,gt,0,0.0,1,1537,0,0,0,False,False,0,1585,0,0,False,True,True,True
A4,mid_txn,5,gt,0,0.0,2,1403,0,0,0,False,False,0,1483,0,0,False,True,True,True
A4,mid_txn,5,gt,0,0.0,3,1459,0,0,0,False,False,0,1544,0,0,False,True,True,True
A4,mid_txn,5,gt,0,0.0,4,1387,0,0,0,False,False,0,1436,0,0,False,True,True,True
A4,mid_txn,5,gt,0,0.0,5,1566,0,0,0,False,False,0,1631,0,0,False,True,True,True
A4,mid_txn,5,gt,0,0.0,6,1559,0,0,0,False,False,0,1626,0,0,False,True,True,True
A4,mid_txn,5,gt,0,0.0,7,1354,0,0,0,False,False,0,1423,0,0,False,True,True,True
A4,mid_txn,5,gt,0,0.0,8,1451,0,0,0,False,False,0,1535,0,0,False,True,True,True
A4,mid_txn,5,gt,0,0.0,9,1517,0,0,0,False,False,0,1605,0,0,False,True,True,True
A4,mid_txn,10,gt,0,0.0,0,1522,0,0,0,False,False,0,1628,0,0,False,True,True,True
A4,mid_txn,10,gt,0,0.0,1,1537,0,0,0,False,False,0,1607,0,0,False,True,True,True
A4,mid_txn,10,gt,0,0.0,2,1403,0,0,0,False,False,0,1476,0,0,False,True,True,True
A4,mid_txn,10,gt,0,0.0,3,1459,0,0,0,False,False,0,1511,0,0,False,True,True,True
A4,mid_txn,10,gt,0,0.0,4,1387,0,0,0,False,False,0,1475,0,0,False,True,True,True
A4,mid_txn,10,gt,0,0.0,5,1566,0,0,0,False,False,0,1646,0,0,False,True,True,True
A4,mid_txn,10,gt,0,0.0,6,1559,0,0,0,False,False,0,1640,0,0,False,True,True,True
A4,mid_txn,10,gt,0,0.0,7,1354,0,0,0,False,False,0,1435,0,0,False,True,True,True
A4,mid_txn,10,gt,0,0.0,8,1451,0,0,0,False,False,0,1520,0,0,False,True,True,True
A4,mid_txn,10,gt,0,0.0,9,1517,0,0,0,False,False,0,1638,0,0,False,True,True,True
A4,mid_txn,15,gt,0,0.0,0,1522,0,0,0,False,False,0,1581,0,0,False,True,True,True
A4,mid_txn,15,gt,0,0.0,1,1537,0,0,0,False,False,0,1616,0,0,False,True,True,True
A4,mid_txn,15,gt,0,0.0,2,1403,0,0,0,False,False,0,1474,0,0,False,True,True,True
A4,mid_txn,15,gt,0,0.0,3,1459,0,0,0,False,False,0,1529,0,0,False,True,True,True
A4,mid_txn,15,gt,0,0.0,4,1387,0,0,0,False,False,0,1461,0,0,False,True,True,True
A4,mid_txn,15,gt,0,0.0,5,1566,0,0,0,False,False,0,1653,0,0,False,True,True,True
A4,mid_txn,15,gt,0,0.0,6,1559,0,0,0,False,False,0,1632,0,0,False,True,True,True
A4,mid_txn,15,gt,0,0.0,7,1354,0,0,0,False,False,0,1437,0,0,False,True,True,True
A4,mid_txn,15,gt,0,0.0,8,1451,0,0,0,False,False,0,1548,0,0,False,True,True,True
A4,mid_txn,15,gt,0,0.0,9,1517,0,0,0,False,False,0,1575,0,0,False,True,True,True
A4,mid_txn,20,gt,0,0.0,0,1522,0,0,0,False,False,0,1579,0,0,False,True,True,True
A4,mid_txn,20,gt,0,0.0,1,1537,0,0,0,False,False,0,1634,0,0,False,True,True,True
A4,mid_txn,20,gt,0,0.0,2,1403,0,0,0,False,False,0,1479,0,0,False,True,True,True
A4,mid_txn,20,gt,0,0.0,3,1459,0,0,0,False,False,0,1537,0,0,False,True,True,True
A4,mid_txn,20,gt,0,0.0,4,1387,0,0,0,False,False,0,1463,0,0,False,True,True,True
A4,mid_txn,20,gt,0,0.0,5,1566,0,0,0,False,False,0,1624,0,0,False,True,True,True
A4,mid_txn,20,gt,0,0.0,6,1559,0,0,0,False,False,0,1678,0,0,False,True,True,True
A4,mid_txn,20,gt,0,0.0,7,1354,0,0,0,False,False,0,1439,0,0,False,True,True,True
A4,mid_txn,20,gt,0,0.0,8,1451,0,0,0,False,False,0,1524,0,0,False,True,True,True
A4,mid_txn,20,gt,0,0.0,9,1517,0,0,0,False,False,0,1584,0,0,False,True,True,True
A4,after_commit,2,gt,0,0.0,0,1522,0,0,0,False,False,0,1522,0,0,False,True,True,True
A4,after_commit,2,gt,0,0.0,1,1537,0,0,0,False,False,0,1537,0,0,False,True,True,True
A4,after_commit,2,gt,0,0.0,2,1403,0,0,0,False,False,0,1403,0,0,False,True,True,True
A4,after_commit,2,gt,0,0.0,3,1459,0,0,0,False,False,0,1459,0,0,False,True,True,True
A4,after_commit,2,gt,0,0.0,4,1387,0,0,0,False,False,0,1387,0,0,False,True,True,True
A4,after_commit,2,gt,0,0.0,5,1566,0,0,0,False,False,0,1566,0,0,False,True,True,True
A4,after_commit,2,gt,0,0.0,6,1559,0,0,0,False,False,0,1559,0,0,False,True,True,True
A4,after_commit,2,gt,0,0.0,7,1354,0,0,0,False,False,0,1354,0,0,False,True,True,True
A4,after_commit,2,gt,0,0.0,8,1451,0,0,0,False,False,0,1451,0,0,False,True,True,True
A4,after_commit,2,gt,0,0.0,9,1517,0,0,0,False,False,0,1517,0,0,False,True,True,True
A4,after_commit,5,gt,0,0.0,0,1522,0,0,0,False,False,0,1522,0,0,False,True,True,True
A4,after_commit,5,gt,0,0.0,1,1537,0,0,0,False,False,0,1537,0,0,False,True,True,True
A4,after_commit,5,gt,0,0.0,2,1403,0,0,0,False,False,0,1403,0,0,False,True,True,True
A4,after_commit,5,gt,0,0.0,3,1459,0,0,0,False,False,0,1459,0,0,False,True,True,True
A4,after_commit,5,gt,0,0.0,4,1387,0,0,0,False,False,0,1387,0,0,False,True,True,True
A4,after_commit,5,gt,0,0.0,5,1566,0,0,0,False,False,0,1566,0,0,False,True,True,True
A4,after_commit,5,gt,0,0.0,6,1559,0,0,0,False,False,0,1559,0,0,False,True,True,True
A4,after_commit,5,gt,0,0.0,7,1354,0,0,0,False,False,0,1354,0,0,False,True,True,True
A4,after_commit,5,gt,0,0.0,8,1451,0,0,0,False,False,0,1451,0,0,False,True,True,True
A4,after_commit,5,gt,0,0.0,9,1517,0,0,0,False,False,0,1517,0,0,False,True,True,True
A4,after_commit,10,gt,0,0.0,0,1522,0,0,0,False,False,0,1522,0,0,False,True,True,True
A4,after_commit,10,gt,0,0.0,1,1537,0,0,0,False,False,0,1537,0,0,False,True,True,True
A4,after_commit,10,gt,0,0.0,2,1403,0,0,0,False,False,0,1403,0,0,False,True,True,True
A4,after_commit,10,gt,0,0.0,3,1459,0,0,0,False,False,0,1459,0,0,False,True,True,True
A4,after_commit,10,gt,0,0.0,4,1387,0,0,0,False,False,0,1387,0,0,False,True,True,True
A4,after_commit,10,gt,0,0.0,5,1566,0,0,0,False,False,0,1566,0,0,False,True,True,True
A4,after_commit,10,gt,0,0.0,6,1559,0,0,0,False,False,0,1559,0,0,False,True,True,True
A4,after_commit,10,gt,0,0.0,7,1354,0,0,0,False,False,0,1354,0,0,False,True,True,True
A4,after_commit,10,gt,0,0.0,8,1451,0,0,0,False,False,0,1451,0,0,False,True,True,True
A4,after_commit,10,gt,0,0.0,9,1517,0,0,0,False,False,0,1517,0,0,False,True,True,True
A4,after_commit,15,gt,0,0.0,0,1522,0,0,0,False,False,0,1522,0,0,False,True,True,True
A4,after_commit,15,gt,0,0.0,1,1537,0,0,0,False,False,0,1537,0,0,False,True,True,True
A4,after_commit,15,gt,0,0.0,2,1403,0,0,0,False,False,0,1403,0,0,False,True,True,True
A4,after_commit,15,gt,0,0.0,3,1459,0,0,0,False,False,0,1459,0,0,False,True,True,True
A4,after_commit,15,gt,0,0.0,4,1387,0,0,0,False,False,0,1387,0,0,False,True,True,True
A4,after_commit,15,gt,0,0.0,5,1566,0,0,0,False,False,0,1566,0,0,False,True,True,True
A4,after_commit,15,gt,0,0.0,6,1559,0,0,0,False,False,0,1559,0,0,False,True,True,True
A4,after_commit,15,gt,0,0.0,7,1354,0,0,0,False,False,0,1354,0,0,False,True,True,True
A4,after_commit,15,gt,0,0.0,8,1451,0,0,0,False,False,0,1451,0,0,False,True,True,True
A4,after_commit,15,gt,0,0.0,9,1517,0,0,0,False,False,0,1517,0,0,False,True,True,True
A4,after_commit,20,gt,0,0.0,0,1522,0,0,0,False,False,0,1522,0,0,False,True,True,True
A4,after_commit,20,gt,0,0.0,1,1537,0,0,0,False,False,0,1537,0,0,False,True,True,True
A4,after_commit,20,gt,0,0.0,2,1403,0,0,0,False,False,0,1403,0,0,False,True,True,True
A4,after_commit,20,gt,0,0.0,3,1459,0,0,0,False,False,0,1459,0,0,False,True,True,True
A4,after_commit,20,gt,0,0.0,4,1387,0,0,0,False,False,0,1387,0,0,False,True,True,True
A4,after_commit,20,gt,0,0.0,5,1566,0,0,0,False,False,0,1566,0,0,False,True,True,True
A4,after_commit,20,gt,0,0.0,6,1559,0,0,0,False,False,0,1559,0,0,False,True,True,True
A4,after_commit,20,gt,0,0.0,7,1354,0,0,0,False,False,0,1354,0,0,False,True,True,True
A4,after_commit,20,gt,0,0.0,8,1451,0,0,0,False,False,0,1451,0,0,False,True,True,True
A4,after_commit,20,gt,0,0.0,9,1517,0,0,0,False,False,0,1517,0,0,False,True,True,True
M1,after_extract,2,gt,0,0.0,0,1522,0,0,0,False,False,0,1594,0,0,False,True,True,True
M1,after_extract,2,gt,0,0.0,1,1537,0,0,0,False,False,0,1621,0,0,False,True,True,True
M1,after_extract,2,gt,0,0.0,2,1403,0,0,0,False,False,0,1442,0,0,False,True,True,True
M1,after_extract,2,gt,0,0.0,3,1459,0,0,0,False,False,0,1519,0,0,False,True,True,True
M1,after_extract,2,gt,0,0.0,4,1387,0,0,0,False,False,0,1467,0,0,False,True,True,True
M1,after_extract,2,gt,0,0.0,5,1566,0,0,0,False,False,0,1647,0,0,False,True,True,True
M1,after_extract,2,gt,0,0.0,6,1559,0,0,0,False,False,0,1623,0,0,False,True,True,True
M1,after_extract,2,gt,0,0.0,7,1354,0,0,0,False,False,0,1418,0,0,False,True,True,True
M1,after_extract,2,gt,0,0.0,8,1451,0,0,0,False,False,0,1548,0,0,False,True,True,True
M1,after_extract,2,gt,0,0.0,9,1517,0,0,0,False,False,0,1564,0,0,False,True,True,True
M1,after_extract,5,gt,0,0.0,0,1522,0,0,0,False,False,0,1593,0,0,False,True,True,True
M1,after_extract,5,gt,0,0.0,1,1537,0,0,0,False,False,0,1585,0,0,False,True,True,True
M1,after_extract,5,gt,0,0.0,2,1403,0,0,0,False,False,0,1483,0,0,False,True,True,True
M1,after_extract,5,gt,0,0.0,3,1459,0,0,0,False,False,0,1544,0,0,False,True,True,True
M1,after_extract,5,gt,0,0.0,4,1387,0,0,0,False,False,0,1436,0,0,False,True,True,True
M1,after_extract,5,gt,0,0.0,5,1566,0,0,0,False,False,0,1631,0,0,False,True,True,True
M1,after_extract,5,gt,0,0.0,6,1559,0,0,0,False,False,0,1626,0,0,False,True,True,True
M1,after_extract,5,gt,0,0.0,7,1354,0,0,0,False,False,0,1423,0,0,False,True,True,True
M1,after_extract,5,gt,0,0.0,8,1451,0,0,0,False,False,0,1535,0,0,False,True,True,True
M1,after_extract,5,gt,0,0.0,9,1517,0,0,0,False,False,0,1605,0,0,False,True,True,True
M1,after_extract,10,gt,0,0.0,0,1522,0,0,0,False,False,0,1628,0,0,False,True,True,True
M1,after_extract,10,gt,0,0.0,1,1537,0,0,0,False,False,0,1607,0,0,False,True,True,True
M1,after_extract,10,gt,0,0.0,2,1403,0,0,0,False,False,0,1476,0,0,False,True,True,True
M1,after_extract,10,gt,0,0.0,3,1459,0,0,0,False,False,0,1511,0,0,False,True,True,True
M1,after_extract,10,gt,0,0.0,4,1387,0,0,0,False,False,0,1475,0,0,False,True,True,True
M1,after_extract,10,gt,0,0.0,5,1566,0,0,0,False,False,0,1646,0,0,False,True,True,True
M1,after_extract,10,gt,0,0.0,6,1559,0,0,0,False,False,0,1640,0,0,False,True,True,True
M1,after_extract,10,gt,0,0.0,7,1354,0,0,0,False,False,0,1435,0,0,False,True,True,True
M1,after_extract,10,gt,0,0.0,8,1451,0,0,0,False,False,0,1520,0,0,False,True,True,True
M1,after_extract,10,gt,0,0.0,9,1517,0,0,0,False,False,0,1638,0,0,False,True,True,True
M1,after_extract,15,gt,0,0.0,0,1522,0,0,0,False,False,0,1581,0,0,False,True,True,True
M1,after_extract,15,gt,0,0.0,1,1537,0,0,0,False,False,0,1616,0,0,False,True,True,True
M1,after_extract,15,gt,0,0.0,2,1403,0,0,0,False,False,0,1474,0,0,False,True,True,True
M1,after_extract,15,gt,0,0.0,3,1459,0,0,0,False,False,0,1529,0,0,False,True,True,True
M1,after_extract,15,gt,0,0.0,4,1387,0,0,0,False,False,0,1461,0,0,False,True,True,True
M1,after_extract,15,gt,0,0.0,5,1566,0,0,0,False,False,0,1653,0,0,False,True,True,True
M1,after_extract,15,gt,0,0.0,6,1559,0,0,0,False,False,0,1632,0,0,False,True,True,True
M1,after_extract,15,gt,0,0.0,7,1354,0,0,0,False,False,0,1437,0,0,False,True,True,True
M1,after_extract,15,gt,0,0.0,8,1451,0,0,0,False,False,0,1548,0,0,False,True,True,True
M1,after_extract,15,gt,0,0.0,9,1517,0,0,0,False,False,0,1575,0,0,False,True,True,True
M1,after_extract,20,gt,0,0.0,0,1522,0,0,0,False,False,0,1579,0,0,False,True,True,True
M1,after_extract,20,gt,0,0.0,1,1537,0,0,0,False,False,0,1634,0,0,False,True,True,True
M1,after_extract,20,gt,0,0.0,2,1403,0,0,0,False,False,0,1479,0,0,False,True,True,True
M1,after_extract,20,gt,0,0.0,3,1459,0,0,0,False,False,0,1537,0,0,False,True,True,True
M1,after_extract,20,gt,0,0.0,4,1387,0,0,0,False,False,0,1463,0,0,False,True,True,True
M1,after_extract,20,gt,0,0.0,5,1566,0,0,0,False,False,0,1624,0,0,False,True,True,True
M1,after_extract,20,gt,0,0.0,6,1559,0,0,0,False,False,0,1678,0,0,False,True,True,True
M1,after_extract,20,gt,0,0.0,7,1354,0,0,0,False,False,0,1439,0,0,False,True,True,True
M1,after_extract,20,gt,0,0.0,8,1451,0,0,0,False,False,0,1524,0,0,False,True,True,True
M1,after_extract,20,gt,0,0.0,9,1517,0,0,0,False,False,0,1584,0,0,False,True,True,True
M1,mid_data_txn,2,gt,0,0.0,0,1522,0,0,0,False,False,0,1594,0,0,False,True,True,True
M1,mid_data_txn,2,gt,0,0.0,1,1537,0,0,0,False,False,0,1621,0,0,False,True,True,True
M1,mid_data_txn,2,gt,0,0.0,2,1403,0,0,0,False,False,0,1442,0,0,False,True,True,True
M1,mid_data_txn,2,gt,0,0.0,3,1459,0,0,0,False,False,0,1519,0,0,False,True,True,True
M1,mid_data_txn,2,gt,0,0.0,4,1387,0,0,0,False,False,0,1467,0,0,False,True,True,True
M1,mid_data_txn,2,gt,0,0.0,5,1566,0,0,0,False,False,0,1647,0,0,False,True,True,True
M1,mid_data_txn,2,gt,0,0.0,6,1559,0,0,0,False,False,0,1623,0,0,False,True,True,True
M1,mid_data_txn,2,gt,0,0.0,7,1354,0,0,0,False,False,0,1418,0,0,False,True,True,True
M1,mid_data_txn,2,gt,0,0.0,8,1451,0,0,0,False,False,0,1548,0,0,False,True,True,True
M1,mid_data_txn,2,gt,0,0.0,9,1517,0,0,0,False,False,0,1564,0,0,False,True,True,True
M1,mid_data_txn,5,gt,0,0.0,0,1522,0,0,0,False,False,0,1593,0,0,False,True,True,True
M1,mid_data_txn,5,gt,0,0.0,1,1537,0,0,0,False,False,0,1585,0,0,False,True,True,True
M1,mid_data_txn,5,gt,0,0.0,2,1403,0,0,0,False,False,0,1483,0,0,False,True,True,True
M1,mid_data_txn,5,gt,0,0.0,3,1459,0,0,0,False,False,0,1544,0,0,False,True,True,True
M1,mid_data_txn,5,gt,0,0.0,4,1387,0,0,0,False,False,0,1436,0,0,False,True,True,True
M1,mid_data_txn,5,gt,0,0.0,5,1566,0,0,0,False,False,0,1631,0,0,False,True,True,True
M1,mid_data_txn,5,gt,0,0.0,6,1559,0,0,0,False,False,0,1626,0,0,False,True,True,True
M1,mid_data_txn,5,gt,0,0.0,7,1354,0,0,0,False,False,0,1423,0,0,False,True,True,True
M1,mid_data_txn,5,gt,0,0.0,8,1451,0,0,0,False,False,0,1535,0,0,False,True,True,True
M1,mid_data_txn,5,gt,0,0.0,9,1517,0,0,0,False,False,0,1605,0,0,False,True,True,True
M1,mid_data_txn,10,gt,0,0.0,0,1522,0,0,0,False,False,0,1628,0,0,False,True,True,True
M1,mid_data_txn,10,gt,0,0.0,1,1537,0,0,0,False,False,0,1607,0,0,False,True,True,True
M1,mid_data_txn,10,gt,0,0.0,2,1403,0,0,0,False,False,0,1476,0,0,False,True,True,True
M1,mid_data_txn,10,gt,0,0.0,3,1459,0,0,0,False,False,0,1511,0,0,False,True,True,True
M1,mid_data_txn,10,gt,0,0.0,4,1387,0,0,0,False,False,0,1475,0,0,False,True,True,True
M1,mid_data_txn,10,gt,0,0.0,5,1566,0,0,0,False,False,0,1646,0,0,False,True,True,True
M1,mid_data_txn,10,gt,0,0.0,6,1559,0,0,0,False,False,0,1640,0,0,False,True,True,True
M1,mid_data_txn,10,gt,0,0.0,7,1354,0,0,0,False,False,0,1435,0,0,False,True,True,True
M1,mid_data_txn,10,gt,0,0.0,8,1451,0,0,0,False,False,0,1520,0,0,False,True,True,True
M1,mid_data_txn,10,gt,0,0.0,9,1517,0,0,0,False,False,0,1638,0,0,False,True,True,True
M1,mid_data_txn,15,gt,0,0.0,0,1522,0,0,0,False,False,0,1581,0,0,False,True,True,True
M1,mid_data_txn,15,gt,0,0.0,1,1537,0,0,0,False,False,0,1616,0,0,False,True,True,True
M1,mid_data_txn,15,gt,0,0.0,2,1403,0,0,0,False,False,0,1474,0,0,False,True,True,True
M1,mid_data_txn,15,gt,0,0.0,3,1459,0,0,0,False,False,0,1529,0,0,False,True,True,True
M1,mid_data_txn,15,gt,0,0.0,4,1387,0,0,0,False,False,0,1461,0,0,False,True,True,True
M1,mid_data_txn,15,gt,0,0.0,5,1566,0,0,0,False,False,0,1653,0,0,False,True,True,True
M1,mid_data_txn,15,gt,0,0.0,6,1559,0,0,0,False,False,0,1632,0,0,False,True,True,True
M1,mid_data_txn,15,gt,0,0.0,7,1354,0,0,0,False,False,0,1437,0,0,False,True,True,True
M1,mid_data_txn,15,gt,0,0.0,8,1451,0,0,0,False,False,0,1548,0,0,False,True,True,True
M1,mid_data_txn,15,gt,0,0.0,9,1517,0,0,0,False,False,0,1575,0,0,False,True,True,True
M1,mid_data_txn,20,gt,0,0.0,0,1522,0,0,0,False,False,0,1579,0,0,False,True,True,True
M1,mid_data_txn,20,gt,0,0.0,1,1537,0,0,0,False,False,0,1634,0,0,False,True,True,True
M1,mid_data_txn,20,gt,0,0.0,2,1403,0,0,0,False,False,0,1479,0,0,False,True,True,True
M1,mid_data_txn,20,gt,0,0.0,3,1459,0,0,0,False,False,0,1537,0,0,False,True,True,True
M1,mid_data_txn,20,gt,0,0.0,4,1387,0,0,0,False,False,0,1463,0,0,False,True,True,True
M1,mid_data_txn,20,gt,0,0.0,5,1566,0,0,0,False,False,0,1624,0,0,False,True,True,True
M1,mid_data_txn,20,gt,0,0.0,6,1559,0,0,0,False,False,0,1678,0,0,False,True,True,True
M1,mid_data_txn,20,gt,0,0.0,7,1354,0,0,0,False,False,0,1439,0,0,False,True,True,True
M1,mid_data_txn,20,gt,0,0.0,8,1451,0,0,0,False,False,0,1524,0,0,False,True,True,True
M1,mid_data_txn,20,gt,0,0.0,9,1517,0,0,0,False,False,0,1584,0,0,False,True,True,True
M1,after_data_commit,2,gt,0,0.0,0,1522,0,0,0,False,False,0,1594,0,0,False,True,True,True
M1,after_data_commit,2,gt,0,0.0,1,1537,0,0,0,False,False,0,1621,0,0,False,True,True,True
M1,after_data_commit,2,gt,0,0.0,2,1403,0,0,0,False,False,0,1442,0,0,False,True,True,True
M1,after_data_commit,2,gt,0,0.0,3,1459,0,0,0,False,False,0,1519,0,0,False,True,True,True
M1,after_data_commit,2,gt,0,0.0,4,1387,0,0,0,False,False,0,1467,0,0,False,True,True,True
M1,after_data_commit,2,gt,0,0.0,5,1566,0,0,0,False,False,0,1647,0,0,False,True,True,True
M1,after_data_commit,2,gt,0,0.0,6,1559,0,0,0,False,False,0,1623,0,0,False,True,True,True
M1,after_data_commit,2,gt,0,0.0,7,1354,0,0,0,False,False,0,1418,0,0,False,True,True,True
M1,after_data_commit,2,gt,0,0.0,8,1451,0,0,0,False,False,0,1548,0,0,False,True,True,True
M1,after_data_commit,2,gt,0,0.0,9,1517,0,0,0,False,False,0,1564,0,0,False,True,True,True
M1,after_data_commit,5,gt,0,0.0,0,1522,0,0,0,False,False,0,1593,0,0,False,True,True,True
M1,after_data_commit,5,gt,0,0.0,1,1537,0,0,0,False,False,0,1585,0,0,False,True,True,True
M1,after_data_commit,5,gt,0,0.0,2,1403,0,0,0,False,False,0,1483,0,0,False,True,True,True
M1,after_data_commit,5,gt,0,0.0,3,1459,0,0,0,False,False,0,1544,0,0,False,True,True,True
M1,after_data_commit,5,gt,0,0.0,4,1387,0,0,0,False,False,0,1436,0,0,False,True,True,True
M1,after_data_commit,5,gt,0,0.0,5,1566,0,0,0,False,False,0,1631,0,0,False,True,True,True
M1,after_data_commit,5,gt,0,0.0,6,1559,0,0,0,False,False,0,1626,0,0,False,True,True,True
M1,after_data_commit,5,gt,0,0.0,7,1354,0,0,0,False,False,0,1423,0,0,False,True,True,True
M1,after_data_commit,5,gt,0,0.0,8,1451,0,0,0,False,False,0,1535,0,0,False,True,True,True
M1,after_data_commit,5,gt,0,0.0,9,1517,0,0,0,False,False,0,1605,0,0,False,True,True,True
M1,after_data_commit,10,gt,0,0.0,0,1522,0,0,0,False,False,0,1628,0,0,False,True,True,True
M1,after_data_commit,10,gt,0,0.0,1,1537,0,0,0,False,False,0,1607,0,0,False,True,True,True
M1,after_data_commit,10,gt,0,0.0,2,1403,0,0,0,False,False,0,1476,0,0,False,True,True,True
M1,after_data_commit,10,gt,0,0.0,3,1459,0,0,0,False,False,0,1511,0,0,False,True,True,True
M1,after_data_commit,10,gt,0,0.0,4,1387,0,0,0,False,False,0,1475,0,0,False,True,True,True
M1,after_data_commit,10,gt,0,0.0,5,1566,0,0,0,False,False,0,1646,0,0,False,True,True,True
M1,after_data_commit,10,gt,0,0.0,6,1559,0,0,0,False,False,0,1640,0,0,False,True,True,True
M1,after_data_commit,10,gt,0,0.0,7,1354,0,0,0,False,False,0,1435,0,0,False,True,True,True
M1,after_data_commit,10,gt,0,0.0,8,1451,0,0,0,False,False,0,1520,0,0,False,True,True,True
M1,after_data_commit,10,gt,0,0.0,9,1517,0,0,0,False,False,0,1638,0,0,False,True,True,True
M1,after_data_commit,15,gt,0,0.0,0,1522,0,0,0,False,False,0,1581,0,0,False,True,True,True
M1,after_data_commit,15,gt,0,0.0,1,1537,0,0,0,False,False,0,1616,0,0,False,True,True,True
M1,after_data_commit,15,gt,0,0.0,2,1403,0,0,0,False,False,0,1474,0,0,False,True,True,True
M1,after_data_commit,15,gt,0,0.0,3,1459,0,0,0,False,False,0,1529,0,0,False,True,True,True
M1,after_data_commit,15,gt,0,0.0,4,1387,0,0,0,False,False,0,1461,0,0,False,True,True,True
M1,after_data_commit,15,gt,0,0.0,5,1566,0,0,0,False,False,0,1653,0,0,False,True,True,True
M1,after_data_commit,15,gt,0,0.0,6,1559,0,0,0,False,False,0,1632,0,0,False,True,True,True
M1,after_data_commit,15,gt,0,0.0,7,1354,0,0,0,False,False,0,1437,0,0,False,True,True,True
M1,after_data_commit,15,gt,0,0.0,8,1451,0,0,0,False,False,0,1548,0,0,False,True,True,True
M1,after_data_commit,15,gt,0,0.0,9,1517,0,0,0,False,False,0,1575,0,0,False,True,True,True
M1,after_data_commit,20,gt,0,0.0,0,1522,0,0,0,False,False,0,1579,0,0,False,True,True,True
M1,after_data_commit,20,gt,0,0.0,1,1537,0,0,0,False,False,0,1634,0,0,False,True,True,True
M1,after_data_commit,20,gt,0,0.0,2,1403,0,0,0,False,False,0,1479,0,0,False,True,True,True
M1,after_data_commit,20,gt,0,0.0,3,1459,0,0,0,False,False,0,1537,0,0,False,True,True,True
M1,after_data_commit,20,gt,0,0.0,4,1387,0,0,0,False,False,0,1463,0,0,False,True,True,True
M1,after_data_commit,20,gt,0,0.0,5,1566,0,0,0,False,False,0,1624,0,0,False,True,True,True
M1,after_data_commit,20,gt,0,0.0,6,1559,0,0,0,False,False,0,1678,0,0,False,True,True,True
M1,after_data_commit,20,gt,0,0.0,7,1354,0,0,0,False,False,0,1439,0,0,False,True,True,True
M1,after_data_commit,20,gt,0,0.0,8,1451,0,0,0,False,False,0,1524,0,0,False,True,True,True
M1,after_data_commit,20,gt,0,0.0,9,1517,0,0,0,False,False,0,1584,0,0,False,True,True,True
M1,after_wm_commit,2,gt,0,0.0,0,1522,0,0,0,False,False,0,1522,0,0,False,True,True,True
M1,after_wm_commit,2,gt,0,0.0,1,1537,0,0,0,False,False,0,1537,0,0,False,True,True,True
M1,after_wm_commit,2,gt,0,0.0,2,1403,0,0,0,False,False,0,1403,0,0,False,True,True,True
M1,after_wm_commit,2,gt,0,0.0,3,1459,0,0,0,False,False,0,1459,0,0,False,True,True,True
M1,after_wm_commit,2,gt,0,0.0,4,1387,0,0,0,False,False,0,1387,0,0,False,True,True,True
M1,after_wm_commit,2,gt,0,0.0,5,1566,0,0,0,False,False,0,1566,0,0,False,True,True,True
M1,after_wm_commit,2,gt,0,0.0,6,1559,0,0,0,False,False,0,1559,0,0,False,True,True,True
M1,after_wm_commit,2,gt,0,0.0,7,1354,0,0,0,False,False,0,1354,0,0,False,True,True,True
M1,after_wm_commit,2,gt,0,0.0,8,1451,0,0,0,False,False,0,1451,0,0,False,True,True,True
M1,after_wm_commit,2,gt,0,0.0,9,1517,0,0,0,False,False,0,1517,0,0,False,True,True,True
M1,after_wm_commit,5,gt,0,0.0,0,1522,0,0,0,False,False,0,1522,0,0,False,True,True,True
M1,after_wm_commit,5,gt,0,0.0,1,1537,0,0,0,False,False,0,1537,0,0,False,True,True,True
M1,after_wm_commit,5,gt,0,0.0,2,1403,0,0,0,False,False,0,1403,0,0,False,True,True,True
M1,after_wm_commit,5,gt,0,0.0,3,1459,0,0,0,False,False,0,1459,0,0,False,True,True,True
M1,after_wm_commit,5,gt,0,0.0,4,1387,0,0,0,False,False,0,1387,0,0,False,True,True,True
M1,after_wm_commit,5,gt,0,0.0,5,1566,0,0,0,False,False,0,1566,0,0,False,True,True,True
M1,after_wm_commit,5,gt,0,0.0,6,1559,0,0,0,False,False,0,1559,0,0,False,True,True,True
M1,after_wm_commit,5,gt,0,0.0,7,1354,0,0,0,False,False,0,1354,0,0,False,True,True,True
M1,after_wm_commit,5,gt,0,0.0,8,1451,0,0,0,False,False,0,1451,0,0,False,True,True,True
M1,after_wm_commit,5,gt,0,0.0,9,1517,0,0,0,False,False,0,1517,0,0,False,True,True,True
M1,after_wm_commit,10,gt,0,0.0,0,1522,0,0,0,False,False,0,1522,0,0,False,True,True,True
M1,after_wm_commit,10,gt,0,0.0,1,1537,0,0,0,False,False,0,1537,0,0,False,True,True,True
M1,after_wm_commit,10,gt,0,0.0,2,1403,0,0,0,False,False,0,1403,0,0,False,True,True,True
M1,after_wm_commit,10,gt,0,0.0,3,1459,0,0,0,False,False,0,1459,0,0,False,True,True,True
M1,after_wm_commit,10,gt,0,0.0,4,1387,0,0,0,False,False,0,1387,0,0,False,True,True,True
M1,after_wm_commit,10,gt,0,0.0,5,1566,0,0,0,False,False,0,1566,0,0,False,True,True,True
M1,after_wm_commit,10,gt,0,0.0,6,1559,0,0,0,False,False,0,1559,0,0,False,True,True,True
M1,after_wm_commit,10,gt,0,0.0,7,1354,0,0,0,False,False,0,1354,0,0,False,True,True,True
M1,after_wm_commit,10,gt,0,0.0,8,1451,0,0,0,False,False,0,1451,0,0,False,True,True,True
M1,after_wm_commit,10,gt,0,0.0,9,1517,0,0,0,False,False,0,1517,0,0,False,True,True,True
M1,after_wm_commit,15,gt,0,0.0,0,1522,0,0,0,False,False,0,1522,0,0,False,True,True,True
M1,after_wm_commit,15,gt,0,0.0,1,1537,0,0,0,False,False,0,1537,0,0,False,True,True,True
M1,after_wm_commit,15,gt,0,0.0,2,1403,0,0,0,False,False,0,1403,0,0,False,True,True,True
M1,after_wm_commit,15,gt,0,0.0,3,1459,0,0,0,False,False,0,1459,0,0,False,True,True,True
M1,after_wm_commit,15,gt,0,0.0,4,1387,0,0,0,False,False,0,1387,0,0,False,True,True,True
M1,after_wm_commit,15,gt,0,0.0,5,1566,0,0,0,False,False,0,1566,0,0,False,True,True,True
M1,after_wm_commit,15,gt,0,0.0,6,1559,0,0,0,False,False,0,1559,0,0,False,True,True,True
M1,after_wm_commit,15,gt,0,0.0,7,1354,0,0,0,False,False,0,1354,0,0,False,True,True,True
M1,after_wm_commit,15,gt,0,0.0,8,1451,0,0,0,False,False,0,1451,0,0,False,True,True,True
M1,after_wm_commit,15,gt,0,0.0,9,1517,0,0,0,False,False,0,1517,0,0,False,True,True,True
M1,after_wm_commit,20,gt,0,0.0,0,1522,0,0,0,False,False,0,1522,0,0,False,True,True,True
M1,after_wm_commit,20,gt,0,0.0,1,1537,0,0,0,False,False,0,1537,0,0,False,True,True,True
M1,after_wm_commit,20,gt,0,0.0,2,1403,0,0,0,False,False,0,1403,0,0,False,True,True,True
M1,after_wm_commit,20,gt,0,0.0,3,1459,0,0,0,False,False,0,1459,0,0,False,True,True,True
M1,after_wm_commit,20,gt,0,0.0,4,1387,0,0,0,False,False,0,1387,0,0,False,True,True,True
M1,after_wm_commit,20,gt,0,0.0,5,1566,0,0,0,False,False,0,1566,0,0,False,True,True,True
M1,after_wm_commit,20,gt,0,0.0,6,1559,0,0,0,False,False,0,1559,0,0,False,True,True,True
M1,after_wm_commit,20,gt,0,0.0,7,1354,0,0,0,False,False,0,1354,0,0,False,True,True,True
M1,after_wm_commit,20,gt,0,0.0,8,1451,0,0,0,False,False,0,1451,0,0,False,True,True,True
M1,after_wm_commit,20,gt,0,0.0,9,1517,0,0,0,False,False,0,1517,0,0,False,True,True,True
M2,after_extract,2,gt,0,0.0,0,1522,0,0,0,False,False,0,1594,0,0,False,True,True,True
M2,after_extract,2,gt,0,0.0,1,1537,0,0,0,False,False,0,1621,0,0,False,True,True,True
M2,after_extract,2,gt,0,0.0,2,1403,0,0,0,False,False,0,1442,0,0,False,True,True,True
M2,after_extract,2,gt,0,0.0,3,1459,0,0,0,False,False,0,1519,0,0,False,True,True,True
M2,after_extract,2,gt,0,0.0,4,1387,0,0,0,False,False,0,1467,0,0,False,True,True,True
M2,after_extract,2,gt,0,0.0,5,1566,0,0,0,False,False,0,1647,0,0,False,True,True,True
M2,after_extract,2,gt,0,0.0,6,1559,0,0,0,False,False,0,1623,0,0,False,True,True,True
M2,after_extract,2,gt,0,0.0,7,1354,0,0,0,False,False,0,1418,0,0,False,True,True,True
M2,after_extract,2,gt,0,0.0,8,1451,0,0,0,False,False,0,1548,0,0,False,True,True,True
M2,after_extract,2,gt,0,0.0,9,1517,0,0,0,False,False,0,1564,0,0,False,True,True,True
M2,after_extract,5,gt,0,0.0,0,1522,0,0,0,False,False,0,1593,0,0,False,True,True,True
M2,after_extract,5,gt,0,0.0,1,1537,0,0,0,False,False,0,1585,0,0,False,True,True,True
M2,after_extract,5,gt,0,0.0,2,1403,0,0,0,False,False,0,1483,0,0,False,True,True,True
M2,after_extract,5,gt,0,0.0,3,1459,0,0,0,False,False,0,1544,0,0,False,True,True,True
M2,after_extract,5,gt,0,0.0,4,1387,0,0,0,False,False,0,1436,0,0,False,True,True,True
M2,after_extract,5,gt,0,0.0,5,1566,0,0,0,False,False,0,1631,0,0,False,True,True,True
M2,after_extract,5,gt,0,0.0,6,1559,0,0,0,False,False,0,1626,0,0,False,True,True,True
M2,after_extract,5,gt,0,0.0,7,1354,0,0,0,False,False,0,1423,0,0,False,True,True,True
M2,after_extract,5,gt,0,0.0,8,1451,0,0,0,False,False,0,1535,0,0,False,True,True,True
M2,after_extract,5,gt,0,0.0,9,1517,0,0,0,False,False,0,1605,0,0,False,True,True,True
M2,after_extract,10,gt,0,0.0,0,1522,0,0,0,False,False,0,1628,0,0,False,True,True,True
M2,after_extract,10,gt,0,0.0,1,1537,0,0,0,False,False,0,1607,0,0,False,True,True,True
M2,after_extract,10,gt,0,0.0,2,1403,0,0,0,False,False,0,1476,0,0,False,True,True,True
M2,after_extract,10,gt,0,0.0,3,1459,0,0,0,False,False,0,1511,0,0,False,True,True,True
M2,after_extract,10,gt,0,0.0,4,1387,0,0,0,False,False,0,1475,0,0,False,True,True,True
M2,after_extract,10,gt,0,0.0,5,1566,0,0,0,False,False,0,1646,0,0,False,True,True,True
M2,after_extract,10,gt,0,0.0,6,1559,0,0,0,False,False,0,1640,0,0,False,True,True,True
M2,after_extract,10,gt,0,0.0,7,1354,0,0,0,False,False,0,1435,0,0,False,True,True,True
M2,after_extract,10,gt,0,0.0,8,1451,0,0,0,False,False,0,1520,0,0,False,True,True,True
M2,after_extract,10,gt,0,0.0,9,1517,0,0,0,False,False,0,1638,0,0,False,True,True,True
M2,after_extract,15,gt,0,0.0,0,1522,0,0,0,False,False,0,1581,0,0,False,True,True,True
M2,after_extract,15,gt,0,0.0,1,1537,0,0,0,False,False,0,1616,0,0,False,True,True,True
M2,after_extract,15,gt,0,0.0,2,1403,0,0,0,False,False,0,1474,0,0,False,True,True,True
M2,after_extract,15,gt,0,0.0,3,1459,0,0,0,False,False,0,1529,0,0,False,True,True,True
M2,after_extract,15,gt,0,0.0,4,1387,0,0,0,False,False,0,1461,0,0,False,True,True,True
M2,after_extract,15,gt,0,0.0,5,1566,0,0,0,False,False,0,1653,0,0,False,True,True,True
M2,after_extract,15,gt,0,0.0,6,1559,0,0,0,False,False,0,1632,0,0,False,True,True,True
M2,after_extract,15,gt,0,0.0,7,1354,0,0,0,False,False,0,1437,0,0,False,True,True,True
M2,after_extract,15,gt,0,0.0,8,1451,0,0,0,False,False,0,1548,0,0,False,True,True,True
M2,after_extract,15,gt,0,0.0,9,1517,0,0,0,False,False,0,1575,0,0,False,True,True,True
M2,after_extract,20,gt,0,0.0,0,1522,0,0,0,False,False,0,1579,0,0,False,True,True,True
M2,after_extract,20,gt,0,0.0,1,1537,0,0,0,False,False,0,1634,0,0,False,True,True,True
M2,after_extract,20,gt,0,0.0,2,1403,0,0,0,False,False,0,1479,0,0,False,True,True,True
M2,after_extract,20,gt,0,0.0,3,1459,0,0,0,False,False,0,1537,0,0,False,True,True,True
M2,after_extract,20,gt,0,0.0,4,1387,0,0,0,False,False,0,1463,0,0,False,True,True,True
M2,after_extract,20,gt,0,0.0,5,1566,0,0,0,False,False,0,1624,0,0,False,True,True,True
M2,after_extract,20,gt,0,0.0,6,1559,0,0,0,False,False,0,1678,0,0,False,True,True,True
M2,after_extract,20,gt,0,0.0,7,1354,0,0,0,False,False,0,1439,0,0,False,True,True,True
M2,after_extract,20,gt,0,0.0,8,1451,0,0,0,False,False,0,1524,0,0,False,True,True,True
M2,after_extract,20,gt,0,0.0,9,1517,0,0,0,False,False,0,1584,0,0,False,True,True,True
M2,mid_txn,2,gt,0,0.0,0,1522,0,0,0,False,False,0,1594,0,0,False,True,True,True
M2,mid_txn,2,gt,0,0.0,1,1537,0,0,0,False,False,0,1621,0,0,False,True,True,True
M2,mid_txn,2,gt,0,0.0,2,1403,0,0,0,False,False,0,1442,0,0,False,True,True,True
M2,mid_txn,2,gt,0,0.0,3,1459,0,0,0,False,False,0,1519,0,0,False,True,True,True
M2,mid_txn,2,gt,0,0.0,4,1387,0,0,0,False,False,0,1467,0,0,False,True,True,True
M2,mid_txn,2,gt,0,0.0,5,1566,0,0,0,False,False,0,1647,0,0,False,True,True,True
M2,mid_txn,2,gt,0,0.0,6,1559,0,0,0,False,False,0,1623,0,0,False,True,True,True
M2,mid_txn,2,gt,0,0.0,7,1354,0,0,0,False,False,0,1418,0,0,False,True,True,True
M2,mid_txn,2,gt,0,0.0,8,1451,0,0,0,False,False,0,1548,0,0,False,True,True,True
M2,mid_txn,2,gt,0,0.0,9,1517,0,0,0,False,False,0,1564,0,0,False,True,True,True
M2,mid_txn,5,gt,0,0.0,0,1522,0,0,0,False,False,0,1593,0,0,False,True,True,True
M2,mid_txn,5,gt,0,0.0,1,1537,0,0,0,False,False,0,1585,0,0,False,True,True,True
M2,mid_txn,5,gt,0,0.0,2,1403,0,0,0,False,False,0,1483,0,0,False,True,True,True
M2,mid_txn,5,gt,0,0.0,3,1459,0,0,0,False,False,0,1544,0,0,False,True,True,True
M2,mid_txn,5,gt,0,0.0,4,1387,0,0,0,False,False,0,1436,0,0,False,True,True,True
M2,mid_txn,5,gt,0,0.0,5,1566,0,0,0,False,False,0,1631,0,0,False,True,True,True
M2,mid_txn,5,gt,0,0.0,6,1559,0,0,0,False,False,0,1626,0,0,False,True,True,True
M2,mid_txn,5,gt,0,0.0,7,1354,0,0,0,False,False,0,1423,0,0,False,True,True,True
M2,mid_txn,5,gt,0,0.0,8,1451,0,0,0,False,False,0,1535,0,0,False,True,True,True
M2,mid_txn,5,gt,0,0.0,9,1517,0,0,0,False,False,0,1605,0,0,False,True,True,True
M2,mid_txn,10,gt,0,0.0,0,1522,0,0,0,False,False,0,1628,0,0,False,True,True,True
M2,mid_txn,10,gt,0,0.0,1,1537,0,0,0,False,False,0,1607,0,0,False,True,True,True
M2,mid_txn,10,gt,0,0.0,2,1403,0,0,0,False,False,0,1476,0,0,False,True,True,True
M2,mid_txn,10,gt,0,0.0,3,1459,0,0,0,False,False,0,1511,0,0,False,True,True,True
M2,mid_txn,10,gt,0,0.0,4,1387,0,0,0,False,False,0,1475,0,0,False,True,True,True
M2,mid_txn,10,gt,0,0.0,5,1566,0,0,0,False,False,0,1646,0,0,False,True,True,True
M2,mid_txn,10,gt,0,0.0,6,1559,0,0,0,False,False,0,1640,0,0,False,True,True,True
M2,mid_txn,10,gt,0,0.0,7,1354,0,0,0,False,False,0,1435,0,0,False,True,True,True
M2,mid_txn,10,gt,0,0.0,8,1451,0,0,0,False,False,0,1520,0,0,False,True,True,True
M2,mid_txn,10,gt,0,0.0,9,1517,0,0,0,False,False,0,1638,0,0,False,True,True,True
M2,mid_txn,15,gt,0,0.0,0,1522,0,0,0,False,False,0,1581,0,0,False,True,True,True
M2,mid_txn,15,gt,0,0.0,1,1537,0,0,0,False,False,0,1616,0,0,False,True,True,True
M2,mid_txn,15,gt,0,0.0,2,1403,0,0,0,False,False,0,1474,0,0,False,True,True,True
M2,mid_txn,15,gt,0,0.0,3,1459,0,0,0,False,False,0,1529,0,0,False,True,True,True
M2,mid_txn,15,gt,0,0.0,4,1387,0,0,0,False,False,0,1461,0,0,False,True,True,True
M2,mid_txn,15,gt,0,0.0,5,1566,0,0,0,False,False,0,1653,0,0,False,True,True,True
M2,mid_txn,15,gt,0,0.0,6,1559,0,0,0,False,False,0,1632,0,0,False,True,True,True
M2,mid_txn,15,gt,0,0.0,7,1354,0,0,0,False,False,0,1437,0,0,False,True,True,True
M2,mid_txn,15,gt,0,0.0,8,1451,0,0,0,False,False,0,1548,0,0,False,True,True,True
M2,mid_txn,15,gt,0,0.0,9,1517,0,0,0,False,False,0,1575,0,0,False,True,True,True
M2,mid_txn,20,gt,0,0.0,0,1522,0,0,0,False,False,0,1579,0,0,False,True,True,True
M2,mid_txn,20,gt,0,0.0,1,1537,0,0,0,False,False,0,1634,0,0,False,True,True,True
M2,mid_txn,20,gt,0,0.0,2,1403,0,0,0,False,False,0,1479,0,0,False,True,True,True
M2,mid_txn,20,gt,0,0.0,3,1459,0,0,0,False,False,0,1537,0,0,False,True,True,True
M2,mid_txn,20,gt,0,0.0,4,1387,0,0,0,False,False,0,1463,0,0,False,True,True,True
M2,mid_txn,20,gt,0,0.0,5,1566,0,0,0,False,False,0,1624,0,0,False,True,True,True
M2,mid_txn,20,gt,0,0.0,6,1559,0,0,0,False,False,0,1678,0,0,False,True,True,True
M2,mid_txn,20,gt,0,0.0,7,1354,0,0,0,False,False,0,1439,0,0,False,True,True,True
M2,mid_txn,20,gt,0,0.0,8,1451,0,0,0,False,False,0,1524,0,0,False,True,True,True
M2,mid_txn,20,gt,0,0.0,9,1517,0,0,0,False,False,0,1584,0,0,False,True,True,True
M2,after_commit,2,gt,0,0.0,0,1522,0,0,0,False,False,0,1522,0,0,False,True,True,True
M2,after_commit,2,gt,0,0.0,1,1537,0,0,0,False,False,0,1537,0,0,False,True,True,True
M2,after_commit,2,gt,0,0.0,2,1403,0,0,0,False,False,0,1403,0,0,False,True,True,True
M2,after_commit,2,gt,0,0.0,3,1459,0,0,0,False,False,0,1459,0,0,False,True,True,True
M2,after_commit,2,gt,0,0.0,4,1387,0,0,0,False,False,0,1387,0,0,False,True,True,True
M2,after_commit,2,gt,0,0.0,5,1566,0,0,0,False,False,0,1566,0,0,False,True,True,True
M2,after_commit,2,gt,0,0.0,6,1559,0,0,0,False,False,0,1559,0,0,False,True,True,True
M2,after_commit,2,gt,0,0.0,7,1354,0,0,0,False,False,0,1354,0,0,False,True,True,True
M2,after_commit,2,gt,0,0.0,8,1451,0,0,0,False,False,0,1451,0,0,False,True,True,True
M2,after_commit,2,gt,0,0.0,9,1517,0,0,0,False,False,0,1517,0,0,False,True,True,True
M2,after_commit,5,gt,0,0.0,0,1522,0,0,0,False,False,0,1522,0,0,False,True,True,True
M2,after_commit,5,gt,0,0.0,1,1537,0,0,0,False,False,0,1537,0,0,False,True,True,True
M2,after_commit,5,gt,0,0.0,2,1403,0,0,0,False,False,0,1403,0,0,False,True,True,True
M2,after_commit,5,gt,0,0.0,3,1459,0,0,0,False,False,0,1459,0,0,False,True,True,True
M2,after_commit,5,gt,0,0.0,4,1387,0,0,0,False,False,0,1387,0,0,False,True,True,True
M2,after_commit,5,gt,0,0.0,5,1566,0,0,0,False,False,0,1566,0,0,False,True,True,True
M2,after_commit,5,gt,0,0.0,6,1559,0,0,0,False,False,0,1559,0,0,False,True,True,True
M2,after_commit,5,gt,0,0.0,7,1354,0,0,0,False,False,0,1354,0,0,False,True,True,True
M2,after_commit,5,gt,0,0.0,8,1451,0,0,0,False,False,0,1451,0,0,False,True,True,True
M2,after_commit,5,gt,0,0.0,9,1517,0,0,0,False,False,0,1517,0,0,False,True,True,True
M2,after_commit,10,gt,0,0.0,0,1522,0,0,0,False,False,0,1522,0,0,False,True,True,True
M2,after_commit,10,gt,0,0.0,1,1537,0,0,0,False,False,0,1537,0,0,False,True,True,True
M2,after_commit,10,gt,0,0.0,2,1403,0,0,0,False,False,0,1403,0,0,False,True,True,True
M2,after_commit,10,gt,0,0.0,3,1459,0,0,0,False,False,0,1459,0,0,False,True,True,True
M2,after_commit,10,gt,0,0.0,4,1387,0,0,0,False,False,0,1387,0,0,False,True,True,True
M2,after_commit,10,gt,0,0.0,5,1566,0,0,0,False,False,0,1566,0,0,False,True,True,True
M2,after_commit,10,gt,0,0.0,6,1559,0,0,0,False,False,0,1559,0,0,False,True,True,True
M2,after_commit,10,gt,0,0.0,7,1354,0,0,0,False,False,0,1354,0,0,False,True,True,True
M2,after_commit,10,gt,0,0.0,8,1451,0,0,0,False,False,0,1451,0,0,False,True,True,True
M2,after_commit,10,gt,0,0.0,9,1517,0,0,0,False,False,0,1517,0,0,False,True,True,True
M2,after_commit,15,gt,0,0.0,0,1522,0,0,0,False,False,0,1522,0,0,False,True,True,True
M2,after_commit,15,gt,0,0.0,1,1537,0,0,0,False,False,0,1537,0,0,False,True,True,True
M2,after_commit,15,gt,0,0.0,2,1403,0,0,0,False,False,0,1403,0,0,False,True,True,True
M2,after_commit,15,gt,0,0.0,3,1459,0,0,0,False,False,0,1459,0,0,False,True,True,True
M2,after_commit,15,gt,0,0.0,4,1387,0,0,0,False,False,0,1387,0,0,False,True,True,True
M2,after_commit,15,gt,0,0.0,5,1566,0,0,0,False,False,0,1566,0,0,False,True,True,True
M2,after_commit,15,gt,0,0.0,6,1559,0,0,0,False,False,0,1559,0,0,False,True,True,True
M2,after_commit,15,gt,0,0.0,7,1354,0,0,0,False,False,0,1354,0,0,False,True,True,True
M2,after_commit,15,gt,0,0.0,8,1451,0,0,0,False,False,0,1451,0,0,False,True,True,True
M2,after_commit,15,gt,0,0.0,9,1517,0,0,0,False,False,0,1517,0,0,False,True,True,True
M2,after_commit,20,gt,0,0.0,0,1522,0,0,0,False,False,0,1522,0,0,False,True,True,True
M2,after_commit,20,gt,0,0.0,1,1537,0,0,0,False,False,0,1537,0,0,False,True,True,True
M2,after_commit,20,gt,0,0.0,2,1403,0,0,0,False,False,0,1403,0,0,False,True,True,True
M2,after_commit,20,gt,0,0.0,3,1459,0,0,0,False,False,0,1459,0,0,False,True,True,True
M2,after_commit,20,gt,0,0.0,4,1387,0,0,0,False,False,0,1387,0,0,False,True,True,True
M2,after_commit,20,gt,0,0.0,5,1566,0,0,0,False,False,0,1566,0,0,False,True,True,True
M2,after_commit,20,gt,0,0.0,6,1559,0,0,0,False,False,0,1559,0,0,False,True,True,True
M2,after_commit,20,gt,0,0.0,7,1354,0,0,0,False,False,0,1354,0,0,False,True,True,True
M2,after_commit,20,gt,0,0.0,8,1451,0,0,0,False,False,0,1451,0,0,False,True,True,True
M2,after_commit,20,gt,0,0.0,9,1517,0,0,0,False,False,0,1517,0,0,False,True,True,True
P1,after_extract,2,gt,0,0.0,0,1522,0,0,0,False,False,0,3340,0,0,False,True,True,True
P1,after_extract,2,gt,0,0.0,1,1537,0,0,0,False,False,0,3371,0,0,False,True,True,True
P1,after_extract,2,gt,0,0.0,2,1403,0,0,0,False,False,0,3021,0,0,False,True,True,True
P1,after_extract,2,gt,0,0.0,3,1459,0,0,0,False,False,0,3176,0,0,False,True,True,True
P1,after_extract,2,gt,0,0.0,4,1387,0,0,0,False,False,0,3065,0,0,False,True,True,True
P1,after_extract,2,gt,0,0.0,5,1566,0,0,0,False,False,0,3456,0,0,False,True,True,True
P1,after_extract,2,gt,0,0.0,6,1559,0,0,0,False,False,0,3435,0,0,False,True,True,True
P1,after_extract,2,gt,0,0.0,7,1354,0,0,0,False,False,0,2949,0,0,False,True,True,True
P1,after_extract,2,gt,0,0.0,8,1451,0,0,0,False,False,0,3254,0,0,False,True,True,True
P1,after_extract,2,gt,0,0.0,9,1517,0,0,0,False,False,0,3309,0,0,False,True,True,True
P1,after_extract,5,gt,0,0.0,0,1522,0,0,0,False,False,0,3347,0,0,False,True,True,True
P1,after_extract,5,gt,0,0.0,1,1537,0,0,0,False,False,0,3312,0,0,False,True,True,True
P1,after_extract,5,gt,0,0.0,2,1403,0,0,0,False,False,0,3105,0,0,False,True,True,True
P1,after_extract,5,gt,0,0.0,3,1459,0,0,0,False,False,0,3224,0,0,False,True,True,True
P1,after_extract,5,gt,0,0.0,4,1387,0,0,0,False,False,0,3003,0,0,False,True,True,True
P1,after_extract,5,gt,0,0.0,5,1566,0,0,0,False,False,0,3429,0,0,False,True,True,True
P1,after_extract,5,gt,0,0.0,6,1559,0,0,0,False,False,0,3451,0,0,False,True,True,True
P1,after_extract,5,gt,0,0.0,7,1354,0,0,0,False,False,0,2963,0,0,False,True,True,True
P1,after_extract,5,gt,0,0.0,8,1451,0,0,0,False,False,0,3227,0,0,False,True,True,True
P1,after_extract,5,gt,0,0.0,9,1517,0,0,0,False,False,0,3381,0,0,False,True,True,True
P1,after_extract,10,gt,0,0.0,0,1522,0,0,0,False,False,0,3410,0,0,False,True,True,True
P1,after_extract,10,gt,0,0.0,1,1537,0,0,0,False,False,0,3354,0,0,False,True,True,True
P1,after_extract,10,gt,0,0.0,2,1403,0,0,0,False,False,0,3098,0,0,False,True,True,True
P1,after_extract,10,gt,0,0.0,3,1459,0,0,0,False,False,0,3163,0,0,False,True,True,True
P1,after_extract,10,gt,0,0.0,4,1387,0,0,0,False,False,0,3080,0,0,False,True,True,True
P1,after_extract,10,gt,0,0.0,5,1566,0,0,0,False,False,0,3464,0,0,False,True,True,True
P1,after_extract,10,gt,0,0.0,6,1559,0,0,0,False,False,0,3464,0,0,False,True,True,True
P1,after_extract,10,gt,0,0.0,7,1354,0,0,0,False,False,0,2975,0,0,False,True,True,True
P1,after_extract,10,gt,0,0.0,8,1451,0,0,0,False,False,0,3195,0,0,False,True,True,True
P1,after_extract,10,gt,0,0.0,9,1517,0,0,0,False,False,0,3452,0,0,False,True,True,True
P1,after_extract,15,gt,0,0.0,0,1522,0,0,0,False,False,0,3317,0,0,False,True,True,True
P1,after_extract,15,gt,0,0.0,1,1537,0,0,0,False,False,0,3368,0,0,False,True,True,True
P1,after_extract,15,gt,0,0.0,2,1403,0,0,0,False,False,0,3089,0,0,False,True,True,True
P1,after_extract,15,gt,0,0.0,3,1459,0,0,0,False,False,0,3201,0,0,False,True,True,True
P1,after_extract,15,gt,0,0.0,4,1387,0,0,0,False,False,0,3053,0,0,False,True,True,True
P1,after_extract,15,gt,0,0.0,5,1566,0,0,0,False,False,0,3463,0,0,False,True,True,True
P1,after_extract,15,gt,0,0.0,6,1559,0,0,0,False,False,0,3464,0,0,False,True,True,True
P1,after_extract,15,gt,0,0.0,7,1354,0,0,0,False,False,0,2986,0,0,False,True,True,True
P1,after_extract,15,gt,0,0.0,8,1451,0,0,0,False,False,0,3263,0,0,False,True,True,True
P1,after_extract,15,gt,0,0.0,9,1517,0,0,0,False,False,0,3326,0,0,False,True,True,True
P1,after_extract,20,gt,0,0.0,0,1522,0,0,0,False,False,0,3311,0,0,False,True,True,True
P1,after_extract,20,gt,0,0.0,1,1537,0,0,0,False,False,0,3401,0,0,False,True,True,True
P1,after_extract,20,gt,0,0.0,2,1403,0,0,0,False,False,0,3099,0,0,False,True,True,True
P1,after_extract,20,gt,0,0.0,3,1459,0,0,0,False,False,0,3216,0,0,False,True,True,True
P1,after_extract,20,gt,0,0.0,4,1387,0,0,0,False,False,0,3056,0,0,False,True,True,True
P1,after_extract,20,gt,0,0.0,5,1566,0,0,0,False,False,0,3409,0,0,False,True,True,True
P1,after_extract,20,gt,0,0.0,6,1559,0,0,0,False,False,0,3553,0,0,False,True,True,True
P1,after_extract,20,gt,0,0.0,7,1354,0,0,0,False,False,0,2988,0,0,False,True,True,True
P1,after_extract,20,gt,0,0.0,8,1451,0,0,0,False,False,0,3210,0,0,False,True,True,True
P1,after_extract,20,gt,0,0.0,9,1517,0,0,0,False,False,0,3352,0,0,False,True,True,True
P1,after_delete_commit,2,gt,0,0.0,0,1522,0,0,0,False,False,0,3340,0,6,False,True,True,False
P1,after_delete_commit,2,gt,0,0.0,1,1537,0,0,0,False,False,0,3371,0,2,False,True,True,False
P1,after_delete_commit,2,gt,0,0.0,2,1403,0,0,0,False,False,0,3021,0,1,False,True,True,False
P1,after_delete_commit,2,gt,0,0.0,3,1459,0,0,0,False,False,0,3176,0,4,False,True,True,False
P1,after_delete_commit,2,gt,0,0.0,4,1387,0,0,0,False,False,0,3065,0,5,False,True,True,False
P1,after_delete_commit,2,gt,0,0.0,5,1566,0,0,0,False,False,0,3456,0,9,False,True,True,False
P1,after_delete_commit,2,gt,0,0.0,6,1559,0,0,0,False,False,0,3435,0,7,False,True,True,False
P1,after_delete_commit,2,gt,0,0.0,7,1354,0,0,0,False,False,0,2949,0,8,False,True,True,False
P1,after_delete_commit,2,gt,0,0.0,8,1451,0,0,0,False,False,0,3254,0,6,False,True,True,False
P1,after_delete_commit,2,gt,0,0.0,9,1517,0,0,0,False,False,0,3309,0,11,False,True,True,False
P1,after_delete_commit,5,gt,0,0.0,0,1522,0,0,0,False,False,0,3347,0,15,False,True,True,False
P1,after_delete_commit,5,gt,0,0.0,1,1537,0,0,0,False,False,0,3312,0,15,False,True,True,False
P1,after_delete_commit,5,gt,0,0.0,2,1403,0,0,0,False,False,0,3105,0,3,False,True,True,False
P1,after_delete_commit,5,gt,0,0.0,3,1459,0,0,0,False,False,0,3224,0,2,False,True,True,False
P1,after_delete_commit,5,gt,0,0.0,4,1387,0,0,0,False,False,0,3003,0,5,False,True,True,False
P1,after_delete_commit,5,gt,0,0.0,5,1566,0,0,0,False,False,0,3429,0,14,False,True,True,False
P1,after_delete_commit,5,gt,0,0.0,6,1559,0,0,0,False,False,0,3451,0,17,False,True,True,False
P1,after_delete_commit,5,gt,0,0.0,7,1354,0,0,0,False,False,0,2963,0,12,False,True,True,False
P1,after_delete_commit,5,gt,0,0.0,8,1451,0,0,0,False,False,0,3227,0,5,False,True,True,False
P1,after_delete_commit,5,gt,0,0.0,9,1517,0,0,0,False,False,0,3381,0,1,False,True,True,False
P1,after_delete_commit,10,gt,0,0.0,0,1522,0,0,0,False,False,0,3410,0,8,False,True,True,False
P1,after_delete_commit,10,gt,0,0.0,1,1537,0,0,0,False,False,0,3354,0,13,False,True,True,False
P1,after_delete_commit,10,gt,0,0.0,2,1403,0,0,0,False,False,0,3098,0,10,False,True,True,False
P1,after_delete_commit,10,gt,0,0.0,3,1459,0,0,0,False,False,0,3163,0,7,False,True,True,False
P1,after_delete_commit,10,gt,0,0.0,4,1387,0,0,0,False,False,0,3080,0,4,False,True,True,False
P1,after_delete_commit,10,gt,0,0.0,5,1566,0,0,0,False,False,0,3464,0,19,False,True,True,False
P1,after_delete_commit,10,gt,0,0.0,6,1559,0,0,0,False,False,0,3464,0,2,False,True,True,False
P1,after_delete_commit,10,gt,0,0.0,7,1354,0,0,0,False,False,0,2975,0,0,False,True,True,True
P1,after_delete_commit,10,gt,0,0.0,8,1451,0,0,0,False,False,0,3195,0,3,False,True,True,False
P1,after_delete_commit,10,gt,0,0.0,9,1517,0,0,0,False,False,0,3452,0,6,False,True,True,False
P1,after_delete_commit,15,gt,0,0.0,0,1522,0,0,0,False,False,0,3317,0,9,False,True,True,False
P1,after_delete_commit,15,gt,0,0.0,1,1537,0,0,0,False,False,0,3368,0,9,False,True,True,False
P1,after_delete_commit,15,gt,0,0.0,2,1403,0,0,0,False,False,0,3089,0,5,False,True,True,False
P1,after_delete_commit,15,gt,0,0.0,3,1459,0,0,0,False,False,0,3201,0,9,False,True,True,False
P1,after_delete_commit,15,gt,0,0.0,4,1387,0,0,0,False,False,0,3053,0,5,False,True,True,False
P1,after_delete_commit,15,gt,0,0.0,5,1566,0,0,0,False,False,0,3463,0,4,False,True,True,False
P1,after_delete_commit,15,gt,0,0.0,6,1559,0,0,0,False,False,0,3464,0,18,False,True,True,False
P1,after_delete_commit,15,gt,0,0.0,7,1354,0,0,0,False,False,0,2986,0,7,False,True,True,False
P1,after_delete_commit,15,gt,0,0.0,8,1451,0,0,0,False,False,0,3263,0,15,False,True,True,False
P1,after_delete_commit,15,gt,0,0.0,9,1517,0,0,0,False,False,0,3326,0,6,False,True,True,False
P1,after_delete_commit,20,gt,0,0.0,0,1522,0,0,0,False,False,0,3311,0,7,False,True,True,False
P1,after_delete_commit,20,gt,0,0.0,1,1537,0,0,0,False,False,0,3401,0,6,False,True,True,False
P1,after_delete_commit,20,gt,0,0.0,2,1403,0,0,0,False,False,0,3099,0,5,False,True,True,False
P1,after_delete_commit,20,gt,0,0.0,3,1459,0,0,0,False,False,0,3216,0,8,False,True,True,False
P1,after_delete_commit,20,gt,0,0.0,4,1387,0,0,0,False,False,0,3056,0,4,False,True,True,False
P1,after_delete_commit,20,gt,0,0.0,5,1566,0,0,0,False,False,0,3409,0,8,False,True,True,False
P1,after_delete_commit,20,gt,0,0.0,6,1559,0,0,0,False,False,0,3553,0,15,False,True,True,False
P1,after_delete_commit,20,gt,0,0.0,7,1354,0,0,0,False,False,0,2988,0,5,False,True,True,False
P1,after_delete_commit,20,gt,0,0.0,8,1451,0,0,0,False,False,0,3210,0,10,False,True,True,False
P1,after_delete_commit,20,gt,0,0.0,9,1517,0,0,0,False,False,0,3352,0,14,False,True,True,False
P1,mid_insert_txn,2,gt,0,0.0,0,1522,0,0,0,False,False,0,3340,0,6,False,True,True,False
P1,mid_insert_txn,2,gt,0,0.0,1,1537,0,0,0,False,False,0,3371,0,2,False,True,True,False
P1,mid_insert_txn,2,gt,0,0.0,2,1403,0,0,0,False,False,0,3021,0,1,False,True,True,False
P1,mid_insert_txn,2,gt,0,0.0,3,1459,0,0,0,False,False,0,3176,0,4,False,True,True,False
P1,mid_insert_txn,2,gt,0,0.0,4,1387,0,0,0,False,False,0,3065,0,5,False,True,True,False
P1,mid_insert_txn,2,gt,0,0.0,5,1566,0,0,0,False,False,0,3456,0,9,False,True,True,False
P1,mid_insert_txn,2,gt,0,0.0,6,1559,0,0,0,False,False,0,3435,0,7,False,True,True,False
P1,mid_insert_txn,2,gt,0,0.0,7,1354,0,0,0,False,False,0,2949,0,8,False,True,True,False
P1,mid_insert_txn,2,gt,0,0.0,8,1451,0,0,0,False,False,0,3254,0,6,False,True,True,False
P1,mid_insert_txn,2,gt,0,0.0,9,1517,0,0,0,False,False,0,3309,0,11,False,True,True,False
P1,mid_insert_txn,5,gt,0,0.0,0,1522,0,0,0,False,False,0,3347,0,15,False,True,True,False
P1,mid_insert_txn,5,gt,0,0.0,1,1537,0,0,0,False,False,0,3312,0,15,False,True,True,False
P1,mid_insert_txn,5,gt,0,0.0,2,1403,0,0,0,False,False,0,3105,0,3,False,True,True,False
P1,mid_insert_txn,5,gt,0,0.0,3,1459,0,0,0,False,False,0,3224,0,2,False,True,True,False
P1,mid_insert_txn,5,gt,0,0.0,4,1387,0,0,0,False,False,0,3003,0,5,False,True,True,False
P1,mid_insert_txn,5,gt,0,0.0,5,1566,0,0,0,False,False,0,3429,0,14,False,True,True,False
P1,mid_insert_txn,5,gt,0,0.0,6,1559,0,0,0,False,False,0,3451,0,17,False,True,True,False
P1,mid_insert_txn,5,gt,0,0.0,7,1354,0,0,0,False,False,0,2963,0,12,False,True,True,False
P1,mid_insert_txn,5,gt,0,0.0,8,1451,0,0,0,False,False,0,3227,0,5,False,True,True,False
P1,mid_insert_txn,5,gt,0,0.0,9,1517,0,0,0,False,False,0,3381,0,1,False,True,True,False
P1,mid_insert_txn,10,gt,0,0.0,0,1522,0,0,0,False,False,0,3410,0,8,False,True,True,False
P1,mid_insert_txn,10,gt,0,0.0,1,1537,0,0,0,False,False,0,3354,0,13,False,True,True,False
P1,mid_insert_txn,10,gt,0,0.0,2,1403,0,0,0,False,False,0,3098,0,10,False,True,True,False
P1,mid_insert_txn,10,gt,0,0.0,3,1459,0,0,0,False,False,0,3163,0,7,False,True,True,False
P1,mid_insert_txn,10,gt,0,0.0,4,1387,0,0,0,False,False,0,3080,0,4,False,True,True,False
P1,mid_insert_txn,10,gt,0,0.0,5,1566,0,0,0,False,False,0,3464,0,19,False,True,True,False
P1,mid_insert_txn,10,gt,0,0.0,6,1559,0,0,0,False,False,0,3464,0,2,False,True,True,False
P1,mid_insert_txn,10,gt,0,0.0,7,1354,0,0,0,False,False,0,2975,0,0,False,True,True,True
P1,mid_insert_txn,10,gt,0,0.0,8,1451,0,0,0,False,False,0,3195,0,3,False,True,True,False
P1,mid_insert_txn,10,gt,0,0.0,9,1517,0,0,0,False,False,0,3452,0,6,False,True,True,False
P1,mid_insert_txn,15,gt,0,0.0,0,1522,0,0,0,False,False,0,3317,0,9,False,True,True,False
P1,mid_insert_txn,15,gt,0,0.0,1,1537,0,0,0,False,False,0,3368,0,9,False,True,True,False
P1,mid_insert_txn,15,gt,0,0.0,2,1403,0,0,0,False,False,0,3089,0,5,False,True,True,False
P1,mid_insert_txn,15,gt,0,0.0,3,1459,0,0,0,False,False,0,3201,0,9,False,True,True,False
P1,mid_insert_txn,15,gt,0,0.0,4,1387,0,0,0,False,False,0,3053,0,5,False,True,True,False
P1,mid_insert_txn,15,gt,0,0.0,5,1566,0,0,0,False,False,0,3463,0,4,False,True,True,False
P1,mid_insert_txn,15,gt,0,0.0,6,1559,0,0,0,False,False,0,3464,0,18,False,True,True,False
P1,mid_insert_txn,15,gt,0,0.0,7,1354,0,0,0,False,False,0,2986,0,7,False,True,True,False
P1,mid_insert_txn,15,gt,0,0.0,8,1451,0,0,0,False,False,0,3263,0,15,False,True,True,False
P1,mid_insert_txn,15,gt,0,0.0,9,1517,0,0,0,False,False,0,3326,0,6,False,True,True,False
P1,mid_insert_txn,20,gt,0,0.0,0,1522,0,0,0,False,False,0,3311,0,7,False,True,True,False
P1,mid_insert_txn,20,gt,0,0.0,1,1537,0,0,0,False,False,0,3401,0,6,False,True,True,False
P1,mid_insert_txn,20,gt,0,0.0,2,1403,0,0,0,False,False,0,3099,0,5,False,True,True,False
P1,mid_insert_txn,20,gt,0,0.0,3,1459,0,0,0,False,False,0,3216,0,8,False,True,True,False
P1,mid_insert_txn,20,gt,0,0.0,4,1387,0,0,0,False,False,0,3056,0,4,False,True,True,False
P1,mid_insert_txn,20,gt,0,0.0,5,1566,0,0,0,False,False,0,3409,0,8,False,True,True,False
P1,mid_insert_txn,20,gt,0,0.0,6,1559,0,0,0,False,False,0,3553,0,15,False,True,True,False
P1,mid_insert_txn,20,gt,0,0.0,7,1354,0,0,0,False,False,0,2988,0,5,False,True,True,False
P1,mid_insert_txn,20,gt,0,0.0,8,1451,0,0,0,False,False,0,3210,0,10,False,True,True,False
P1,mid_insert_txn,20,gt,0,0.0,9,1517,0,0,0,False,False,0,3352,0,14,False,True,True,False
P1,after_insert_commit,2,gt,0,0.0,0,1522,0,0,0,False,False,0,3340,0,0,False,True,True,True
P1,after_insert_commit,2,gt,0,0.0,1,1537,0,0,0,False,False,0,3371,0,0,False,True,True,True
P1,after_insert_commit,2,gt,0,0.0,2,1403,0,0,0,False,False,0,3021,0,0,False,True,True,True
P1,after_insert_commit,2,gt,0,0.0,3,1459,0,0,0,False,False,0,3176,0,0,False,True,True,True
P1,after_insert_commit,2,gt,0,0.0,4,1387,0,0,0,False,False,0,3065,0,0,False,True,True,True
P1,after_insert_commit,2,gt,0,0.0,5,1566,0,0,0,False,False,0,3456,0,0,False,True,True,True
P1,after_insert_commit,2,gt,0,0.0,6,1559,0,0,0,False,False,0,3435,0,0,False,True,True,True
P1,after_insert_commit,2,gt,0,0.0,7,1354,0,0,0,False,False,0,2949,0,0,False,True,True,True
P1,after_insert_commit,2,gt,0,0.0,8,1451,0,0,0,False,False,0,3254,0,0,False,True,True,True
P1,after_insert_commit,2,gt,0,0.0,9,1517,0,0,0,False,False,0,3309,0,0,False,True,True,True
P1,after_insert_commit,5,gt,0,0.0,0,1522,0,0,0,False,False,0,3347,0,0,False,True,True,True
P1,after_insert_commit,5,gt,0,0.0,1,1537,0,0,0,False,False,0,3312,0,0,False,True,True,True
P1,after_insert_commit,5,gt,0,0.0,2,1403,0,0,0,False,False,0,3105,0,0,False,True,True,True
P1,after_insert_commit,5,gt,0,0.0,3,1459,0,0,0,False,False,0,3224,0,0,False,True,True,True
P1,after_insert_commit,5,gt,0,0.0,4,1387,0,0,0,False,False,0,3003,0,0,False,True,True,True
P1,after_insert_commit,5,gt,0,0.0,5,1566,0,0,0,False,False,0,3429,0,0,False,True,True,True
P1,after_insert_commit,5,gt,0,0.0,6,1559,0,0,0,False,False,0,3451,0,0,False,True,True,True
P1,after_insert_commit,5,gt,0,0.0,7,1354,0,0,0,False,False,0,2963,0,0,False,True,True,True
P1,after_insert_commit,5,gt,0,0.0,8,1451,0,0,0,False,False,0,3227,0,0,False,True,True,True
P1,after_insert_commit,5,gt,0,0.0,9,1517,0,0,0,False,False,0,3381,0,0,False,True,True,True
P1,after_insert_commit,10,gt,0,0.0,0,1522,0,0,0,False,False,0,3410,0,0,False,True,True,True
P1,after_insert_commit,10,gt,0,0.0,1,1537,0,0,0,False,False,0,3354,0,0,False,True,True,True
P1,after_insert_commit,10,gt,0,0.0,2,1403,0,0,0,False,False,0,3098,0,0,False,True,True,True
P1,after_insert_commit,10,gt,0,0.0,3,1459,0,0,0,False,False,0,3163,0,0,False,True,True,True
P1,after_insert_commit,10,gt,0,0.0,4,1387,0,0,0,False,False,0,3080,0,0,False,True,True,True
P1,after_insert_commit,10,gt,0,0.0,5,1566,0,0,0,False,False,0,3464,0,0,False,True,True,True
P1,after_insert_commit,10,gt,0,0.0,6,1559,0,0,0,False,False,0,3464,0,0,False,True,True,True
P1,after_insert_commit,10,gt,0,0.0,7,1354,0,0,0,False,False,0,2975,0,0,False,True,True,True
P1,after_insert_commit,10,gt,0,0.0,8,1451,0,0,0,False,False,0,3195,0,0,False,True,True,True
P1,after_insert_commit,10,gt,0,0.0,9,1517,0,0,0,False,False,0,3452,0,0,False,True,True,True
P1,after_insert_commit,15,gt,0,0.0,0,1522,0,0,0,False,False,0,3317,0,0,False,True,True,True
P1,after_insert_commit,15,gt,0,0.0,1,1537,0,0,0,False,False,0,3368,0,0,False,True,True,True
P1,after_insert_commit,15,gt,0,0.0,2,1403,0,0,0,False,False,0,3089,0,0,False,True,True,True
P1,after_insert_commit,15,gt,0,0.0,3,1459,0,0,0,False,False,0,3201,0,0,False,True,True,True
P1,after_insert_commit,15,gt,0,0.0,4,1387,0,0,0,False,False,0,3053,0,0,False,True,True,True
P1,after_insert_commit,15,gt,0,0.0,5,1566,0,0,0,False,False,0,3463,0,0,False,True,True,True
P1,after_insert_commit,15,gt,0,0.0,6,1559,0,0,0,False,False,0,3464,0,0,False,True,True,True
P1,after_insert_commit,15,gt,0,0.0,7,1354,0,0,0,False,False,0,2986,0,0,False,True,True,True
P1,after_insert_commit,15,gt,0,0.0,8,1451,0,0,0,False,False,0,3263,0,0,False,True,True,True
P1,after_insert_commit,15,gt,0,0.0,9,1517,0,0,0,False,False,0,3326,0,0,False,True,True,True
P1,after_insert_commit,20,gt,0,0.0,0,1522,0,0,0,False,False,0,3311,0,0,False,True,True,True
P1,after_insert_commit,20,gt,0,0.0,1,1537,0,0,0,False,False,0,3401,0,0,False,True,True,True
P1,after_insert_commit,20,gt,0,0.0,2,1403,0,0,0,False,False,0,3099,0,0,False,True,True,True
P1,after_insert_commit,20,gt,0,0.0,3,1459,0,0,0,False,False,0,3216,0,0,False,True,True,True
P1,after_insert_commit,20,gt,0,0.0,4,1387,0,0,0,False,False,0,3056,0,0,False,True,True,True
P1,after_insert_commit,20,gt,0,0.0,5,1566,0,0,0,False,False,0,3409,0,0,False,True,True,True
P1,after_insert_commit,20,gt,0,0.0,6,1559,0,0,0,False,False,0,3553,0,0,False,True,True,True
P1,after_insert_commit,20,gt,0,0.0,7,1354,0,0,0,False,False,0,2988,0,0,False,True,True,True
P1,after_insert_commit,20,gt,0,0.0,8,1451,0,0,0,False,False,0,3210,0,0,False,True,True,True
P1,after_insert_commit,20,gt,0,0.0,9,1517,0,0,0,False,False,0,3352,0,0,False,True,True,True
P1,after_wm_commit,2,gt,0,0.0,0,1522,0,0,0,False,False,0,3190,0,0,False,True,True,True
P1,after_wm_commit,2,gt,0,0.0,1,1537,0,0,0,False,False,0,3201,0,0,False,True,True,True
P1,after_wm_commit,2,gt,0,0.0,2,1403,0,0,0,False,False,0,2942,0,0,False,True,True,True
P1,after_wm_commit,2,gt,0,0.0,3,1459,0,0,0,False,False,0,3052,0,0,False,True,True,True
P1,after_wm_commit,2,gt,0,0.0,4,1387,0,0,0,False,False,0,2900,0,0,False,True,True,True
P1,after_wm_commit,2,gt,0,0.0,5,1566,0,0,0,False,False,0,3285,0,0,False,True,True,True
P1,after_wm_commit,2,gt,0,0.0,6,1559,0,0,0,False,False,0,3300,0,0,False,True,True,True
P1,after_wm_commit,2,gt,0,0.0,7,1354,0,0,0,False,False,0,2813,0,0,False,True,True,True
P1,after_wm_commit,2,gt,0,0.0,8,1451,0,0,0,False,False,0,3054,0,0,False,True,True,True
P1,after_wm_commit,2,gt,0,0.0,9,1517,0,0,0,False,False,0,3204,0,0,False,True,True,True
P1,after_wm_commit,5,gt,0,0.0,0,1522,0,0,0,False,False,0,3190,0,0,False,True,True,True
P1,after_wm_commit,5,gt,0,0.0,1,1537,0,0,0,False,False,0,3201,0,0,False,True,True,True
P1,after_wm_commit,5,gt,0,0.0,2,1403,0,0,0,False,False,0,2942,0,0,False,True,True,True
P1,after_wm_commit,5,gt,0,0.0,3,1459,0,0,0,False,False,0,3052,0,0,False,True,True,True
P1,after_wm_commit,5,gt,0,0.0,4,1387,0,0,0,False,False,0,2900,0,0,False,True,True,True
P1,after_wm_commit,5,gt,0,0.0,5,1566,0,0,0,False,False,0,3285,0,0,False,True,True,True
P1,after_wm_commit,5,gt,0,0.0,6,1559,0,0,0,False,False,0,3300,0,0,False,True,True,True
P1,after_wm_commit,5,gt,0,0.0,7,1354,0,0,0,False,False,0,2813,0,0,False,True,True,True
P1,after_wm_commit,5,gt,0,0.0,8,1451,0,0,0,False,False,0,3054,0,0,False,True,True,True
P1,after_wm_commit,5,gt,0,0.0,9,1517,0,0,0,False,False,0,3204,0,0,False,True,True,True
P1,after_wm_commit,10,gt,0,0.0,0,1522,0,0,0,False,False,0,3190,0,0,False,True,True,True
P1,after_wm_commit,10,gt,0,0.0,1,1537,0,0,0,False,False,0,3201,0,0,False,True,True,True
P1,after_wm_commit,10,gt,0,0.0,2,1403,0,0,0,False,False,0,2942,0,0,False,True,True,True
P1,after_wm_commit,10,gt,0,0.0,3,1459,0,0,0,False,False,0,3052,0,0,False,True,True,True
P1,after_wm_commit,10,gt,0,0.0,4,1387,0,0,0,False,False,0,2900,0,0,False,True,True,True
P1,after_wm_commit,10,gt,0,0.0,5,1566,0,0,0,False,False,0,3285,0,0,False,True,True,True
P1,after_wm_commit,10,gt,0,0.0,6,1559,0,0,0,False,False,0,3300,0,0,False,True,True,True
P1,after_wm_commit,10,gt,0,0.0,7,1354,0,0,0,False,False,0,2813,0,0,False,True,True,True
P1,after_wm_commit,10,gt,0,0.0,8,1451,0,0,0,False,False,0,3054,0,0,False,True,True,True
P1,after_wm_commit,10,gt,0,0.0,9,1517,0,0,0,False,False,0,3204,0,0,False,True,True,True
P1,after_wm_commit,15,gt,0,0.0,0,1522,0,0,0,False,False,0,3190,0,0,False,True,True,True
P1,after_wm_commit,15,gt,0,0.0,1,1537,0,0,0,False,False,0,3201,0,0,False,True,True,True
P1,after_wm_commit,15,gt,0,0.0,2,1403,0,0,0,False,False,0,2942,0,0,False,True,True,True
P1,after_wm_commit,15,gt,0,0.0,3,1459,0,0,0,False,False,0,3052,0,0,False,True,True,True
P1,after_wm_commit,15,gt,0,0.0,4,1387,0,0,0,False,False,0,2900,0,0,False,True,True,True
P1,after_wm_commit,15,gt,0,0.0,5,1566,0,0,0,False,False,0,3285,0,0,False,True,True,True
P1,after_wm_commit,15,gt,0,0.0,6,1559,0,0,0,False,False,0,3300,0,0,False,True,True,True
P1,after_wm_commit,15,gt,0,0.0,7,1354,0,0,0,False,False,0,2813,0,0,False,True,True,True
P1,after_wm_commit,15,gt,0,0.0,8,1451,0,0,0,False,False,0,3054,0,0,False,True,True,True
P1,after_wm_commit,15,gt,0,0.0,9,1517,0,0,0,False,False,0,3204,0,0,False,True,True,True
P1,after_wm_commit,20,gt,0,0.0,0,1522,0,0,0,False,False,0,3190,0,0,False,True,True,True
P1,after_wm_commit,20,gt,0,0.0,1,1537,0,0,0,False,False,0,3201,0,0,False,True,True,True
P1,after_wm_commit,20,gt,0,0.0,2,1403,0,0,0,False,False,0,2942,0,0,False,True,True,True
P1,after_wm_commit,20,gt,0,0.0,3,1459,0,0,0,False,False,0,3052,0,0,False,True,True,True
P1,after_wm_commit,20,gt,0,0.0,4,1387,0,0,0,False,False,0,2900,0,0,False,True,True,True
P1,after_wm_commit,20,gt,0,0.0,5,1566,0,0,0,False,False,0,3285,0,0,False,True,True,True
P1,after_wm_commit,20,gt,0,0.0,6,1559,0,0,0,False,False,0,3300,0,0,False,True,True,True
P1,after_wm_commit,20,gt,0,0.0,7,1354,0,0,0,False,False,0,2813,0,0,False,True,True,True
P1,after_wm_commit,20,gt,0,0.0,8,1451,0,0,0,False,False,0,3054,0,0,False,True,True,True
P1,after_wm_commit,20,gt,0,0.0,9,1517,0,0,0,False,False,0,3204,0,0,False,True,True,True
P2,after_extract,2,gt,0,0.0,0,1522,0,0,0,False,False,0,3340,0,0,False,True,True,True
P2,after_extract,2,gt,0,0.0,1,1537,0,0,0,False,False,0,3371,0,0,False,True,True,True
P2,after_extract,2,gt,0,0.0,2,1403,0,0,0,False,False,0,3021,0,0,False,True,True,True
P2,after_extract,2,gt,0,0.0,3,1459,0,0,0,False,False,0,3176,0,0,False,True,True,True
P2,after_extract,2,gt,0,0.0,4,1387,0,0,0,False,False,0,3065,0,0,False,True,True,True
P2,after_extract,2,gt,0,0.0,5,1566,0,0,0,False,False,0,3456,0,0,False,True,True,True
P2,after_extract,2,gt,0,0.0,6,1559,0,0,0,False,False,0,3435,0,0,False,True,True,True
P2,after_extract,2,gt,0,0.0,7,1354,0,0,0,False,False,0,2949,0,0,False,True,True,True
P2,after_extract,2,gt,0,0.0,8,1451,0,0,0,False,False,0,3254,0,0,False,True,True,True
P2,after_extract,2,gt,0,0.0,9,1517,0,0,0,False,False,0,3309,0,0,False,True,True,True
P2,after_extract,5,gt,0,0.0,0,1522,0,0,0,False,False,0,3347,0,0,False,True,True,True
P2,after_extract,5,gt,0,0.0,1,1537,0,0,0,False,False,0,3312,0,0,False,True,True,True
P2,after_extract,5,gt,0,0.0,2,1403,0,0,0,False,False,0,3105,0,0,False,True,True,True
P2,after_extract,5,gt,0,0.0,3,1459,0,0,0,False,False,0,3224,0,0,False,True,True,True
P2,after_extract,5,gt,0,0.0,4,1387,0,0,0,False,False,0,3003,0,0,False,True,True,True
P2,after_extract,5,gt,0,0.0,5,1566,0,0,0,False,False,0,3429,0,0,False,True,True,True
P2,after_extract,5,gt,0,0.0,6,1559,0,0,0,False,False,0,3451,0,0,False,True,True,True
P2,after_extract,5,gt,0,0.0,7,1354,0,0,0,False,False,0,2963,0,0,False,True,True,True
P2,after_extract,5,gt,0,0.0,8,1451,0,0,0,False,False,0,3227,0,0,False,True,True,True
P2,after_extract,5,gt,0,0.0,9,1517,0,0,0,False,False,0,3381,0,0,False,True,True,True
P2,after_extract,10,gt,0,0.0,0,1522,0,0,0,False,False,0,3410,0,0,False,True,True,True
P2,after_extract,10,gt,0,0.0,1,1537,0,0,0,False,False,0,3354,0,0,False,True,True,True
P2,after_extract,10,gt,0,0.0,2,1403,0,0,0,False,False,0,3098,0,0,False,True,True,True
P2,after_extract,10,gt,0,0.0,3,1459,0,0,0,False,False,0,3163,0,0,False,True,True,True
P2,after_extract,10,gt,0,0.0,4,1387,0,0,0,False,False,0,3080,0,0,False,True,True,True
P2,after_extract,10,gt,0,0.0,5,1566,0,0,0,False,False,0,3464,0,0,False,True,True,True
P2,after_extract,10,gt,0,0.0,6,1559,0,0,0,False,False,0,3464,0,0,False,True,True,True
P2,after_extract,10,gt,0,0.0,7,1354,0,0,0,False,False,0,2975,0,0,False,True,True,True
P2,after_extract,10,gt,0,0.0,8,1451,0,0,0,False,False,0,3195,0,0,False,True,True,True
P2,after_extract,10,gt,0,0.0,9,1517,0,0,0,False,False,0,3452,0,0,False,True,True,True
P2,after_extract,15,gt,0,0.0,0,1522,0,0,0,False,False,0,3317,0,0,False,True,True,True
P2,after_extract,15,gt,0,0.0,1,1537,0,0,0,False,False,0,3368,0,0,False,True,True,True
P2,after_extract,15,gt,0,0.0,2,1403,0,0,0,False,False,0,3089,0,0,False,True,True,True
P2,after_extract,15,gt,0,0.0,3,1459,0,0,0,False,False,0,3201,0,0,False,True,True,True
P2,after_extract,15,gt,0,0.0,4,1387,0,0,0,False,False,0,3053,0,0,False,True,True,True
P2,after_extract,15,gt,0,0.0,5,1566,0,0,0,False,False,0,3463,0,0,False,True,True,True
P2,after_extract,15,gt,0,0.0,6,1559,0,0,0,False,False,0,3464,0,0,False,True,True,True
P2,after_extract,15,gt,0,0.0,7,1354,0,0,0,False,False,0,2986,0,0,False,True,True,True
P2,after_extract,15,gt,0,0.0,8,1451,0,0,0,False,False,0,3263,0,0,False,True,True,True
P2,after_extract,15,gt,0,0.0,9,1517,0,0,0,False,False,0,3326,0,0,False,True,True,True
P2,after_extract,20,gt,0,0.0,0,1522,0,0,0,False,False,0,3311,0,0,False,True,True,True
P2,after_extract,20,gt,0,0.0,1,1537,0,0,0,False,False,0,3401,0,0,False,True,True,True
P2,after_extract,20,gt,0,0.0,2,1403,0,0,0,False,False,0,3099,0,0,False,True,True,True
P2,after_extract,20,gt,0,0.0,3,1459,0,0,0,False,False,0,3216,0,0,False,True,True,True
P2,after_extract,20,gt,0,0.0,4,1387,0,0,0,False,False,0,3056,0,0,False,True,True,True
P2,after_extract,20,gt,0,0.0,5,1566,0,0,0,False,False,0,3409,0,0,False,True,True,True
P2,after_extract,20,gt,0,0.0,6,1559,0,0,0,False,False,0,3553,0,0,False,True,True,True
P2,after_extract,20,gt,0,0.0,7,1354,0,0,0,False,False,0,2988,0,0,False,True,True,True
P2,after_extract,20,gt,0,0.0,8,1451,0,0,0,False,False,0,3210,0,0,False,True,True,True
P2,after_extract,20,gt,0,0.0,9,1517,0,0,0,False,False,0,3352,0,0,False,True,True,True
P2,mid_txn,2,gt,0,0.0,0,1522,0,0,0,False,False,0,3340,0,0,False,True,True,True
P2,mid_txn,2,gt,0,0.0,1,1537,0,0,0,False,False,0,3371,0,0,False,True,True,True
P2,mid_txn,2,gt,0,0.0,2,1403,0,0,0,False,False,0,3021,0,0,False,True,True,True
P2,mid_txn,2,gt,0,0.0,3,1459,0,0,0,False,False,0,3176,0,0,False,True,True,True
P2,mid_txn,2,gt,0,0.0,4,1387,0,0,0,False,False,0,3065,0,0,False,True,True,True
P2,mid_txn,2,gt,0,0.0,5,1566,0,0,0,False,False,0,3456,0,0,False,True,True,True
P2,mid_txn,2,gt,0,0.0,6,1559,0,0,0,False,False,0,3435,0,0,False,True,True,True
P2,mid_txn,2,gt,0,0.0,7,1354,0,0,0,False,False,0,2949,0,0,False,True,True,True
P2,mid_txn,2,gt,0,0.0,8,1451,0,0,0,False,False,0,3254,0,0,False,True,True,True
P2,mid_txn,2,gt,0,0.0,9,1517,0,0,0,False,False,0,3309,0,0,False,True,True,True
P2,mid_txn,5,gt,0,0.0,0,1522,0,0,0,False,False,0,3347,0,0,False,True,True,True
P2,mid_txn,5,gt,0,0.0,1,1537,0,0,0,False,False,0,3312,0,0,False,True,True,True
P2,mid_txn,5,gt,0,0.0,2,1403,0,0,0,False,False,0,3105,0,0,False,True,True,True
P2,mid_txn,5,gt,0,0.0,3,1459,0,0,0,False,False,0,3224,0,0,False,True,True,True
P2,mid_txn,5,gt,0,0.0,4,1387,0,0,0,False,False,0,3003,0,0,False,True,True,True
P2,mid_txn,5,gt,0,0.0,5,1566,0,0,0,False,False,0,3429,0,0,False,True,True,True
P2,mid_txn,5,gt,0,0.0,6,1559,0,0,0,False,False,0,3451,0,0,False,True,True,True
P2,mid_txn,5,gt,0,0.0,7,1354,0,0,0,False,False,0,2963,0,0,False,True,True,True
P2,mid_txn,5,gt,0,0.0,8,1451,0,0,0,False,False,0,3227,0,0,False,True,True,True
P2,mid_txn,5,gt,0,0.0,9,1517,0,0,0,False,False,0,3381,0,0,False,True,True,True
P2,mid_txn,10,gt,0,0.0,0,1522,0,0,0,False,False,0,3410,0,0,False,True,True,True
P2,mid_txn,10,gt,0,0.0,1,1537,0,0,0,False,False,0,3354,0,0,False,True,True,True
P2,mid_txn,10,gt,0,0.0,2,1403,0,0,0,False,False,0,3098,0,0,False,True,True,True
P2,mid_txn,10,gt,0,0.0,3,1459,0,0,0,False,False,0,3163,0,0,False,True,True,True
P2,mid_txn,10,gt,0,0.0,4,1387,0,0,0,False,False,0,3080,0,0,False,True,True,True
P2,mid_txn,10,gt,0,0.0,5,1566,0,0,0,False,False,0,3464,0,0,False,True,True,True
P2,mid_txn,10,gt,0,0.0,6,1559,0,0,0,False,False,0,3464,0,0,False,True,True,True
P2,mid_txn,10,gt,0,0.0,7,1354,0,0,0,False,False,0,2975,0,0,False,True,True,True
P2,mid_txn,10,gt,0,0.0,8,1451,0,0,0,False,False,0,3195,0,0,False,True,True,True
P2,mid_txn,10,gt,0,0.0,9,1517,0,0,0,False,False,0,3452,0,0,False,True,True,True
P2,mid_txn,15,gt,0,0.0,0,1522,0,0,0,False,False,0,3317,0,0,False,True,True,True
P2,mid_txn,15,gt,0,0.0,1,1537,0,0,0,False,False,0,3368,0,0,False,True,True,True
P2,mid_txn,15,gt,0,0.0,2,1403,0,0,0,False,False,0,3089,0,0,False,True,True,True
P2,mid_txn,15,gt,0,0.0,3,1459,0,0,0,False,False,0,3201,0,0,False,True,True,True
P2,mid_txn,15,gt,0,0.0,4,1387,0,0,0,False,False,0,3053,0,0,False,True,True,True
P2,mid_txn,15,gt,0,0.0,5,1566,0,0,0,False,False,0,3463,0,0,False,True,True,True
P2,mid_txn,15,gt,0,0.0,6,1559,0,0,0,False,False,0,3464,0,0,False,True,True,True
P2,mid_txn,15,gt,0,0.0,7,1354,0,0,0,False,False,0,2986,0,0,False,True,True,True
P2,mid_txn,15,gt,0,0.0,8,1451,0,0,0,False,False,0,3263,0,0,False,True,True,True
P2,mid_txn,15,gt,0,0.0,9,1517,0,0,0,False,False,0,3326,0,0,False,True,True,True
P2,mid_txn,20,gt,0,0.0,0,1522,0,0,0,False,False,0,3311,0,0,False,True,True,True
P2,mid_txn,20,gt,0,0.0,1,1537,0,0,0,False,False,0,3401,0,0,False,True,True,True
P2,mid_txn,20,gt,0,0.0,2,1403,0,0,0,False,False,0,3099,0,0,False,True,True,True
P2,mid_txn,20,gt,0,0.0,3,1459,0,0,0,False,False,0,3216,0,0,False,True,True,True
P2,mid_txn,20,gt,0,0.0,4,1387,0,0,0,False,False,0,3056,0,0,False,True,True,True
P2,mid_txn,20,gt,0,0.0,5,1566,0,0,0,False,False,0,3409,0,0,False,True,True,True
P2,mid_txn,20,gt,0,0.0,6,1559,0,0,0,False,False,0,3553,0,0,False,True,True,True
P2,mid_txn,20,gt,0,0.0,7,1354,0,0,0,False,False,0,2988,0,0,False,True,True,True
P2,mid_txn,20,gt,0,0.0,8,1451,0,0,0,False,False,0,3210,0,0,False,True,True,True
P2,mid_txn,20,gt,0,0.0,9,1517,0,0,0,False,False,0,3352,0,0,False,True,True,True
P2,after_commit,2,gt,0,0.0,0,1522,0,0,0,False,False,0,3190,0,0,False,True,True,True
P2,after_commit,2,gt,0,0.0,1,1537,0,0,0,False,False,0,3201,0,0,False,True,True,True
P2,after_commit,2,gt,0,0.0,2,1403,0,0,0,False,False,0,2942,0,0,False,True,True,True
P2,after_commit,2,gt,0,0.0,3,1459,0,0,0,False,False,0,3052,0,0,False,True,True,True
P2,after_commit,2,gt,0,0.0,4,1387,0,0,0,False,False,0,2900,0,0,False,True,True,True
P2,after_commit,2,gt,0,0.0,5,1566,0,0,0,False,False,0,3285,0,0,False,True,True,True
P2,after_commit,2,gt,0,0.0,6,1559,0,0,0,False,False,0,3300,0,0,False,True,True,True
P2,after_commit,2,gt,0,0.0,7,1354,0,0,0,False,False,0,2813,0,0,False,True,True,True
P2,after_commit,2,gt,0,0.0,8,1451,0,0,0,False,False,0,3054,0,0,False,True,True,True
P2,after_commit,2,gt,0,0.0,9,1517,0,0,0,False,False,0,3204,0,0,False,True,True,True
P2,after_commit,5,gt,0,0.0,0,1522,0,0,0,False,False,0,3190,0,0,False,True,True,True
P2,after_commit,5,gt,0,0.0,1,1537,0,0,0,False,False,0,3201,0,0,False,True,True,True
P2,after_commit,5,gt,0,0.0,2,1403,0,0,0,False,False,0,2942,0,0,False,True,True,True
P2,after_commit,5,gt,0,0.0,3,1459,0,0,0,False,False,0,3052,0,0,False,True,True,True
P2,after_commit,5,gt,0,0.0,4,1387,0,0,0,False,False,0,2900,0,0,False,True,True,True
P2,after_commit,5,gt,0,0.0,5,1566,0,0,0,False,False,0,3285,0,0,False,True,True,True
P2,after_commit,5,gt,0,0.0,6,1559,0,0,0,False,False,0,3300,0,0,False,True,True,True
P2,after_commit,5,gt,0,0.0,7,1354,0,0,0,False,False,0,2813,0,0,False,True,True,True
P2,after_commit,5,gt,0,0.0,8,1451,0,0,0,False,False,0,3054,0,0,False,True,True,True
P2,after_commit,5,gt,0,0.0,9,1517,0,0,0,False,False,0,3204,0,0,False,True,True,True
P2,after_commit,10,gt,0,0.0,0,1522,0,0,0,False,False,0,3190,0,0,False,True,True,True
P2,after_commit,10,gt,0,0.0,1,1537,0,0,0,False,False,0,3201,0,0,False,True,True,True
P2,after_commit,10,gt,0,0.0,2,1403,0,0,0,False,False,0,2942,0,0,False,True,True,True
P2,after_commit,10,gt,0,0.0,3,1459,0,0,0,False,False,0,3052,0,0,False,True,True,True
P2,after_commit,10,gt,0,0.0,4,1387,0,0,0,False,False,0,2900,0,0,False,True,True,True
P2,after_commit,10,gt,0,0.0,5,1566,0,0,0,False,False,0,3285,0,0,False,True,True,True
P2,after_commit,10,gt,0,0.0,6,1559,0,0,0,False,False,0,3300,0,0,False,True,True,True
P2,after_commit,10,gt,0,0.0,7,1354,0,0,0,False,False,0,2813,0,0,False,True,True,True
P2,after_commit,10,gt,0,0.0,8,1451,0,0,0,False,False,0,3054,0,0,False,True,True,True
P2,after_commit,10,gt,0,0.0,9,1517,0,0,0,False,False,0,3204,0,0,False,True,True,True
P2,after_commit,15,gt,0,0.0,0,1522,0,0,0,False,False,0,3190,0,0,False,True,True,True
P2,after_commit,15,gt,0,0.0,1,1537,0,0,0,False,False,0,3201,0,0,False,True,True,True
P2,after_commit,15,gt,0,0.0,2,1403,0,0,0,False,False,0,2942,0,0,False,True,True,True
P2,after_commit,15,gt,0,0.0,3,1459,0,0,0,False,False,0,3052,0,0,False,True,True,True
P2,after_commit,15,gt,0,0.0,4,1387,0,0,0,False,False,0,2900,0,0,False,True,True,True
P2,after_commit,15,gt,0,0.0,5,1566,0,0,0,False,False,0,3285,0,0,False,True,True,True
P2,after_commit,15,gt,0,0.0,6,1559,0,0,0,False,False,0,3300,0,0,False,True,True,True
P2,after_commit,15,gt,0,0.0,7,1354,0,0,0,False,False,0,2813,0,0,False,True,True,True
P2,after_commit,15,gt,0,0.0,8,1451,0,0,0,False,False,0,3054,0,0,False,True,True,True
P2,after_commit,15,gt,0,0.0,9,1517,0,0,0,False,False,0,3204,0,0,False,True,True,True
P2,after_commit,20,gt,0,0.0,0,1522,0,0,0,False,False,0,3190,0,0,False,True,True,True
P2,after_commit,20,gt,0,0.0,1,1537,0,0,0,False,False,0,3201,0,0,False,True,True,True
P2,after_commit,20,gt,0,0.0,2,1403,0,0,0,False,False,0,2942,0,0,False,True,True,True
P2,after_commit,20,gt,0,0.0,3,1459,0,0,0,False,False,0,3052,0,0,False,True,True,True
P2,after_commit,20,gt,0,0.0,4,1387,0,0,0,False,False,0,2900,0,0,False,True,True,True
P2,after_commit,20,gt,0,0.0,5,1566,0,0,0,False,False,0,3285,0,0,False,True,True,True
P2,after_commit,20,gt,0,0.0,6,1559,0,0,0,False,False,0,3300,0,0,False,True,True,True
P2,after_commit,20,gt,0,0.0,7,1354,0,0,0,False,False,0,2813,0,0,False,True,True,True
P2,after_commit,20,gt,0,0.0,8,1451,0,0,0,False,False,0,3054,0,0,False,True,True,True
P2,after_commit,20,gt,0,0.0,9,1517,0,0,0,False,False,0,3204,0,0,False,True,True,True
F1,after_extract,2,gt,0,0.0,0,1522,0,0,0,False,False,0,1594,0,0,False,True,True,True
F1,after_extract,2,gt,0,0.0,1,1537,0,0,0,False,False,0,1621,0,0,False,True,True,True
F1,after_extract,2,gt,0,0.0,2,1403,0,0,0,False,False,0,1442,0,0,False,True,True,True
F1,after_extract,2,gt,0,0.0,3,1459,0,0,0,False,False,0,1519,0,0,False,True,True,True
F1,after_extract,2,gt,0,0.0,4,1387,0,0,0,False,False,0,1467,0,0,False,True,True,True
F1,after_extract,2,gt,0,0.0,5,1566,0,0,0,False,False,0,1647,0,0,False,True,True,True
F1,after_extract,2,gt,0,0.0,6,1559,0,0,0,False,False,0,1623,0,0,False,True,True,True
F1,after_extract,2,gt,0,0.0,7,1354,0,0,0,False,False,0,1418,0,0,False,True,True,True
F1,after_extract,2,gt,0,0.0,8,1451,0,0,0,False,False,0,1548,0,0,False,True,True,True
F1,after_extract,2,gt,0,0.0,9,1517,0,0,0,False,False,0,1564,0,0,False,True,True,True
F1,after_extract,5,gt,0,0.0,0,1522,0,0,0,False,False,0,1593,0,0,False,True,True,True
F1,after_extract,5,gt,0,0.0,1,1537,0,0,0,False,False,0,1585,0,0,False,True,True,True
F1,after_extract,5,gt,0,0.0,2,1403,0,0,0,False,False,0,1483,0,0,False,True,True,True
F1,after_extract,5,gt,0,0.0,3,1459,0,0,0,False,False,0,1544,0,0,False,True,True,True
F1,after_extract,5,gt,0,0.0,4,1387,0,0,0,False,False,0,1436,0,0,False,True,True,True
F1,after_extract,5,gt,0,0.0,5,1566,0,0,0,False,False,0,1631,0,0,False,True,True,True
F1,after_extract,5,gt,0,0.0,6,1559,0,0,0,False,False,0,1626,0,0,False,True,True,True
F1,after_extract,5,gt,0,0.0,7,1354,0,0,0,False,False,0,1423,0,0,False,True,True,True
F1,after_extract,5,gt,0,0.0,8,1451,0,0,0,False,False,0,1535,0,0,False,True,True,True
F1,after_extract,5,gt,0,0.0,9,1517,0,0,0,False,False,0,1605,0,0,False,True,True,True
F1,after_extract,10,gt,0,0.0,0,1522,0,0,0,False,False,0,1628,0,0,False,True,True,True
F1,after_extract,10,gt,0,0.0,1,1537,0,0,0,False,False,0,1607,0,0,False,True,True,True
F1,after_extract,10,gt,0,0.0,2,1403,0,0,0,False,False,0,1476,0,0,False,True,True,True
F1,after_extract,10,gt,0,0.0,3,1459,0,0,0,False,False,0,1511,0,0,False,True,True,True
F1,after_extract,10,gt,0,0.0,4,1387,0,0,0,False,False,0,1475,0,0,False,True,True,True
F1,after_extract,10,gt,0,0.0,5,1566,0,0,0,False,False,0,1646,0,0,False,True,True,True
F1,after_extract,10,gt,0,0.0,6,1559,0,0,0,False,False,0,1640,0,0,False,True,True,True
F1,after_extract,10,gt,0,0.0,7,1354,0,0,0,False,False,0,1435,0,0,False,True,True,True
F1,after_extract,10,gt,0,0.0,8,1451,0,0,0,False,False,0,1520,0,0,False,True,True,True
F1,after_extract,10,gt,0,0.0,9,1517,0,0,0,False,False,0,1638,0,0,False,True,True,True
F1,after_extract,15,gt,0,0.0,0,1522,0,0,0,False,False,0,1581,0,0,False,True,True,True
F1,after_extract,15,gt,0,0.0,1,1537,0,0,0,False,False,0,1616,0,0,False,True,True,True
F1,after_extract,15,gt,0,0.0,2,1403,0,0,0,False,False,0,1474,0,0,False,True,True,True
F1,after_extract,15,gt,0,0.0,3,1459,0,0,0,False,False,0,1529,0,0,False,True,True,True
F1,after_extract,15,gt,0,0.0,4,1387,0,0,0,False,False,0,1461,0,0,False,True,True,True
F1,after_extract,15,gt,0,0.0,5,1566,0,0,0,False,False,0,1653,0,0,False,True,True,True
F1,after_extract,15,gt,0,0.0,6,1559,0,0,0,False,False,0,1632,0,0,False,True,True,True
F1,after_extract,15,gt,0,0.0,7,1354,0,0,0,False,False,0,1437,0,0,False,True,True,True
F1,after_extract,15,gt,0,0.0,8,1451,0,0,0,False,False,0,1548,0,0,False,True,True,True
F1,after_extract,15,gt,0,0.0,9,1517,0,0,0,False,False,0,1575,0,0,False,True,True,True
F1,after_extract,20,gt,0,0.0,0,1522,0,0,0,False,False,0,1579,0,0,False,True,True,True
F1,after_extract,20,gt,0,0.0,1,1537,0,0,0,False,False,0,1634,0,0,False,True,True,True
F1,after_extract,20,gt,0,0.0,2,1403,0,0,0,False,False,0,1479,0,0,False,True,True,True
F1,after_extract,20,gt,0,0.0,3,1459,0,0,0,False,False,0,1537,0,0,False,True,True,True
F1,after_extract,20,gt,0,0.0,4,1387,0,0,0,False,False,0,1463,0,0,False,True,True,True
F1,after_extract,20,gt,0,0.0,5,1566,0,0,0,False,False,0,1624,0,0,False,True,True,True
F1,after_extract,20,gt,0,0.0,6,1559,0,0,0,False,False,0,1678,0,0,False,True,True,True
F1,after_extract,20,gt,0,0.0,7,1354,0,0,0,False,False,0,1439,0,0,False,True,True,True
F1,after_extract,20,gt,0,0.0,8,1451,0,0,0,False,False,0,1524,0,0,False,True,True,True
F1,after_extract,20,gt,0,0.0,9,1517,0,0,0,False,False,0,1584,0,0,False,True,True,True
F1,mid_file_write,2,gt,0,0.0,0,1522,0,0,0,True,False,0,1594,0,0,True,True,False,False
F1,mid_file_write,2,gt,0,0.0,1,1537,0,0,0,True,False,0,1621,0,0,True,True,False,False
F1,mid_file_write,2,gt,0,0.0,2,1403,0,0,0,True,False,0,1442,0,0,True,True,False,False
F1,mid_file_write,2,gt,0,0.0,3,1459,0,0,0,True,False,0,1519,0,0,True,True,False,False
F1,mid_file_write,2,gt,0,0.0,4,1387,0,0,0,True,False,0,1467,0,0,True,True,False,False
F1,mid_file_write,2,gt,0,0.0,5,1566,0,0,0,True,False,0,1647,0,0,True,True,False,False
F1,mid_file_write,2,gt,0,0.0,6,1559,0,32,0,False,False,32,1623,0,0,False,True,False,True
F1,mid_file_write,2,gt,0,0.0,7,1354,0,0,0,True,False,0,1418,0,0,True,True,False,False
F1,mid_file_write,2,gt,0,0.0,8,1451,0,0,0,True,False,0,1548,0,0,True,True,False,False
F1,mid_file_write,2,gt,0,0.0,9,1517,0,0,0,True,False,0,1564,0,0,True,True,False,False
F1,mid_file_write,5,gt,0,0.0,0,1522,0,0,0,True,False,0,1593,0,0,True,True,False,False
F1,mid_file_write,5,gt,0,0.0,1,1537,0,0,0,True,False,0,1585,0,0,True,True,False,False
F1,mid_file_write,5,gt,0,0.0,2,1403,0,0,0,True,False,0,1483,0,0,True,True,False,False
F1,mid_file_write,5,gt,0,0.0,3,1459,0,0,0,True,False,0,1544,0,0,True,True,False,False
F1,mid_file_write,5,gt,0,0.0,4,1387,0,0,0,True,False,0,1436,0,0,True,True,False,False
F1,mid_file_write,5,gt,0,0.0,5,1566,0,0,0,True,False,0,1631,0,0,True,True,False,False
F1,mid_file_write,5,gt,0,0.0,6,1559,0,0,0,True,False,0,1626,0,0,True,True,False,False
F1,mid_file_write,5,gt,0,0.0,7,1354,0,0,0,True,False,0,1423,0,0,True,True,False,False
F1,mid_file_write,5,gt,0,0.0,8,1451,0,42,0,False,False,42,1535,0,0,False,True,False,True
F1,mid_file_write,5,gt,0,0.0,9,1517,0,44,0,False,False,44,1605,0,0,False,True,False,True
F1,mid_file_write,10,gt,0,0.0,0,1522,0,0,0,True,False,0,1628,0,0,True,True,False,False
F1,mid_file_write,10,gt,0,0.0,1,1537,0,0,0,True,False,0,1607,0,0,True,True,False,False
F1,mid_file_write,10,gt,0,0.0,2,1403,0,0,0,True,False,0,1476,0,0,True,True,False,False
F1,mid_file_write,10,gt,0,0.0,3,1459,0,0,0,True,False,0,1511,0,0,True,True,False,False
F1,mid_file_write,10,gt,0,0.0,4,1387,0,0,0,True,False,0,1475,0,0,True,True,False,False
F1,mid_file_write,10,gt,0,0.0,5,1566,0,0,0,True,False,0,1646,0,0,True,True,False,False
F1,mid_file_write,10,gt,0,0.0,6,1559,0,0,0,True,False,0,1640,0,0,True,True,False,False
F1,mid_file_write,10,gt,0,0.0,7,1354,0,0,0,True,False,0,1435,0,0,True,True,False,False
F1,mid_file_write,10,gt,0,0.0,8,1451,0,0,0,True,False,0,1520,0,0,True,True,False,False
F1,mid_file_write,10,gt,0,0.0,9,1517,0,0,0,True,False,0,1638,0,0,True,True,False,False
F1,mid_file_write,15,gt,0,0.0,0,1522,0,0,0,True,False,0,1581,0,0,True,True,False,False
F1,mid_file_write,15,gt,0,0.0,1,1537,0,0,0,True,False,0,1616,0,0,True,True,False,False
F1,mid_file_write,15,gt,0,0.0,2,1403,0,0,0,True,False,0,1474,0,0,True,True,False,False
F1,mid_file_write,15,gt,0,0.0,3,1459,0,35,0,False,False,35,1529,0,0,False,True,False,True
F1,mid_file_write,15,gt,0,0.0,4,1387,0,0,0,True,False,0,1461,0,0,True,True,False,False
F1,mid_file_write,15,gt,0,0.0,5,1566,0,0,0,True,False,0,1653,0,0,True,True,False,False
F1,mid_file_write,15,gt,0,0.0,6,1559,0,0,0,True,False,0,1632,0,0,True,True,False,False
F1,mid_file_write,15,gt,0,0.0,7,1354,0,0,0,True,False,0,1437,0,0,True,True,False,False
F1,mid_file_write,15,gt,0,0.0,8,1451,0,0,0,True,False,0,1548,0,0,True,True,False,False
F1,mid_file_write,15,gt,0,0.0,9,1517,0,0,0,True,False,0,1575,0,0,True,True,False,False
F1,mid_file_write,20,gt,0,0.0,0,1522,0,0,0,True,False,0,1579,0,0,True,True,False,False
F1,mid_file_write,20,gt,0,0.0,1,1537,0,0,0,True,False,0,1634,0,0,True,True,False,False
F1,mid_file_write,20,gt,0,0.0,2,1403,0,38,0,False,False,38,1479,0,0,False,True,False,True
F1,mid_file_write,20,gt,0,0.0,3,1459,0,0,0,True,False,0,1537,0,0,True,True,False,False
F1,mid_file_write,20,gt,0,0.0,4,1387,0,38,0,False,False,38,1463,0,0,False,True,False,True
F1,mid_file_write,20,gt,0,0.0,5,1566,0,0,0,True,False,0,1624,0,0,True,True,False,False
F1,mid_file_write,20,gt,0,0.0,6,1559,0,0,0,True,False,0,1678,0,0,True,True,False,False
F1,mid_file_write,20,gt,0,0.0,7,1354,0,0,0,True,False,0,1439,0,0,True,True,False,False
F1,mid_file_write,20,gt,0,0.0,8,1451,0,0,0,True,False,0,1524,0,0,True,True,False,False
F1,mid_file_write,20,gt,0,0.0,9,1517,0,0,0,True,False,0,1584,0,0,True,True,False,False
F1,after_file_write,2,gt,0,0.0,0,1522,0,72,0,False,False,72,1594,0,0,False,True,False,True
F1,after_file_write,2,gt,0,0.0,1,1537,0,84,0,False,False,84,1621,0,0,False,True,False,True
F1,after_file_write,2,gt,0,0.0,2,1403,0,39,0,False,False,39,1442,0,0,False,True,False,True
F1,after_file_write,2,gt,0,0.0,3,1459,0,60,0,False,False,60,1519,0,0,False,True,False,True
F1,after_file_write,2,gt,0,0.0,4,1387,0,80,0,False,False,80,1467,0,0,False,True,False,True
F1,after_file_write,2,gt,0,0.0,5,1566,0,81,0,False,False,81,1647,0,0,False,True,False,True
F1,after_file_write,2,gt,0,0.0,6,1559,0,64,0,False,False,64,1623,0,0,False,True,False,True
F1,after_file_write,2,gt,0,0.0,7,1354,0,64,0,False,False,64,1418,0,0,False,True,False,True
F1,after_file_write,2,gt,0,0.0,8,1451,0,97,0,False,False,97,1548,0,0,False,True,False,True
F1,after_file_write,2,gt,0,0.0,9,1517,0,47,0,False,False,47,1564,0,0,False,True,False,True
F1,after_file_write,5,gt,0,0.0,0,1522,0,71,0,False,False,71,1593,0,0,False,True,False,True
F1,after_file_write,5,gt,0,0.0,1,1537,0,48,0,False,False,48,1585,0,0,False,True,False,True
F1,after_file_write,5,gt,0,0.0,2,1403,0,80,0,False,False,80,1483,0,0,False,True,False,True
F1,after_file_write,5,gt,0,0.0,3,1459,0,85,0,False,False,85,1544,0,0,False,True,False,True
F1,after_file_write,5,gt,0,0.0,4,1387,0,49,0,False,False,49,1436,0,0,False,True,False,True
F1,after_file_write,5,gt,0,0.0,5,1566,0,65,0,False,False,65,1631,0,0,False,True,False,True
F1,after_file_write,5,gt,0,0.0,6,1559,0,67,0,False,False,67,1626,0,0,False,True,False,True
F1,after_file_write,5,gt,0,0.0,7,1354,0,69,0,False,False,69,1423,0,0,False,True,False,True
F1,after_file_write,5,gt,0,0.0,8,1451,0,84,0,False,False,84,1535,0,0,False,True,False,True
F1,after_file_write,5,gt,0,0.0,9,1517,0,88,0,False,False,88,1605,0,0,False,True,False,True
F1,after_file_write,10,gt,0,0.0,0,1522,0,106,0,False,False,106,1628,0,0,False,True,False,True
F1,after_file_write,10,gt,0,0.0,1,1537,0,70,0,False,False,70,1607,0,0,False,True,False,True
F1,after_file_write,10,gt,0,0.0,2,1403,0,73,0,False,False,73,1476,0,0,False,True,False,True
F1,after_file_write,10,gt,0,0.0,3,1459,0,52,0,False,False,52,1511,0,0,False,True,False,True
F1,after_file_write,10,gt,0,0.0,4,1387,0,88,0,False,False,88,1475,0,0,False,True,False,True
F1,after_file_write,10,gt,0,0.0,5,1566,0,80,0,False,False,80,1646,0,0,False,True,False,True
F1,after_file_write,10,gt,0,0.0,6,1559,0,81,0,False,False,81,1640,0,0,False,True,False,True
F1,after_file_write,10,gt,0,0.0,7,1354,0,81,0,False,False,81,1435,0,0,False,True,False,True
F1,after_file_write,10,gt,0,0.0,8,1451,0,69,0,False,False,69,1520,0,0,False,True,False,True
F1,after_file_write,10,gt,0,0.0,9,1517,0,121,0,False,False,121,1638,0,0,False,True,False,True
F1,after_file_write,15,gt,0,0.0,0,1522,0,59,0,False,False,59,1581,0,0,False,True,False,True
F1,after_file_write,15,gt,0,0.0,1,1537,0,79,0,False,False,79,1616,0,0,False,True,False,True
F1,after_file_write,15,gt,0,0.0,2,1403,0,71,0,False,False,71,1474,0,0,False,True,False,True
F1,after_file_write,15,gt,0,0.0,3,1459,0,70,0,False,False,70,1529,0,0,False,True,False,True
F1,after_file_write,15,gt,0,0.0,4,1387,0,74,0,False,False,74,1461,0,0,False,True,False,True
F1,after_file_write,15,gt,0,0.0,5,1566,0,87,0,False,False,87,1653,0,0,False,True,False,True
F1,after_file_write,15,gt,0,0.0,6,1559,0,73,0,False,False,73,1632,0,0,False,True,False,True
F1,after_file_write,15,gt,0,0.0,7,1354,0,83,0,False,False,83,1437,0,0,False,True,False,True
F1,after_file_write,15,gt,0,0.0,8,1451,0,97,0,False,False,97,1548,0,0,False,True,False,True
F1,after_file_write,15,gt,0,0.0,9,1517,0,58,0,False,False,58,1575,0,0,False,True,False,True
F1,after_file_write,20,gt,0,0.0,0,1522,0,57,0,False,False,57,1579,0,0,False,True,False,True
F1,after_file_write,20,gt,0,0.0,1,1537,0,97,0,False,False,97,1634,0,0,False,True,False,True
F1,after_file_write,20,gt,0,0.0,2,1403,0,76,0,False,False,76,1479,0,0,False,True,False,True
F1,after_file_write,20,gt,0,0.0,3,1459,0,78,0,False,False,78,1537,0,0,False,True,False,True
F1,after_file_write,20,gt,0,0.0,4,1387,0,76,0,False,False,76,1463,0,0,False,True,False,True
F1,after_file_write,20,gt,0,0.0,5,1566,0,58,0,False,False,58,1624,0,0,False,True,False,True
F1,after_file_write,20,gt,0,0.0,6,1559,0,119,0,False,False,119,1678,0,0,False,True,False,True
F1,after_file_write,20,gt,0,0.0,7,1354,0,85,0,False,False,85,1439,0,0,False,True,False,True
F1,after_file_write,20,gt,0,0.0,8,1451,0,73,0,False,False,73,1524,0,0,False,True,False,True
F1,after_file_write,20,gt,0,0.0,9,1517,0,67,0,False,False,67,1584,0,0,False,True,False,True
F1,after_wm_write,2,gt,0,0.0,0,1522,0,0,0,False,False,0,1522,0,0,False,True,True,True
F1,after_wm_write,2,gt,0,0.0,1,1537,0,0,0,False,False,0,1537,0,0,False,True,True,True
F1,after_wm_write,2,gt,0,0.0,2,1403,0,0,0,False,False,0,1403,0,0,False,True,True,True
F1,after_wm_write,2,gt,0,0.0,3,1459,0,0,0,False,False,0,1459,0,0,False,True,True,True
F1,after_wm_write,2,gt,0,0.0,4,1387,0,0,0,False,False,0,1387,0,0,False,True,True,True
F1,after_wm_write,2,gt,0,0.0,5,1566,0,0,0,False,False,0,1566,0,0,False,True,True,True
F1,after_wm_write,2,gt,0,0.0,6,1559,0,0,0,False,False,0,1559,0,0,False,True,True,True
F1,after_wm_write,2,gt,0,0.0,7,1354,0,0,0,False,False,0,1354,0,0,False,True,True,True
F1,after_wm_write,2,gt,0,0.0,8,1451,0,0,0,False,False,0,1451,0,0,False,True,True,True
F1,after_wm_write,2,gt,0,0.0,9,1517,0,0,0,False,False,0,1517,0,0,False,True,True,True
F1,after_wm_write,5,gt,0,0.0,0,1522,0,0,0,False,False,0,1522,0,0,False,True,True,True
F1,after_wm_write,5,gt,0,0.0,1,1537,0,0,0,False,False,0,1537,0,0,False,True,True,True
F1,after_wm_write,5,gt,0,0.0,2,1403,0,0,0,False,False,0,1403,0,0,False,True,True,True
F1,after_wm_write,5,gt,0,0.0,3,1459,0,0,0,False,False,0,1459,0,0,False,True,True,True
F1,after_wm_write,5,gt,0,0.0,4,1387,0,0,0,False,False,0,1387,0,0,False,True,True,True
F1,after_wm_write,5,gt,0,0.0,5,1566,0,0,0,False,False,0,1566,0,0,False,True,True,True
F1,after_wm_write,5,gt,0,0.0,6,1559,0,0,0,False,False,0,1559,0,0,False,True,True,True
F1,after_wm_write,5,gt,0,0.0,7,1354,0,0,0,False,False,0,1354,0,0,False,True,True,True
F1,after_wm_write,5,gt,0,0.0,8,1451,0,0,0,False,False,0,1451,0,0,False,True,True,True
F1,after_wm_write,5,gt,0,0.0,9,1517,0,0,0,False,False,0,1517,0,0,False,True,True,True
F1,after_wm_write,10,gt,0,0.0,0,1522,0,0,0,False,False,0,1522,0,0,False,True,True,True
F1,after_wm_write,10,gt,0,0.0,1,1537,0,0,0,False,False,0,1537,0,0,False,True,True,True
F1,after_wm_write,10,gt,0,0.0,2,1403,0,0,0,False,False,0,1403,0,0,False,True,True,True
F1,after_wm_write,10,gt,0,0.0,3,1459,0,0,0,False,False,0,1459,0,0,False,True,True,True
F1,after_wm_write,10,gt,0,0.0,4,1387,0,0,0,False,False,0,1387,0,0,False,True,True,True
F1,after_wm_write,10,gt,0,0.0,5,1566,0,0,0,False,False,0,1566,0,0,False,True,True,True
F1,after_wm_write,10,gt,0,0.0,6,1559,0,0,0,False,False,0,1559,0,0,False,True,True,True
F1,after_wm_write,10,gt,0,0.0,7,1354,0,0,0,False,False,0,1354,0,0,False,True,True,True
F1,after_wm_write,10,gt,0,0.0,8,1451,0,0,0,False,False,0,1451,0,0,False,True,True,True
F1,after_wm_write,10,gt,0,0.0,9,1517,0,0,0,False,False,0,1517,0,0,False,True,True,True
F1,after_wm_write,15,gt,0,0.0,0,1522,0,0,0,False,False,0,1522,0,0,False,True,True,True
F1,after_wm_write,15,gt,0,0.0,1,1537,0,0,0,False,False,0,1537,0,0,False,True,True,True
F1,after_wm_write,15,gt,0,0.0,2,1403,0,0,0,False,False,0,1403,0,0,False,True,True,True
F1,after_wm_write,15,gt,0,0.0,3,1459,0,0,0,False,False,0,1459,0,0,False,True,True,True
F1,after_wm_write,15,gt,0,0.0,4,1387,0,0,0,False,False,0,1387,0,0,False,True,True,True
F1,after_wm_write,15,gt,0,0.0,5,1566,0,0,0,False,False,0,1566,0,0,False,True,True,True
F1,after_wm_write,15,gt,0,0.0,6,1559,0,0,0,False,False,0,1559,0,0,False,True,True,True
F1,after_wm_write,15,gt,0,0.0,7,1354,0,0,0,False,False,0,1354,0,0,False,True,True,True
F1,after_wm_write,15,gt,0,0.0,8,1451,0,0,0,False,False,0,1451,0,0,False,True,True,True
F1,after_wm_write,15,gt,0,0.0,9,1517,0,0,0,False,False,0,1517,0,0,False,True,True,True
F1,after_wm_write,20,gt,0,0.0,0,1522,0,0,0,False,False,0,1522,0,0,False,True,True,True
F1,after_wm_write,20,gt,0,0.0,1,1537,0,0,0,False,False,0,1537,0,0,False,True,True,True
F1,after_wm_write,20,gt,0,0.0,2,1403,0,0,0,False,False,0,1403,0,0,False,True,True,True
F1,after_wm_write,20,gt,0,0.0,3,1459,0,0,0,False,False,0,1459,0,0,False,True,True,True
F1,after_wm_write,20,gt,0,0.0,4,1387,0,0,0,False,False,0,1387,0,0,False,True,True,True
F1,after_wm_write,20,gt,0,0.0,5,1566,0,0,0,False,False,0,1566,0,0,False,True,True,True
F1,after_wm_write,20,gt,0,0.0,6,1559,0,0,0,False,False,0,1559,0,0,False,True,True,True
F1,after_wm_write,20,gt,0,0.0,7,1354,0,0,0,False,False,0,1354,0,0,False,True,True,True
F1,after_wm_write,20,gt,0,0.0,8,1451,0,0,0,False,False,0,1451,0,0,False,True,True,True
F1,after_wm_write,20,gt,0,0.0,9,1517,0,0,0,False,False,0,1517,0,0,False,True,True,True
F2,after_extract,2,gt,0,0.0,0,1522,0,0,0,False,False,0,1594,0,0,False,True,True,True
F2,after_extract,2,gt,0,0.0,1,1537,0,0,0,False,False,0,1621,0,0,False,True,True,True
F2,after_extract,2,gt,0,0.0,2,1403,0,0,0,False,False,0,1442,0,0,False,True,True,True
F2,after_extract,2,gt,0,0.0,3,1459,0,0,0,False,False,0,1519,0,0,False,True,True,True
F2,after_extract,2,gt,0,0.0,4,1387,0,0,0,False,False,0,1467,0,0,False,True,True,True
F2,after_extract,2,gt,0,0.0,5,1566,0,0,0,False,False,0,1647,0,0,False,True,True,True
F2,after_extract,2,gt,0,0.0,6,1559,0,0,0,False,False,0,1623,0,0,False,True,True,True
F2,after_extract,2,gt,0,0.0,7,1354,0,0,0,False,False,0,1418,0,0,False,True,True,True
F2,after_extract,2,gt,0,0.0,8,1451,0,0,0,False,False,0,1548,0,0,False,True,True,True
F2,after_extract,2,gt,0,0.0,9,1517,0,0,0,False,False,0,1564,0,0,False,True,True,True
F2,after_extract,5,gt,0,0.0,0,1522,0,0,0,False,False,0,1593,0,0,False,True,True,True
F2,after_extract,5,gt,0,0.0,1,1537,0,0,0,False,False,0,1585,0,0,False,True,True,True
F2,after_extract,5,gt,0,0.0,2,1403,0,0,0,False,False,0,1483,0,0,False,True,True,True
F2,after_extract,5,gt,0,0.0,3,1459,0,0,0,False,False,0,1544,0,0,False,True,True,True
F2,after_extract,5,gt,0,0.0,4,1387,0,0,0,False,False,0,1436,0,0,False,True,True,True
F2,after_extract,5,gt,0,0.0,5,1566,0,0,0,False,False,0,1631,0,0,False,True,True,True
F2,after_extract,5,gt,0,0.0,6,1559,0,0,0,False,False,0,1626,0,0,False,True,True,True
F2,after_extract,5,gt,0,0.0,7,1354,0,0,0,False,False,0,1423,0,0,False,True,True,True
F2,after_extract,5,gt,0,0.0,8,1451,0,0,0,False,False,0,1535,0,0,False,True,True,True
F2,after_extract,5,gt,0,0.0,9,1517,0,0,0,False,False,0,1605,0,0,False,True,True,True
F2,after_extract,10,gt,0,0.0,0,1522,0,0,0,False,False,0,1628,0,0,False,True,True,True
F2,after_extract,10,gt,0,0.0,1,1537,0,0,0,False,False,0,1607,0,0,False,True,True,True
F2,after_extract,10,gt,0,0.0,2,1403,0,0,0,False,False,0,1476,0,0,False,True,True,True
F2,after_extract,10,gt,0,0.0,3,1459,0,0,0,False,False,0,1511,0,0,False,True,True,True
F2,after_extract,10,gt,0,0.0,4,1387,0,0,0,False,False,0,1475,0,0,False,True,True,True
F2,after_extract,10,gt,0,0.0,5,1566,0,0,0,False,False,0,1646,0,0,False,True,True,True
F2,after_extract,10,gt,0,0.0,6,1559,0,0,0,False,False,0,1640,0,0,False,True,True,True
F2,after_extract,10,gt,0,0.0,7,1354,0,0,0,False,False,0,1435,0,0,False,True,True,True
F2,after_extract,10,gt,0,0.0,8,1451,0,0,0,False,False,0,1520,0,0,False,True,True,True
F2,after_extract,10,gt,0,0.0,9,1517,0,0,0,False,False,0,1638,0,0,False,True,True,True
F2,after_extract,15,gt,0,0.0,0,1522,0,0,0,False,False,0,1581,0,0,False,True,True,True
F2,after_extract,15,gt,0,0.0,1,1537,0,0,0,False,False,0,1616,0,0,False,True,True,True
F2,after_extract,15,gt,0,0.0,2,1403,0,0,0,False,False,0,1474,0,0,False,True,True,True
F2,after_extract,15,gt,0,0.0,3,1459,0,0,0,False,False,0,1529,0,0,False,True,True,True
F2,after_extract,15,gt,0,0.0,4,1387,0,0,0,False,False,0,1461,0,0,False,True,True,True
F2,after_extract,15,gt,0,0.0,5,1566,0,0,0,False,False,0,1653,0,0,False,True,True,True
F2,after_extract,15,gt,0,0.0,6,1559,0,0,0,False,False,0,1632,0,0,False,True,True,True
F2,after_extract,15,gt,0,0.0,7,1354,0,0,0,False,False,0,1437,0,0,False,True,True,True
F2,after_extract,15,gt,0,0.0,8,1451,0,0,0,False,False,0,1548,0,0,False,True,True,True
F2,after_extract,15,gt,0,0.0,9,1517,0,0,0,False,False,0,1575,0,0,False,True,True,True
F2,after_extract,20,gt,0,0.0,0,1522,0,0,0,False,False,0,1579,0,0,False,True,True,True
F2,after_extract,20,gt,0,0.0,1,1537,0,0,0,False,False,0,1634,0,0,False,True,True,True
F2,after_extract,20,gt,0,0.0,2,1403,0,0,0,False,False,0,1479,0,0,False,True,True,True
F2,after_extract,20,gt,0,0.0,3,1459,0,0,0,False,False,0,1537,0,0,False,True,True,True
F2,after_extract,20,gt,0,0.0,4,1387,0,0,0,False,False,0,1463,0,0,False,True,True,True
F2,after_extract,20,gt,0,0.0,5,1566,0,0,0,False,False,0,1624,0,0,False,True,True,True
F2,after_extract,20,gt,0,0.0,6,1559,0,0,0,False,False,0,1678,0,0,False,True,True,True
F2,after_extract,20,gt,0,0.0,7,1354,0,0,0,False,False,0,1439,0,0,False,True,True,True
F2,after_extract,20,gt,0,0.0,8,1451,0,0,0,False,False,0,1524,0,0,False,True,True,True
F2,after_extract,20,gt,0,0.0,9,1517,0,0,0,False,False,0,1584,0,0,False,True,True,True
F2,mid_file_write,2,gt,0,0.0,0,1522,0,0,0,False,False,36,1594,0,0,False,True,True,True
F2,mid_file_write,2,gt,0,0.0,1,1537,0,0,0,False,False,42,1621,0,0,False,True,True,True
F2,mid_file_write,2,gt,0,0.0,2,1403,0,0,0,False,False,19,1442,0,0,False,True,True,True
F2,mid_file_write,2,gt,0,0.0,3,1459,0,0,0,False,False,30,1519,0,0,False,True,True,True
F2,mid_file_write,2,gt,0,0.0,4,1387,0,0,0,False,False,40,1467,0,0,False,True,True,True
F2,mid_file_write,2,gt,0,0.0,5,1566,0,0,0,False,False,40,1647,0,0,False,True,True,True
F2,mid_file_write,2,gt,0,0.0,6,1559,0,0,0,False,False,31,1623,0,0,False,True,True,True
F2,mid_file_write,2,gt,0,0.0,7,1354,0,0,0,False,False,32,1418,0,0,False,True,True,True
F2,mid_file_write,2,gt,0,0.0,8,1451,0,0,0,False,False,48,1548,0,0,False,True,True,True
F2,mid_file_write,2,gt,0,0.0,9,1517,0,0,0,False,False,23,1564,0,0,False,True,True,True
F2,mid_file_write,5,gt,0,0.0,0,1522,0,0,0,False,False,35,1593,0,0,False,True,True,True
F2,mid_file_write,5,gt,0,0.0,1,1537,0,0,0,False,False,24,1585,0,0,False,True,True,True
F2,mid_file_write,5,gt,0,0.0,2,1403,0,0,0,False,False,40,1483,0,0,False,True,True,True
F2,mid_file_write,5,gt,0,0.0,3,1459,0,0,0,False,False,42,1544,0,0,False,True,True,True
F2,mid_file_write,5,gt,0,0.0,4,1387,0,0,0,False,False,24,1436,0,0,False,True,True,True
F2,mid_file_write,5,gt,0,0.0,5,1566,0,0,0,False,False,32,1631,0,0,False,True,True,True
F2,mid_file_write,5,gt,0,0.0,6,1559,0,0,0,False,False,33,1626,0,0,False,True,True,True
F2,mid_file_write,5,gt,0,0.0,7,1354,0,0,0,False,False,34,1423,0,0,False,True,True,True
F2,mid_file_write,5,gt,0,0.0,8,1451,0,0,0,False,False,42,1535,0,0,False,True,True,True
F2,mid_file_write,5,gt,0,0.0,9,1517,0,0,0,False,False,44,1605,0,0,False,True,True,True
F2,mid_file_write,10,gt,0,0.0,0,1522,0,0,0,False,False,53,1628,0,0,False,True,True,True
F2,mid_file_write,10,gt,0,0.0,1,1537,0,0,0,False,False,35,1607,0,0,False,True,True,True
F2,mid_file_write,10,gt,0,0.0,2,1403,0,0,0,False,False,36,1476,0,0,False,True,True,True
F2,mid_file_write,10,gt,0,0.0,3,1459,0,0,0,False,False,26,1511,0,0,False,True,True,True
F2,mid_file_write,10,gt,0,0.0,4,1387,0,0,0,False,False,44,1475,0,0,False,True,True,True
F2,mid_file_write,10,gt,0,0.0,5,1566,0,0,0,False,False,40,1646,0,0,False,True,True,True
F2,mid_file_write,10,gt,0,0.0,6,1559,0,0,0,False,False,40,1640,0,0,False,True,True,True
F2,mid_file_write,10,gt,0,0.0,7,1354,0,0,0,False,False,40,1435,0,0,False,True,True,True
F2,mid_file_write,10,gt,0,0.0,8,1451,0,0,0,False,False,34,1520,0,0,False,True,True,True
F2,mid_file_write,10,gt,0,0.0,9,1517,0,0,0,False,False,60,1638,0,0,False,True,True,True
F2,mid_file_write,15,gt,0,0.0,0,1522,0,0,0,False,False,29,1581,0,0,False,True,True,True
F2,mid_file_write,15,gt,0,0.0,1,1537,0,0,0,False,False,39,1616,0,0,False,True,True,True
F2,mid_file_write,15,gt,0,0.0,2,1403,0,0,0,False,False,35,1474,0,0,False,True,True,True
F2,mid_file_write,15,gt,0,0.0,3,1459,0,0,0,False,False,35,1529,0,0,False,True,True,True
F2,mid_file_write,15,gt,0,0.0,4,1387,0,0,0,False,False,37,1461,0,0,False,True,True,True
F2,mid_file_write,15,gt,0,0.0,5,1566,0,0,0,False,False,43,1653,0,0,False,True,True,True
F2,mid_file_write,15,gt,0,0.0,6,1559,0,0,0,False,False,36,1632,0,0,False,True,True,True
F2,mid_file_write,15,gt,0,0.0,7,1354,0,0,0,False,False,41,1437,0,0,False,True,True,True
F2,mid_file_write,15,gt,0,0.0,8,1451,0,0,0,False,False,48,1548,0,0,False,True,True,True
F2,mid_file_write,15,gt,0,0.0,9,1517,0,0,0,False,False,28,1575,0,0,False,True,True,True
F2,mid_file_write,20,gt,0,0.0,0,1522,0,0,0,False,False,28,1579,0,0,False,True,True,True
F2,mid_file_write,20,gt,0,0.0,1,1537,0,0,0,False,False,48,1634,0,0,False,True,True,True
F2,mid_file_write,20,gt,0,0.0,2,1403,0,0,0,False,False,38,1479,0,0,False,True,True,True
F2,mid_file_write,20,gt,0,0.0,3,1459,0,0,0,False,False,39,1537,0,0,False,True,True,True
F2,mid_file_write,20,gt,0,0.0,4,1387,0,0,0,False,False,37,1463,0,0,False,True,True,True
F2,mid_file_write,20,gt,0,0.0,5,1566,0,0,0,False,False,28,1624,0,0,False,True,True,True
F2,mid_file_write,20,gt,0,0.0,6,1559,0,0,0,False,False,59,1678,0,0,False,True,True,True
F2,mid_file_write,20,gt,0,0.0,7,1354,0,0,0,False,False,42,1439,0,0,False,True,True,True
F2,mid_file_write,20,gt,0,0.0,8,1451,0,0,0,False,False,36,1524,0,0,False,True,True,True
F2,mid_file_write,20,gt,0,0.0,9,1517,0,0,0,False,False,33,1584,0,0,False,True,True,True
F2,after_file_write,2,gt,0,0.0,0,1522,0,0,0,False,False,72,1594,0,0,False,True,True,True
F2,after_file_write,2,gt,0,0.0,1,1537,0,0,0,False,False,84,1621,0,0,False,True,True,True
F2,after_file_write,2,gt,0,0.0,2,1403,0,0,0,False,False,39,1442,0,0,False,True,True,True
F2,after_file_write,2,gt,0,0.0,3,1459,0,0,0,False,False,60,1519,0,0,False,True,True,True
F2,after_file_write,2,gt,0,0.0,4,1387,0,0,0,False,False,80,1467,0,0,False,True,True,True
F2,after_file_write,2,gt,0,0.0,5,1566,0,0,0,False,False,81,1647,0,0,False,True,True,True
F2,after_file_write,2,gt,0,0.0,6,1559,0,0,0,False,False,64,1623,0,0,False,True,True,True
F2,after_file_write,2,gt,0,0.0,7,1354,0,0,0,False,False,64,1418,0,0,False,True,True,True
F2,after_file_write,2,gt,0,0.0,8,1451,0,0,0,False,False,97,1548,0,0,False,True,True,True
F2,after_file_write,2,gt,0,0.0,9,1517,0,0,0,False,False,47,1564,0,0,False,True,True,True
F2,after_file_write,5,gt,0,0.0,0,1522,0,0,0,False,False,71,1593,0,0,False,True,True,True
F2,after_file_write,5,gt,0,0.0,1,1537,0,0,0,False,False,48,1585,0,0,False,True,True,True
F2,after_file_write,5,gt,0,0.0,2,1403,0,0,0,False,False,80,1483,0,0,False,True,True,True
F2,after_file_write,5,gt,0,0.0,3,1459,0,0,0,False,False,85,1544,0,0,False,True,True,True
F2,after_file_write,5,gt,0,0.0,4,1387,0,0,0,False,False,49,1436,0,0,False,True,True,True
F2,after_file_write,5,gt,0,0.0,5,1566,0,0,0,False,False,65,1631,0,0,False,True,True,True
F2,after_file_write,5,gt,0,0.0,6,1559,0,0,0,False,False,67,1626,0,0,False,True,True,True
F2,after_file_write,5,gt,0,0.0,7,1354,0,0,0,False,False,69,1423,0,0,False,True,True,True
F2,after_file_write,5,gt,0,0.0,8,1451,0,0,0,False,False,84,1535,0,0,False,True,True,True
F2,after_file_write,5,gt,0,0.0,9,1517,0,0,0,False,False,88,1605,0,0,False,True,True,True
F2,after_file_write,10,gt,0,0.0,0,1522,0,0,0,False,False,106,1628,0,0,False,True,True,True
F2,after_file_write,10,gt,0,0.0,1,1537,0,0,0,False,False,70,1607,0,0,False,True,True,True
F2,after_file_write,10,gt,0,0.0,2,1403,0,0,0,False,False,73,1476,0,0,False,True,True,True
F2,after_file_write,10,gt,0,0.0,3,1459,0,0,0,False,False,52,1511,0,0,False,True,True,True
F2,after_file_write,10,gt,0,0.0,4,1387,0,0,0,False,False,88,1475,0,0,False,True,True,True
F2,after_file_write,10,gt,0,0.0,5,1566,0,0,0,False,False,80,1646,0,0,False,True,True,True
F2,after_file_write,10,gt,0,0.0,6,1559,0,0,0,False,False,81,1640,0,0,False,True,True,True
F2,after_file_write,10,gt,0,0.0,7,1354,0,0,0,False,False,81,1435,0,0,False,True,True,True
F2,after_file_write,10,gt,0,0.0,8,1451,0,0,0,False,False,69,1520,0,0,False,True,True,True
F2,after_file_write,10,gt,0,0.0,9,1517,0,0,0,False,False,121,1638,0,0,False,True,True,True
F2,after_file_write,15,gt,0,0.0,0,1522,0,0,0,False,False,59,1581,0,0,False,True,True,True
F2,after_file_write,15,gt,0,0.0,1,1537,0,0,0,False,False,79,1616,0,0,False,True,True,True
F2,after_file_write,15,gt,0,0.0,2,1403,0,0,0,False,False,71,1474,0,0,False,True,True,True
F2,after_file_write,15,gt,0,0.0,3,1459,0,0,0,False,False,70,1529,0,0,False,True,True,True
F2,after_file_write,15,gt,0,0.0,4,1387,0,0,0,False,False,74,1461,0,0,False,True,True,True
F2,after_file_write,15,gt,0,0.0,5,1566,0,0,0,False,False,87,1653,0,0,False,True,True,True
F2,after_file_write,15,gt,0,0.0,6,1559,0,0,0,False,False,73,1632,0,0,False,True,True,True
F2,after_file_write,15,gt,0,0.0,7,1354,0,0,0,False,False,83,1437,0,0,False,True,True,True
F2,after_file_write,15,gt,0,0.0,8,1451,0,0,0,False,False,97,1548,0,0,False,True,True,True
F2,after_file_write,15,gt,0,0.0,9,1517,0,0,0,False,False,58,1575,0,0,False,True,True,True
F2,after_file_write,20,gt,0,0.0,0,1522,0,0,0,False,False,57,1579,0,0,False,True,True,True
F2,after_file_write,20,gt,0,0.0,1,1537,0,0,0,False,False,97,1634,0,0,False,True,True,True
F2,after_file_write,20,gt,0,0.0,2,1403,0,0,0,False,False,76,1479,0,0,False,True,True,True
F2,after_file_write,20,gt,0,0.0,3,1459,0,0,0,False,False,78,1537,0,0,False,True,True,True
F2,after_file_write,20,gt,0,0.0,4,1387,0,0,0,False,False,76,1463,0,0,False,True,True,True
F2,after_file_write,20,gt,0,0.0,5,1566,0,0,0,False,False,58,1624,0,0,False,True,True,True
F2,after_file_write,20,gt,0,0.0,6,1559,0,0,0,False,False,119,1678,0,0,False,True,True,True
F2,after_file_write,20,gt,0,0.0,7,1354,0,0,0,False,False,85,1439,0,0,False,True,True,True
F2,after_file_write,20,gt,0,0.0,8,1451,0,0,0,False,False,73,1524,0,0,False,True,True,True
F2,after_file_write,20,gt,0,0.0,9,1517,0,0,0,False,False,67,1584,0,0,False,True,True,True
F2,after_manifest_tmp,2,gt,0,0.0,0,1522,0,0,0,False,False,72,1594,0,0,False,True,True,True
F2,after_manifest_tmp,2,gt,0,0.0,1,1537,0,0,0,False,False,84,1621,0,0,False,True,True,True
F2,after_manifest_tmp,2,gt,0,0.0,2,1403,0,0,0,False,False,39,1442,0,0,False,True,True,True
F2,after_manifest_tmp,2,gt,0,0.0,3,1459,0,0,0,False,False,60,1519,0,0,False,True,True,True
F2,after_manifest_tmp,2,gt,0,0.0,4,1387,0,0,0,False,False,80,1467,0,0,False,True,True,True
F2,after_manifest_tmp,2,gt,0,0.0,5,1566,0,0,0,False,False,81,1647,0,0,False,True,True,True
F2,after_manifest_tmp,2,gt,0,0.0,6,1559,0,0,0,False,False,64,1623,0,0,False,True,True,True
F2,after_manifest_tmp,2,gt,0,0.0,7,1354,0,0,0,False,False,64,1418,0,0,False,True,True,True
F2,after_manifest_tmp,2,gt,0,0.0,8,1451,0,0,0,False,False,97,1548,0,0,False,True,True,True
F2,after_manifest_tmp,2,gt,0,0.0,9,1517,0,0,0,False,False,47,1564,0,0,False,True,True,True
F2,after_manifest_tmp,5,gt,0,0.0,0,1522,0,0,0,False,False,71,1593,0,0,False,True,True,True
F2,after_manifest_tmp,5,gt,0,0.0,1,1537,0,0,0,False,False,48,1585,0,0,False,True,True,True
F2,after_manifest_tmp,5,gt,0,0.0,2,1403,0,0,0,False,False,80,1483,0,0,False,True,True,True
F2,after_manifest_tmp,5,gt,0,0.0,3,1459,0,0,0,False,False,85,1544,0,0,False,True,True,True
F2,after_manifest_tmp,5,gt,0,0.0,4,1387,0,0,0,False,False,49,1436,0,0,False,True,True,True
F2,after_manifest_tmp,5,gt,0,0.0,5,1566,0,0,0,False,False,65,1631,0,0,False,True,True,True
F2,after_manifest_tmp,5,gt,0,0.0,6,1559,0,0,0,False,False,67,1626,0,0,False,True,True,True
F2,after_manifest_tmp,5,gt,0,0.0,7,1354,0,0,0,False,False,69,1423,0,0,False,True,True,True
F2,after_manifest_tmp,5,gt,0,0.0,8,1451,0,0,0,False,False,84,1535,0,0,False,True,True,True
F2,after_manifest_tmp,5,gt,0,0.0,9,1517,0,0,0,False,False,88,1605,0,0,False,True,True,True
F2,after_manifest_tmp,10,gt,0,0.0,0,1522,0,0,0,False,False,106,1628,0,0,False,True,True,True
F2,after_manifest_tmp,10,gt,0,0.0,1,1537,0,0,0,False,False,70,1607,0,0,False,True,True,True
F2,after_manifest_tmp,10,gt,0,0.0,2,1403,0,0,0,False,False,73,1476,0,0,False,True,True,True
F2,after_manifest_tmp,10,gt,0,0.0,3,1459,0,0,0,False,False,52,1511,0,0,False,True,True,True
F2,after_manifest_tmp,10,gt,0,0.0,4,1387,0,0,0,False,False,88,1475,0,0,False,True,True,True
F2,after_manifest_tmp,10,gt,0,0.0,5,1566,0,0,0,False,False,80,1646,0,0,False,True,True,True
F2,after_manifest_tmp,10,gt,0,0.0,6,1559,0,0,0,False,False,81,1640,0,0,False,True,True,True
F2,after_manifest_tmp,10,gt,0,0.0,7,1354,0,0,0,False,False,81,1435,0,0,False,True,True,True
F2,after_manifest_tmp,10,gt,0,0.0,8,1451,0,0,0,False,False,69,1520,0,0,False,True,True,True
F2,after_manifest_tmp,10,gt,0,0.0,9,1517,0,0,0,False,False,121,1638,0,0,False,True,True,True
F2,after_manifest_tmp,15,gt,0,0.0,0,1522,0,0,0,False,False,59,1581,0,0,False,True,True,True
F2,after_manifest_tmp,15,gt,0,0.0,1,1537,0,0,0,False,False,79,1616,0,0,False,True,True,True
F2,after_manifest_tmp,15,gt,0,0.0,2,1403,0,0,0,False,False,71,1474,0,0,False,True,True,True
F2,after_manifest_tmp,15,gt,0,0.0,3,1459,0,0,0,False,False,70,1529,0,0,False,True,True,True
F2,after_manifest_tmp,15,gt,0,0.0,4,1387,0,0,0,False,False,74,1461,0,0,False,True,True,True
F2,after_manifest_tmp,15,gt,0,0.0,5,1566,0,0,0,False,False,87,1653,0,0,False,True,True,True
F2,after_manifest_tmp,15,gt,0,0.0,6,1559,0,0,0,False,False,73,1632,0,0,False,True,True,True
F2,after_manifest_tmp,15,gt,0,0.0,7,1354,0,0,0,False,False,83,1437,0,0,False,True,True,True
F2,after_manifest_tmp,15,gt,0,0.0,8,1451,0,0,0,False,False,97,1548,0,0,False,True,True,True
F2,after_manifest_tmp,15,gt,0,0.0,9,1517,0,0,0,False,False,58,1575,0,0,False,True,True,True
F2,after_manifest_tmp,20,gt,0,0.0,0,1522,0,0,0,False,False,57,1579,0,0,False,True,True,True
F2,after_manifest_tmp,20,gt,0,0.0,1,1537,0,0,0,False,False,97,1634,0,0,False,True,True,True
F2,after_manifest_tmp,20,gt,0,0.0,2,1403,0,0,0,False,False,76,1479,0,0,False,True,True,True
F2,after_manifest_tmp,20,gt,0,0.0,3,1459,0,0,0,False,False,78,1537,0,0,False,True,True,True
F2,after_manifest_tmp,20,gt,0,0.0,4,1387,0,0,0,False,False,76,1463,0,0,False,True,True,True
F2,after_manifest_tmp,20,gt,0,0.0,5,1566,0,0,0,False,False,58,1624,0,0,False,True,True,True
F2,after_manifest_tmp,20,gt,0,0.0,6,1559,0,0,0,False,False,119,1678,0,0,False,True,True,True
F2,after_manifest_tmp,20,gt,0,0.0,7,1354,0,0,0,False,False,85,1439,0,0,False,True,True,True
F2,after_manifest_tmp,20,gt,0,0.0,8,1451,0,0,0,False,False,73,1524,0,0,False,True,True,True
F2,after_manifest_tmp,20,gt,0,0.0,9,1517,0,0,0,False,False,67,1584,0,0,False,True,True,True
F2,after_commit,2,gt,0,0.0,0,1522,0,0,0,False,False,0,1522,0,0,False,True,True,True
F2,after_commit,2,gt,0,0.0,1,1537,0,0,0,False,False,0,1537,0,0,False,True,True,True
F2,after_commit,2,gt,0,0.0,2,1403,0,0,0,False,False,0,1403,0,0,False,True,True,True
F2,after_commit,2,gt,0,0.0,3,1459,0,0,0,False,False,0,1459,0,0,False,True,True,True
F2,after_commit,2,gt,0,0.0,4,1387,0,0,0,False,False,0,1387,0,0,False,True,True,True
F2,after_commit,2,gt,0,0.0,5,1566,0,0,0,False,False,0,1566,0,0,False,True,True,True
F2,after_commit,2,gt,0,0.0,6,1559,0,0,0,False,False,0,1559,0,0,False,True,True,True
F2,after_commit,2,gt,0,0.0,7,1354,0,0,0,False,False,0,1354,0,0,False,True,True,True
F2,after_commit,2,gt,0,0.0,8,1451,0,0,0,False,False,0,1451,0,0,False,True,True,True
F2,after_commit,2,gt,0,0.0,9,1517,0,0,0,False,False,0,1517,0,0,False,True,True,True
F2,after_commit,5,gt,0,0.0,0,1522,0,0,0,False,False,0,1522,0,0,False,True,True,True
F2,after_commit,5,gt,0,0.0,1,1537,0,0,0,False,False,0,1537,0,0,False,True,True,True
F2,after_commit,5,gt,0,0.0,2,1403,0,0,0,False,False,0,1403,0,0,False,True,True,True
F2,after_commit,5,gt,0,0.0,3,1459,0,0,0,False,False,0,1459,0,0,False,True,True,True
F2,after_commit,5,gt,0,0.0,4,1387,0,0,0,False,False,0,1387,0,0,False,True,True,True
F2,after_commit,5,gt,0,0.0,5,1566,0,0,0,False,False,0,1566,0,0,False,True,True,True
F2,after_commit,5,gt,0,0.0,6,1559,0,0,0,False,False,0,1559,0,0,False,True,True,True
F2,after_commit,5,gt,0,0.0,7,1354,0,0,0,False,False,0,1354,0,0,False,True,True,True
F2,after_commit,5,gt,0,0.0,8,1451,0,0,0,False,False,0,1451,0,0,False,True,True,True
F2,after_commit,5,gt,0,0.0,9,1517,0,0,0,False,False,0,1517,0,0,False,True,True,True
F2,after_commit,10,gt,0,0.0,0,1522,0,0,0,False,False,0,1522,0,0,False,True,True,True
F2,after_commit,10,gt,0,0.0,1,1537,0,0,0,False,False,0,1537,0,0,False,True,True,True
F2,after_commit,10,gt,0,0.0,2,1403,0,0,0,False,False,0,1403,0,0,False,True,True,True
F2,after_commit,10,gt,0,0.0,3,1459,0,0,0,False,False,0,1459,0,0,False,True,True,True
F2,after_commit,10,gt,0,0.0,4,1387,0,0,0,False,False,0,1387,0,0,False,True,True,True
F2,after_commit,10,gt,0,0.0,5,1566,0,0,0,False,False,0,1566,0,0,False,True,True,True
F2,after_commit,10,gt,0,0.0,6,1559,0,0,0,False,False,0,1559,0,0,False,True,True,True
F2,after_commit,10,gt,0,0.0,7,1354,0,0,0,False,False,0,1354,0,0,False,True,True,True
F2,after_commit,10,gt,0,0.0,8,1451,0,0,0,False,False,0,1451,0,0,False,True,True,True
F2,after_commit,10,gt,0,0.0,9,1517,0,0,0,False,False,0,1517,0,0,False,True,True,True
F2,after_commit,15,gt,0,0.0,0,1522,0,0,0,False,False,0,1522,0,0,False,True,True,True
F2,after_commit,15,gt,0,0.0,1,1537,0,0,0,False,False,0,1537,0,0,False,True,True,True
F2,after_commit,15,gt,0,0.0,2,1403,0,0,0,False,False,0,1403,0,0,False,True,True,True
F2,after_commit,15,gt,0,0.0,3,1459,0,0,0,False,False,0,1459,0,0,False,True,True,True
F2,after_commit,15,gt,0,0.0,4,1387,0,0,0,False,False,0,1387,0,0,False,True,True,True
F2,after_commit,15,gt,0,0.0,5,1566,0,0,0,False,False,0,1566,0,0,False,True,True,True
F2,after_commit,15,gt,0,0.0,6,1559,0,0,0,False,False,0,1559,0,0,False,True,True,True
F2,after_commit,15,gt,0,0.0,7,1354,0,0,0,False,False,0,1354,0,0,False,True,True,True
F2,after_commit,15,gt,0,0.0,8,1451,0,0,0,False,False,0,1451,0,0,False,True,True,True
F2,after_commit,15,gt,0,0.0,9,1517,0,0,0,False,False,0,1517,0,0,False,True,True,True
F2,after_commit,20,gt,0,0.0,0,1522,0,0,0,False,False,0,1522,0,0,False,True,True,True
F2,after_commit,20,gt,0,0.0,1,1537,0,0,0,False,False,0,1537,0,0,False,True,True,True
F2,after_commit,20,gt,0,0.0,2,1403,0,0,0,False,False,0,1403,0,0,False,True,True,True
F2,after_commit,20,gt,0,0.0,3,1459,0,0,0,False,False,0,1459,0,0,False,True,True,True
F2,after_commit,20,gt,0,0.0,4,1387,0,0,0,False,False,0,1387,0,0,False,True,True,True
F2,after_commit,20,gt,0,0.0,5,1566,0,0,0,False,False,0,1566,0,0,False,True,True,True
F2,after_commit,20,gt,0,0.0,6,1559,0,0,0,False,False,0,1559,0,0,False,True,True,True
F2,after_commit,20,gt,0,0.0,7,1354,0,0,0,False,False,0,1354,0,0,False,True,True,True
F2,after_commit,20,gt,0,0.0,8,1451,0,0,0,False,False,0,1451,0,0,False,True,True,True
F2,after_commit,20,gt,0,0.0,9,1517,0,0,0,False,False,0,1517,0,0,False,True,True,True
F3,after_extract,2,gt,0,0.0,0,1522,0,0,0,False,False,0,1594,0,0,False,True,True,True
F3,after_extract,2,gt,0,0.0,1,1537,0,0,0,False,False,0,1621,0,0,False,True,True,True
F3,after_extract,2,gt,0,0.0,2,1403,0,0,0,False,False,0,1442,0,0,False,True,True,True
F3,after_extract,2,gt,0,0.0,3,1459,0,0,0,False,False,0,1519,0,0,False,True,True,True
F3,after_extract,2,gt,0,0.0,4,1387,0,0,0,False,False,0,1467,0,0,False,True,True,True
F3,after_extract,2,gt,0,0.0,5,1566,0,0,0,False,False,0,1647,0,0,False,True,True,True
F3,after_extract,2,gt,0,0.0,6,1559,0,0,0,False,False,0,1623,0,0,False,True,True,True
F3,after_extract,2,gt,0,0.0,7,1354,0,0,0,False,False,0,1418,0,0,False,True,True,True
F3,after_extract,2,gt,0,0.0,8,1451,0,0,0,False,False,0,1548,0,0,False,True,True,True
F3,after_extract,2,gt,0,0.0,9,1517,0,0,0,False,False,0,1564,0,0,False,True,True,True
F3,after_extract,5,gt,0,0.0,0,1522,0,0,0,False,False,0,1593,0,0,False,True,True,True
F3,after_extract,5,gt,0,0.0,1,1537,0,0,0,False,False,0,1585,0,0,False,True,True,True
F3,after_extract,5,gt,0,0.0,2,1403,0,0,0,False,False,0,1483,0,0,False,True,True,True
F3,after_extract,5,gt,0,0.0,3,1459,0,0,0,False,False,0,1544,0,0,False,True,True,True
F3,after_extract,5,gt,0,0.0,4,1387,0,0,0,False,False,0,1436,0,0,False,True,True,True
F3,after_extract,5,gt,0,0.0,5,1566,0,0,0,False,False,0,1631,0,0,False,True,True,True
F3,after_extract,5,gt,0,0.0,6,1559,0,0,0,False,False,0,1626,0,0,False,True,True,True
F3,after_extract,5,gt,0,0.0,7,1354,0,0,0,False,False,0,1423,0,0,False,True,True,True
F3,after_extract,5,gt,0,0.0,8,1451,0,0,0,False,False,0,1535,0,0,False,True,True,True
F3,after_extract,5,gt,0,0.0,9,1517,0,0,0,False,False,0,1605,0,0,False,True,True,True
F3,after_extract,10,gt,0,0.0,0,1522,0,0,0,False,False,0,1628,0,0,False,True,True,True
F3,after_extract,10,gt,0,0.0,1,1537,0,0,0,False,False,0,1607,0,0,False,True,True,True
F3,after_extract,10,gt,0,0.0,2,1403,0,0,0,False,False,0,1476,0,0,False,True,True,True
F3,after_extract,10,gt,0,0.0,3,1459,0,0,0,False,False,0,1511,0,0,False,True,True,True
F3,after_extract,10,gt,0,0.0,4,1387,0,0,0,False,False,0,1475,0,0,False,True,True,True
F3,after_extract,10,gt,0,0.0,5,1566,0,0,0,False,False,0,1646,0,0,False,True,True,True
F3,after_extract,10,gt,0,0.0,6,1559,0,0,0,False,False,0,1640,0,0,False,True,True,True
F3,after_extract,10,gt,0,0.0,7,1354,0,0,0,False,False,0,1435,0,0,False,True,True,True
F3,after_extract,10,gt,0,0.0,8,1451,0,0,0,False,False,0,1520,0,0,False,True,True,True
F3,after_extract,10,gt,0,0.0,9,1517,0,0,0,False,False,0,1638,0,0,False,True,True,True
F3,after_extract,15,gt,0,0.0,0,1522,0,0,0,False,False,0,1581,0,0,False,True,True,True
F3,after_extract,15,gt,0,0.0,1,1537,0,0,0,False,False,0,1616,0,0,False,True,True,True
F3,after_extract,15,gt,0,0.0,2,1403,0,0,0,False,False,0,1474,0,0,False,True,True,True
F3,after_extract,15,gt,0,0.0,3,1459,0,0,0,False,False,0,1529,0,0,False,True,True,True
F3,after_extract,15,gt,0,0.0,4,1387,0,0,0,False,False,0,1461,0,0,False,True,True,True
F3,after_extract,15,gt,0,0.0,5,1566,0,0,0,False,False,0,1653,0,0,False,True,True,True
F3,after_extract,15,gt,0,0.0,6,1559,0,0,0,False,False,0,1632,0,0,False,True,True,True
F3,after_extract,15,gt,0,0.0,7,1354,0,0,0,False,False,0,1437,0,0,False,True,True,True
F3,after_extract,15,gt,0,0.0,8,1451,0,0,0,False,False,0,1548,0,0,False,True,True,True
F3,after_extract,15,gt,0,0.0,9,1517,0,0,0,False,False,0,1575,0,0,False,True,True,True
F3,after_extract,20,gt,0,0.0,0,1522,0,0,0,False,False,0,1579,0,0,False,True,True,True
F3,after_extract,20,gt,0,0.0,1,1537,0,0,0,False,False,0,1634,0,0,False,True,True,True
F3,after_extract,20,gt,0,0.0,2,1403,0,0,0,False,False,0,1479,0,0,False,True,True,True
F3,after_extract,20,gt,0,0.0,3,1459,0,0,0,False,False,0,1537,0,0,False,True,True,True
F3,after_extract,20,gt,0,0.0,4,1387,0,0,0,False,False,0,1463,0,0,False,True,True,True
F3,after_extract,20,gt,0,0.0,5,1566,0,0,0,False,False,0,1624,0,0,False,True,True,True
F3,after_extract,20,gt,0,0.0,6,1559,0,0,0,False,False,0,1678,0,0,False,True,True,True
F3,after_extract,20,gt,0,0.0,7,1354,0,0,0,False,False,0,1439,0,0,False,True,True,True
F3,after_extract,20,gt,0,0.0,8,1451,0,0,0,False,False,0,1524,0,0,False,True,True,True
F3,after_extract,20,gt,0,0.0,9,1517,0,0,0,False,False,0,1584,0,0,False,True,True,True
F3,mid_file_write,2,gt,0,0.0,0,1522,0,0,0,False,False,36,1594,0,0,False,True,True,True
F3,mid_file_write,2,gt,0,0.0,1,1537,0,0,0,False,False,42,1621,0,0,False,True,True,True
F3,mid_file_write,2,gt,0,0.0,2,1403,0,0,0,False,False,19,1442,0,0,False,True,True,True
F3,mid_file_write,2,gt,0,0.0,3,1459,0,0,0,False,False,30,1519,0,0,False,True,True,True
F3,mid_file_write,2,gt,0,0.0,4,1387,0,0,0,False,False,40,1467,0,0,False,True,True,True
F3,mid_file_write,2,gt,0,0.0,5,1566,0,0,0,False,False,40,1647,0,0,False,True,True,True
F3,mid_file_write,2,gt,0,0.0,6,1559,0,0,0,False,False,31,1623,0,0,False,True,True,True
F3,mid_file_write,2,gt,0,0.0,7,1354,0,0,0,False,False,32,1418,0,0,False,True,True,True
F3,mid_file_write,2,gt,0,0.0,8,1451,0,0,0,False,False,48,1548,0,0,False,True,True,True
F3,mid_file_write,2,gt,0,0.0,9,1517,0,0,0,False,False,23,1564,0,0,False,True,True,True
F3,mid_file_write,5,gt,0,0.0,0,1522,0,0,0,False,False,35,1593,0,0,False,True,True,True
F3,mid_file_write,5,gt,0,0.0,1,1537,0,0,0,False,False,24,1585,0,0,False,True,True,True
F3,mid_file_write,5,gt,0,0.0,2,1403,0,0,0,False,False,40,1483,0,0,False,True,True,True
F3,mid_file_write,5,gt,0,0.0,3,1459,0,0,0,False,False,42,1544,0,0,False,True,True,True
F3,mid_file_write,5,gt,0,0.0,4,1387,0,0,0,False,False,24,1436,0,0,False,True,True,True
F3,mid_file_write,5,gt,0,0.0,5,1566,0,0,0,False,False,32,1631,0,0,False,True,True,True
F3,mid_file_write,5,gt,0,0.0,6,1559,0,0,0,False,False,33,1626,0,0,False,True,True,True
F3,mid_file_write,5,gt,0,0.0,7,1354,0,0,0,False,False,34,1423,0,0,False,True,True,True
F3,mid_file_write,5,gt,0,0.0,8,1451,0,0,0,False,False,42,1535,0,0,False,True,True,True
F3,mid_file_write,5,gt,0,0.0,9,1517,0,0,0,False,False,44,1605,0,0,False,True,True,True
F3,mid_file_write,10,gt,0,0.0,0,1522,0,0,0,False,False,53,1628,0,0,False,True,True,True
F3,mid_file_write,10,gt,0,0.0,1,1537,0,0,0,False,False,35,1607,0,0,False,True,True,True
F3,mid_file_write,10,gt,0,0.0,2,1403,0,0,0,False,False,36,1476,0,0,False,True,True,True
F3,mid_file_write,10,gt,0,0.0,3,1459,0,0,0,False,False,26,1511,0,0,False,True,True,True
F3,mid_file_write,10,gt,0,0.0,4,1387,0,0,0,False,False,44,1475,0,0,False,True,True,True
F3,mid_file_write,10,gt,0,0.0,5,1566,0,0,0,False,False,40,1646,0,0,False,True,True,True
F3,mid_file_write,10,gt,0,0.0,6,1559,0,0,0,False,False,40,1640,0,0,False,True,True,True
F3,mid_file_write,10,gt,0,0.0,7,1354,0,0,0,False,False,40,1435,0,0,False,True,True,True
F3,mid_file_write,10,gt,0,0.0,8,1451,0,0,0,False,False,34,1520,0,0,False,True,True,True
F3,mid_file_write,10,gt,0,0.0,9,1517,0,0,0,False,False,60,1638,0,0,False,True,True,True
F3,mid_file_write,15,gt,0,0.0,0,1522,0,0,0,False,False,29,1581,0,0,False,True,True,True
F3,mid_file_write,15,gt,0,0.0,1,1537,0,0,0,False,False,39,1616,0,0,False,True,True,True
F3,mid_file_write,15,gt,0,0.0,2,1403,0,0,0,False,False,35,1474,0,0,False,True,True,True
F3,mid_file_write,15,gt,0,0.0,3,1459,0,0,0,False,False,35,1529,0,0,False,True,True,True
F3,mid_file_write,15,gt,0,0.0,4,1387,0,0,0,False,False,37,1461,0,0,False,True,True,True
F3,mid_file_write,15,gt,0,0.0,5,1566,0,0,0,False,False,43,1653,0,0,False,True,True,True
F3,mid_file_write,15,gt,0,0.0,6,1559,0,0,0,False,False,36,1632,0,0,False,True,True,True
F3,mid_file_write,15,gt,0,0.0,7,1354,0,0,0,False,False,41,1437,0,0,False,True,True,True
F3,mid_file_write,15,gt,0,0.0,8,1451,0,0,0,False,False,48,1548,0,0,False,True,True,True
F3,mid_file_write,15,gt,0,0.0,9,1517,0,0,0,False,False,28,1575,0,0,False,True,True,True
F3,mid_file_write,20,gt,0,0.0,0,1522,0,0,0,False,False,28,1579,0,0,False,True,True,True
F3,mid_file_write,20,gt,0,0.0,1,1537,0,0,0,False,False,48,1634,0,0,False,True,True,True
F3,mid_file_write,20,gt,0,0.0,2,1403,0,0,0,False,False,38,1479,0,0,False,True,True,True
F3,mid_file_write,20,gt,0,0.0,3,1459,0,0,0,False,False,39,1537,0,0,False,True,True,True
F3,mid_file_write,20,gt,0,0.0,4,1387,0,0,0,False,False,37,1463,0,0,False,True,True,True
F3,mid_file_write,20,gt,0,0.0,5,1566,0,0,0,False,False,28,1624,0,0,False,True,True,True
F3,mid_file_write,20,gt,0,0.0,6,1559,0,0,0,False,False,59,1678,0,0,False,True,True,True
F3,mid_file_write,20,gt,0,0.0,7,1354,0,0,0,False,False,42,1439,0,0,False,True,True,True
F3,mid_file_write,20,gt,0,0.0,8,1451,0,0,0,False,False,36,1524,0,0,False,True,True,True
F3,mid_file_write,20,gt,0,0.0,9,1517,0,0,0,False,False,33,1584,0,0,False,True,True,True
F3,after_file_write,2,gt,0,0.0,0,1522,0,0,0,False,False,72,1594,0,0,False,True,True,True
F3,after_file_write,2,gt,0,0.0,1,1537,0,0,0,False,False,84,1621,0,0,False,True,True,True
F3,after_file_write,2,gt,0,0.0,2,1403,0,0,0,False,False,39,1442,0,0,False,True,True,True
F3,after_file_write,2,gt,0,0.0,3,1459,0,0,0,False,False,60,1519,0,0,False,True,True,True
F3,after_file_write,2,gt,0,0.0,4,1387,0,0,0,False,False,80,1467,0,0,False,True,True,True
F3,after_file_write,2,gt,0,0.0,5,1566,0,0,0,False,False,81,1647,0,0,False,True,True,True
F3,after_file_write,2,gt,0,0.0,6,1559,0,0,0,False,False,64,1623,0,0,False,True,True,True
F3,after_file_write,2,gt,0,0.0,7,1354,0,0,0,False,False,64,1418,0,0,False,True,True,True
F3,after_file_write,2,gt,0,0.0,8,1451,0,0,0,False,False,97,1548,0,0,False,True,True,True
F3,after_file_write,2,gt,0,0.0,9,1517,0,0,0,False,False,47,1564,0,0,False,True,True,True
F3,after_file_write,5,gt,0,0.0,0,1522,0,0,0,False,False,71,1593,0,0,False,True,True,True
F3,after_file_write,5,gt,0,0.0,1,1537,0,0,0,False,False,48,1585,0,0,False,True,True,True
F3,after_file_write,5,gt,0,0.0,2,1403,0,0,0,False,False,80,1483,0,0,False,True,True,True
F3,after_file_write,5,gt,0,0.0,3,1459,0,0,0,False,False,85,1544,0,0,False,True,True,True
F3,after_file_write,5,gt,0,0.0,4,1387,0,0,0,False,False,49,1436,0,0,False,True,True,True
F3,after_file_write,5,gt,0,0.0,5,1566,0,0,0,False,False,65,1631,0,0,False,True,True,True
F3,after_file_write,5,gt,0,0.0,6,1559,0,0,0,False,False,67,1626,0,0,False,True,True,True
F3,after_file_write,5,gt,0,0.0,7,1354,0,0,0,False,False,69,1423,0,0,False,True,True,True
F3,after_file_write,5,gt,0,0.0,8,1451,0,0,0,False,False,84,1535,0,0,False,True,True,True
F3,after_file_write,5,gt,0,0.0,9,1517,0,0,0,False,False,88,1605,0,0,False,True,True,True
F3,after_file_write,10,gt,0,0.0,0,1522,0,0,0,False,False,106,1628,0,0,False,True,True,True
F3,after_file_write,10,gt,0,0.0,1,1537,0,0,0,False,False,70,1607,0,0,False,True,True,True
F3,after_file_write,10,gt,0,0.0,2,1403,0,0,0,False,False,73,1476,0,0,False,True,True,True
F3,after_file_write,10,gt,0,0.0,3,1459,0,0,0,False,False,52,1511,0,0,False,True,True,True
F3,after_file_write,10,gt,0,0.0,4,1387,0,0,0,False,False,88,1475,0,0,False,True,True,True
F3,after_file_write,10,gt,0,0.0,5,1566,0,0,0,False,False,80,1646,0,0,False,True,True,True
F3,after_file_write,10,gt,0,0.0,6,1559,0,0,0,False,False,81,1640,0,0,False,True,True,True
F3,after_file_write,10,gt,0,0.0,7,1354,0,0,0,False,False,81,1435,0,0,False,True,True,True
F3,after_file_write,10,gt,0,0.0,8,1451,0,0,0,False,False,69,1520,0,0,False,True,True,True
F3,after_file_write,10,gt,0,0.0,9,1517,0,0,0,False,False,121,1638,0,0,False,True,True,True
F3,after_file_write,15,gt,0,0.0,0,1522,0,0,0,False,False,59,1581,0,0,False,True,True,True
F3,after_file_write,15,gt,0,0.0,1,1537,0,0,0,False,False,79,1616,0,0,False,True,True,True
F3,after_file_write,15,gt,0,0.0,2,1403,0,0,0,False,False,71,1474,0,0,False,True,True,True
F3,after_file_write,15,gt,0,0.0,3,1459,0,0,0,False,False,70,1529,0,0,False,True,True,True
F3,after_file_write,15,gt,0,0.0,4,1387,0,0,0,False,False,74,1461,0,0,False,True,True,True
F3,after_file_write,15,gt,0,0.0,5,1566,0,0,0,False,False,87,1653,0,0,False,True,True,True
F3,after_file_write,15,gt,0,0.0,6,1559,0,0,0,False,False,73,1632,0,0,False,True,True,True
F3,after_file_write,15,gt,0,0.0,7,1354,0,0,0,False,False,83,1437,0,0,False,True,True,True
F3,after_file_write,15,gt,0,0.0,8,1451,0,0,0,False,False,97,1548,0,0,False,True,True,True
F3,after_file_write,15,gt,0,0.0,9,1517,0,0,0,False,False,58,1575,0,0,False,True,True,True
F3,after_file_write,20,gt,0,0.0,0,1522,0,0,0,False,False,57,1579,0,0,False,True,True,True
F3,after_file_write,20,gt,0,0.0,1,1537,0,0,0,False,False,97,1634,0,0,False,True,True,True
F3,after_file_write,20,gt,0,0.0,2,1403,0,0,0,False,False,76,1479,0,0,False,True,True,True
F3,after_file_write,20,gt,0,0.0,3,1459,0,0,0,False,False,78,1537,0,0,False,True,True,True
F3,after_file_write,20,gt,0,0.0,4,1387,0,0,0,False,False,76,1463,0,0,False,True,True,True
F3,after_file_write,20,gt,0,0.0,5,1566,0,0,0,False,False,58,1624,0,0,False,True,True,True
F3,after_file_write,20,gt,0,0.0,6,1559,0,0,0,False,False,119,1678,0,0,False,True,True,True
F3,after_file_write,20,gt,0,0.0,7,1354,0,0,0,False,False,85,1439,0,0,False,True,True,True
F3,after_file_write,20,gt,0,0.0,8,1451,0,0,0,False,False,73,1524,0,0,False,True,True,True
F3,after_file_write,20,gt,0,0.0,9,1517,0,0,0,False,False,67,1584,0,0,False,True,True,True
F3,mid_manifest_write,2,gt,0,0.0,0,138,0,0,0,True,True,0,138,0,0,True,True,False,False
F3,mid_manifest_write,2,gt,0,0.0,1,159,0,0,0,True,True,0,159,0,0,True,True,False,False
F3,mid_manifest_write,2,gt,0,0.0,2,86,0,0,0,True,True,0,86,0,0,True,True,False,False
F3,mid_manifest_write,2,gt,0,0.0,3,121,0,0,0,True,True,0,121,0,0,True,True,False,False
F3,mid_manifest_write,2,gt,0,0.0,4,137,0,0,0,True,True,0,137,0,0,True,True,False,False
F3,mid_manifest_write,2,gt,0,0.0,5,173,0,0,0,True,True,0,173,0,0,True,True,False,False
F3,mid_manifest_write,2,gt,0,0.0,6,162,0,0,0,True,True,0,162,0,0,True,True,False,False
F3,mid_manifest_write,2,gt,0,0.0,7,107,0,0,0,True,True,0,107,0,0,True,True,False,False
F3,mid_manifest_write,2,gt,0,0.0,8,155,0,0,0,True,True,0,155,0,0,True,True,False,False
F3,mid_manifest_write,2,gt,0,0.0,9,86,0,0,0,True,True,0,86,0,0,True,True,False,False
F3,mid_manifest_write,5,gt,0,0.0,0,380,0,0,0,True,True,0,380,0,0,True,True,False,False
F3,mid_manifest_write,5,gt,0,0.0,1,364,0,0,0,True,True,0,364,0,0,True,True,False,False
F3,mid_manifest_write,5,gt,0,0.0,2,327,0,0,0,True,True,0,327,0,0,True,True,False,False
F3,mid_manifest_write,5,gt,0,0.0,3,376,0,0,0,True,True,0,376,0,0,True,True,False,False
F3,mid_manifest_write,5,gt,0,0.0,4,318,0,0,0,True,True,0,318,0,0,True,True,False,False
F3,mid_manifest_write,5,gt,0,0.0,5,422,0,0,0,True,True,0,422,0,0,True,True,False,False
F3,mid_manifest_write,5,gt,0,0.0,6,368,0,0,0,True,True,0,368,0,0,True,True,False,False
F3,mid_manifest_write,5,gt,0,0.0,7,307,0,0,0,True,True,0,307,0,0,True,True,False,False
F3,mid_manifest_write,5,gt,0,0.0,8,404,0,0,0,True,True,0,404,0,0,True,True,False,False
F3,mid_manifest_write,5,gt,0,0.0,9,363,0,0,0,True,True,0,363,0,0,True,True,False,False
F3,mid_manifest_write,10,gt,0,0.0,0,811,0,0,0,True,True,0,811,0,0,True,True,False,False
F3,mid_manifest_write,10,gt,0,0.0,1,767,0,0,0,True,True,0,767,0,0,True,True,False,False
F3,mid_manifest_write,10,gt,0,0.0,2,705,0,0,0,True,True,0,705,0,0,True,True,False,False
F3,mid_manifest_write,10,gt,0,0.0,3,687,0,0,0,True,True,0,687,0,0,True,True,False,False
F3,mid_manifest_write,10,gt,0,0.0,4,703,0,0,0,True,True,0,703,0,0,True,True,False,False
F3,mid_manifest_write,10,gt,0,0.0,5,769,0,0,0,True,True,0,769,0,0,True,True,False,False
F3,mid_manifest_write,10,gt,0,0.0,6,712,0,0,0,True,True,0,712,0,0,True,True,False,False
F3,mid_manifest_write,10,gt,0,0.0,7,631,0,0,0,True,True,0,631,0,0,True,True,False,False
F3,mid_manifest_write,10,gt,0,0.0,8,707,0,0,0,True,True,0,707,0,0,True,True,False,False
F3,mid_manifest_write,10,gt,0,0.0,9,818,0,0,0,True,True,0,818,0,0,True,True,False,False
F3,mid_manifest_write,15,gt,0,0.0,0,1169,0,0,0,True,True,0,1169,0,0,True,True,False,False
F3,mid_manifest_write,15,gt,0,0.0,1,1163,0,0,0,True,True,0,1163,0,0,True,True,False,False
F3,mid_manifest_write,15,gt,0,0.0,2,1056,0,0,0,True,True,0,1056,0,0,True,True,False,False
F3,mid_manifest_write,15,gt,0,0.0,3,1079,0,0,0,True,True,0,1079,0,0,True,True,False,False
F3,mid_manifest_write,15,gt,0,0.0,4,1040,0,0,0,True,True,0,1040,0,0,True,True,False,False
F3,mid_manifest_write,15,gt,0,0.0,5,1183,0,0,0,True,True,0,1183,0,0,True,True,False,False
F3,mid_manifest_write,15,gt,0,0.0,6,1096,0,0,0,True,True,0,1096,0,0,True,True,False,False
F3,mid_manifest_write,15,gt,0,0.0,7,1003,0,0,0,True,True,0,1003,0,0,True,True,False,False
F3,mid_manifest_write,15,gt,0,0.0,8,1093,0,0,0,True,True,0,1093,0,0,True,True,False,False
F3,mid_manifest_write,15,gt,0,0.0,9,1176,0,0,0,True,True,0,1176,0,0,True,True,False,False
F3,mid_manifest_write,20,gt,0,0.0,0,1522,0,0,0,True,True,0,1522,0,0,True,True,False,False
F3,mid_manifest_write,20,gt,0,0.0,1,1537,0,0,0,True,True,0,1537,0,0,True,True,False,False
F3,mid_manifest_write,20,gt,0,0.0,2,1403,0,0,0,True,True,0,1403,0,0,True,True,False,False
F3,mid_manifest_write,20,gt,0,0.0,3,1459,0,0,0,True,True,0,1459,0,0,True,True,False,False
F3,mid_manifest_write,20,gt,0,0.0,4,1387,0,0,0,True,True,0,1387,0,0,True,True,False,False
F3,mid_manifest_write,20,gt,0,0.0,5,1566,0,0,0,True,True,0,1566,0,0,True,True,False,False
F3,mid_manifest_write,20,gt,0,0.0,6,1559,0,0,0,True,True,0,1559,0,0,True,True,False,False
F3,mid_manifest_write,20,gt,0,0.0,7,1354,0,0,0,True,True,0,1354,0,0,True,True,False,False
F3,mid_manifest_write,20,gt,0,0.0,8,1451,0,0,0,True,True,0,1451,0,0,True,True,False,False
F3,mid_manifest_write,20,gt,0,0.0,9,1517,0,0,0,True,True,0,1517,0,0,True,True,False,False
F3,after_commit,2,gt,0,0.0,0,1522,0,0,0,False,False,0,1522,0,0,False,True,True,True
F3,after_commit,2,gt,0,0.0,1,1537,0,0,0,False,False,0,1537,0,0,False,True,True,True
F3,after_commit,2,gt,0,0.0,2,1403,0,0,0,False,False,0,1403,0,0,False,True,True,True
F3,after_commit,2,gt,0,0.0,3,1459,0,0,0,False,False,0,1459,0,0,False,True,True,True
F3,after_commit,2,gt,0,0.0,4,1387,0,0,0,False,False,0,1387,0,0,False,True,True,True
F3,after_commit,2,gt,0,0.0,5,1566,0,0,0,False,False,0,1566,0,0,False,True,True,True
F3,after_commit,2,gt,0,0.0,6,1559,0,0,0,False,False,0,1559,0,0,False,True,True,True
F3,after_commit,2,gt,0,0.0,7,1354,0,0,0,False,False,0,1354,0,0,False,True,True,True
F3,after_commit,2,gt,0,0.0,8,1451,0,0,0,False,False,0,1451,0,0,False,True,True,True
F3,after_commit,2,gt,0,0.0,9,1517,0,0,0,False,False,0,1517,0,0,False,True,True,True
F3,after_commit,5,gt,0,0.0,0,1522,0,0,0,False,False,0,1522,0,0,False,True,True,True
F3,after_commit,5,gt,0,0.0,1,1537,0,0,0,False,False,0,1537,0,0,False,True,True,True
F3,after_commit,5,gt,0,0.0,2,1403,0,0,0,False,False,0,1403,0,0,False,True,True,True
F3,after_commit,5,gt,0,0.0,3,1459,0,0,0,False,False,0,1459,0,0,False,True,True,True
F3,after_commit,5,gt,0,0.0,4,1387,0,0,0,False,False,0,1387,0,0,False,True,True,True
F3,after_commit,5,gt,0,0.0,5,1566,0,0,0,False,False,0,1566,0,0,False,True,True,True
F3,after_commit,5,gt,0,0.0,6,1559,0,0,0,False,False,0,1559,0,0,False,True,True,True
F3,after_commit,5,gt,0,0.0,7,1354,0,0,0,False,False,0,1354,0,0,False,True,True,True
F3,after_commit,5,gt,0,0.0,8,1451,0,0,0,False,False,0,1451,0,0,False,True,True,True
F3,after_commit,5,gt,0,0.0,9,1517,0,0,0,False,False,0,1517,0,0,False,True,True,True
F3,after_commit,10,gt,0,0.0,0,1522,0,0,0,False,False,0,1522,0,0,False,True,True,True
F3,after_commit,10,gt,0,0.0,1,1537,0,0,0,False,False,0,1537,0,0,False,True,True,True
F3,after_commit,10,gt,0,0.0,2,1403,0,0,0,False,False,0,1403,0,0,False,True,True,True
F3,after_commit,10,gt,0,0.0,3,1459,0,0,0,False,False,0,1459,0,0,False,True,True,True
F3,after_commit,10,gt,0,0.0,4,1387,0,0,0,False,False,0,1387,0,0,False,True,True,True
F3,after_commit,10,gt,0,0.0,5,1566,0,0,0,False,False,0,1566,0,0,False,True,True,True
F3,after_commit,10,gt,0,0.0,6,1559,0,0,0,False,False,0,1559,0,0,False,True,True,True
F3,after_commit,10,gt,0,0.0,7,1354,0,0,0,False,False,0,1354,0,0,False,True,True,True
F3,after_commit,10,gt,0,0.0,8,1451,0,0,0,False,False,0,1451,0,0,False,True,True,True
F3,after_commit,10,gt,0,0.0,9,1517,0,0,0,False,False,0,1517,0,0,False,True,True,True
F3,after_commit,15,gt,0,0.0,0,1522,0,0,0,False,False,0,1522,0,0,False,True,True,True
F3,after_commit,15,gt,0,0.0,1,1537,0,0,0,False,False,0,1537,0,0,False,True,True,True
F3,after_commit,15,gt,0,0.0,2,1403,0,0,0,False,False,0,1403,0,0,False,True,True,True
F3,after_commit,15,gt,0,0.0,3,1459,0,0,0,False,False,0,1459,0,0,False,True,True,True
F3,after_commit,15,gt,0,0.0,4,1387,0,0,0,False,False,0,1387,0,0,False,True,True,True
F3,after_commit,15,gt,0,0.0,5,1566,0,0,0,False,False,0,1566,0,0,False,True,True,True
F3,after_commit,15,gt,0,0.0,6,1559,0,0,0,False,False,0,1559,0,0,False,True,True,True
F3,after_commit,15,gt,0,0.0,7,1354,0,0,0,False,False,0,1354,0,0,False,True,True,True
F3,after_commit,15,gt,0,0.0,8,1451,0,0,0,False,False,0,1451,0,0,False,True,True,True
F3,after_commit,15,gt,0,0.0,9,1517,0,0,0,False,False,0,1517,0,0,False,True,True,True
F3,after_commit,20,gt,0,0.0,0,1522,0,0,0,False,False,0,1522,0,0,False,True,True,True
F3,after_commit,20,gt,0,0.0,1,1537,0,0,0,False,False,0,1537,0,0,False,True,True,True
F3,after_commit,20,gt,0,0.0,2,1403,0,0,0,False,False,0,1403,0,0,False,True,True,True
F3,after_commit,20,gt,0,0.0,3,1459,0,0,0,False,False,0,1459,0,0,False,True,True,True
F3,after_commit,20,gt,0,0.0,4,1387,0,0,0,False,False,0,1387,0,0,False,True,True,True
F3,after_commit,20,gt,0,0.0,5,1566,0,0,0,False,False,0,1566,0,0,False,True,True,True
F3,after_commit,20,gt,0,0.0,6,1559,0,0,0,False,False,0,1559,0,0,False,True,True,True
F3,after_commit,20,gt,0,0.0,7,1354,0,0,0,False,False,0,1354,0,0,False,True,True,True
F3,after_commit,20,gt,0,0.0,8,1451,0,0,0,False,False,0,1451,0,0,False,True,True,True
F3,after_commit,20,gt,0,0.0,9,1517,0,0,0,False,False,0,1517,0,0,False,True,True,True
