pattern,crash_point,crash_round,predicate,lookback,p_lag,seed,source_rows,lost,duplicates,phantoms,corrupt_final,stuck,storage_overhead,rows_read,exp_duplicates,exp_regression,exp_corrupt,crash_fired,final_ok,transient_ok
A4,,,gt,0,0.0,0,1522,0,0,0,False,False,0,1522,0,0,False,False,True,True
A4,,,gt,0,0.0,1,1537,0,0,0,False,False,0,1537,0,0,False,False,True,True
A4,,,gt,0,0.0,2,1403,0,0,0,False,False,0,1403,0,0,False,False,True,True
A4,,,gt,0,0.0,3,1459,0,0,0,False,False,0,1459,0,0,False,False,True,True
A4,,,gt,0,0.0,4,1387,0,0,0,False,False,0,1387,0,0,False,False,True,True
A4,,,gt,0,0.0,5,1566,0,0,0,False,False,0,1566,0,0,False,False,True,True
A4,,,gt,0,0.0,6,1559,0,0,0,False,False,0,1559,0,0,False,False,True,True
A4,,,gt,0,0.0,7,1354,0,0,0,False,False,0,1354,0,0,False,False,True,True
A4,,,gt,0,0.0,8,1451,0,0,0,False,False,0,1451,0,0,False,False,True,True
A4,,,gt,0,0.0,9,1517,0,0,0,False,False,0,1517,0,0,False,False,True,True
A4,,,gt,0,0.01,0,1518,4,0,0,False,False,0,1514,0,0,False,False,False,True
A4,,,gt,0,0.01,1,1535,9,0,0,False,False,0,1526,0,0,False,False,False,True
A4,,,gt,0,0.01,2,1406,6,0,0,False,False,0,1400,0,0,False,False,False,True
A4,,,gt,0,0.01,3,1461,3,0,0,False,False,0,1458,0,0,False,False,False,True
A4,,,gt,0,0.01,4,1363,10,0,0,False,False,0,1353,0,0,False,False,False,True
A4,,,gt,0,0.01,5,1560,4,0,0,False,False,0,1556,0,0,False,False,False,True
A4,,,gt,0,0.01,6,1483,18,0,0,False,False,0,1465,0,0,False,False,False,True
A4,,,gt,0,0.01,7,1356,10,0,0,False,False,0,1346,0,0,False,False,False,True
A4,,,gt,0,0.01,8,1453,8,0,0,False,False,0,1445,0,0,False,False,False,True
A4,,,gt,0,0.01,9,1535,10,0,0,False,False,0,1525,0,0,False,False,False,True
A4,,,gt,0,0.02,0,1497,20,0,0,False,False,0,1477,0,0,False,False,False,True
A4,,,gt,0,0.02,1,1525,19,0,0,False,False,0,1506,0,0,False,False,False,True
A4,,,gt,0,0.02,2,1441,17,0,0,False,False,0,1424,0,0,False,False,False,True
A4,,,gt,0,0.02,3,1440,16,0,0,False,False,0,1424,0,0,False,False,False,True
A4,,,gt,0,0.02,4,1366,11,0,0,False,False,0,1355,0,0,False,False,False,True
A4,,,gt,0,0.02,5,1555,16,0,0,False,False,0,1539,0,0,False,False,False,True
A4,,,gt,0,0.02,6,1482,28,0,0,False,False,0,1454,0,0,False,False,False,True
A4,,,gt,0,0.02,7,1356,15,0,0,False,False,0,1341,0,0,False,False,False,True
A4,,,gt,0,0.02,8,1436,17,0,0,False,False,0,1419,0,0,False,False,False,True
A4,,,gt,0,0.02,9,1532,11,0,0,False,False,0,1521,0,0,False,False,False,True
A4,,,gt,0,0.05,0,1472,41,0,0,False,False,0,1431,0,0,False,False,False,True
A4,,,gt,0,0.05,1,1469,48,0,0,False,False,0,1421,0,0,False,False,False,True
A4,,,gt,0,0.05,2,1444,50,0,0,False,False,0,1394,0,0,False,False,False,True
A4,,,gt,0,0.05,3,1490,50,0,0,False,False,0,1440,0,0,False,False,False,True
A4,,,gt,0,0.05,4,1389,24,0,0,False,False,0,1365,0,0,False,False,False,True
A4,,,gt,0,0.05,5,1567,38,0,0,False,False,0,1529,0,0,False,False,False,True
A4,,,gt,0,0.05,6,1545,67,0,0,False,False,0,1478,0,0,False,False,False,True
A4,,,gt,0,0.05,7,1357,69,0,0,False,False,0,1288,0,0,False,False,False,True
A4,,,gt,0,0.05,8,1433,52,0,0,False,False,0,1381,0,0,False,False,False,True
A4,,,gt,0,0.05,9,1503,44,0,0,False,False,0,1459,0,0,False,False,False,True
A4,,,gt,0,0.1,0,1487,87,0,0,False,False,0,1400,0,0,False,False,False,True
A4,,,gt,0,0.1,1,1489,127,0,0,False,False,0,1362,0,0,False,False,False,True
A4,,,gt,0,0.1,2,1469,105,0,0,False,False,0,1364,0,0,False,False,False,True
A4,,,gt,0,0.1,3,1498,114,0,0,False,False,0,1384,0,0,False,False,False,True
A4,,,gt,0,0.1,4,1420,65,0,0,False,False,0,1355,0,0,False,False,False,True
A4,,,gt,0,0.1,5,1584,105,0,0,False,False,0,1479,0,0,False,False,False,True
A4,,,gt,0,0.1,6,1625,146,0,0,False,False,0,1479,0,0,False,False,False,True
A4,,,gt,0,0.1,7,1407,114,0,0,False,False,0,1293,0,0,False,False,False,True
A4,,,gt,0,0.1,8,1470,110,0,0,False,False,0,1360,0,0,False,False,False,True
A4,,,gt,0,0.1,9,1485,84,0,0,False,False,0,1401,0,0,False,False,False,True
A4,,,gt,0,0.2,0,1421,164,0,0,False,False,0,1257,0,0,False,False,False,True
A4,,,gt,0,0.2,1,1550,225,0,0,False,False,0,1325,0,0,False,False,False,True
A4,,,gt,0,0.2,2,1467,172,0,0,False,False,0,1295,0,0,False,False,False,True
A4,,,gt,0,0.2,3,1464,205,0,0,False,False,0,1259,0,0,False,False,False,True
A4,,,gt,0,0.2,4,1417,202,0,0,False,False,0,1215,0,0,False,False,False,True
A4,,,gt,0,0.2,5,1612,255,0,0,False,False,0,1357,0,0,False,False,False,True
A4,,,gt,0,0.2,6,1625,262,0,0,False,False,0,1363,0,0,False,False,False,True
A4,,,gt,0,0.2,7,1407,210,0,0,False,False,0,1197,0,0,False,False,False,True
A4,,,gt,0,0.2,8,1494,178,0,0,False,False,0,1316,0,0,False,False,False,True
A4,,,gt,0,0.2,9,1550,166,0,0,False,False,0,1384,0,0,False,False,False,True
A4,,,gte,0,0.0,0,1522,0,172,0,False,False,172,1694,0,0,False,False,False,True
A4,,,gte,0,0.0,1,1537,0,162,0,False,False,162,1699,0,0,False,False,False,True
A4,,,gte,0,0.0,2,1403,0,146,0,False,False,146,1549,0,0,False,False,False,True
A4,,,gte,0,0.0,3,1459,0,158,0,False,False,158,1617,0,0,False,False,False,True
A4,,,gte,0,0.0,4,1387,0,130,0,False,False,130,1517,0,0,False,False,False,True
A4,,,gte,0,0.0,5,1566,0,179,0,False,False,179,1745,0,0,False,False,False,True
A4,,,gte,0,0.0,6,1559,0,208,0,False,False,208,1767,0,0,False,False,False,True
A4,,,gte,0,0.0,7,1354,0,135,0,False,False,135,1489,0,0,False,False,False,True
A4,,,gte,0,0.0,8,1451,0,180,0,False,False,180,1631,0,0,False,False,False,True
A4,,,gte,0,0.0,9,1517,0,194,0,False,False,194,1711,0,0,False,False,False,True
A4,,,gte,0,0.01,0,1518,3,165,0,False,False,165,1680,0,0,False,False,False,True
A4,,,gte,0,0.01,1,1535,9,166,0,False,False,166,1692,0,0,False,False,False,True
A4,,,gte,0,0.01,2,1406,5,153,0,False,False,153,1554,0,0,False,False,False,True
A4,,,gte,0,0.01,3,1461,1,156,0,False,False,156,1616,0,0,False,False,False,True
A4,,,gte,0,0.01,4,1363,6,145,0,False,False,145,1502,0,0,False,False,False,True
A4,,,gte,0,0.01,5,1560,4,188,0,False,False,188,1744,0,0,False,False,False,True
A4,,,gte,0,0.01,6,1483,14,213,0,False,False,213,1682,0,0,False,False,False,True
A4,,,gte,0,0.01,7,1356,6,130,0,False,False,130,1480,0,0,False,False,False,True
A4,,,gte,0,0.01,8,1453,8,180,0,False,False,180,1625,0,0,False,False,False,True
A4,,,gte,0,0.01,9,1535,6,210,0,False,False,210,1739,0,0,False,False,False,True
A4,,,gte,0,0.02,0,1497,20,166,0,False,False,166,1643,0,0,False,False,False,True
A4,,,gte,0,0.02,1,1525,15,181,0,False,False,181,1691,0,0,False,False,False,True
A4,,,gte,0,0.02,2,1441,13,153,0,False,False,153,1581,0,0,False,False,False,True
A4,,,gte,0,0.02,3,1440,12,140,0,False,False,140,1568,0,0,False,False,False,True
A4,,,gte,0,0.02,4,1366,11,158,0,False,False,158,1513,0,0,False,False,False,True
A4,,,gte,0,0.02,5,1555,16,193,0,False,False,193,1732,0,0,False,False,False,True
A4,,,gte,0,0.02,6,1482,23,211,0,False,False,211,1670,0,0,False,False,False,True
A4,,,gte,0,0.02,7,1356,11,130,0,False,False,130,1475,0,0,False,False,False,True
A4,,,gte,0,0.02,8,1436,17,163,0,False,False,163,1582,0,0,False,False,False,True
A4,,,gte,0,0.02,9,1532,9,220,0,False,False,220,1743,0,0,False,False,False,True
A4,,,gte,0,0.05,0,1472,38,142,0,False,False,142,1576,0,0,False,False,False,True
A4,,,gte,0,0.05,1,1469,43,166,0,False,False,166,1592,0,0,False,False,False,True
A4,,,gte,0,0.05,2,1444,48,132,0,False,False,132,1528,0,0,False,False,False,True
A4,,,gte,0,0.05,3,1490,46,184,0,False,False,184,1628,0,0,False,False,False,True
A4,,,gte,0,0.05,4,1389,23,141,0,False,False,141,1507,0,0,False,False,False,True
A4,,,gte,0,0.05,5,1567,38,185,0,False,False,185,1714,0,0,False,False,False,True
A4,,,gte,0,0.05,6,1545,58,171,0,False,False,171,1658,0,0,False,False,False,True
A4,,,gte,0,0.05,7,1357,65,166,0,False,False,166,1458,0,0,False,False,False,True
A4,,,gte,0,0.05,8,1433,52,147,0,False,False,147,1528,0,0,False,False,False,True
A4,,,gte,0,0.05,9,1503,37,160,0,False,False,160,1626,0,0,False,False,False,True
A4,,,gte,0,0.1,0,1487,74,146,0,False,False,146,1559,0,0,False,False,False,True
A4,,,gte,0,0.1,1,1489,108,133,0,False,False,133,1514,0,0,False,False,False,True
A4,,,gte,0,0.1,2,1469,104,143,0,False,False,143,1508,0,0,False,False,False,True
A4,,,gte,0,0.1,3,1498,107,163,0,False,False,163,1554,0,0,False,False,False,True
A4,,,gte,0,0.1,4,1420,57,158,0,False,False,158,1521,0,0,False,False,False,True
A4,,,gte,0,0.1,5,1584,105,160,0,False,False,160,1639,0,0,False,False,False,True
A4,,,gte,0,0.1,6,1625,138,178,0,False,False,178,1665,0,0,False,False,False,True
A4,,,gte,0,0.1,7,1407,97,122,0,False,False,122,1432,0,0,False,False,False,True
A4,,,gte,0,0.1,8,1470,93,171,0,False,False,171,1548,0,0,False,False,False,True
A4,,,gte,0,0.1,9,1485,74,150,0,False,False,150,1561,0,0,False,False,False,True
A4,,,gte,0,0.2,0,1421,142,133,0,False,False,133,1412,0,0,False,False,False,True
A4,,,gte,0,0.2,1,1550,206,137,0,False,False,137,1481,0,0,False,False,False,True
A4,,,gte,0,0.2,2,1467,152,147,0,False,False,147,1462,0,0,False,False,False,True
A4,,,gte,0,0.2,3,1464,188,139,0,False,False,139,1415,0,0,False,False,False,True
A4,,,gte,0,0.2,4,1417,183,144,0,False,False,144,1378,0,0,False,False,False,True
A4,,,gte,0,0.2,5,1612,201,155,0,False,False,155,1566,0,0,False,False,False,True
A4,,,gte,0,0.2,6,1625,243,175,0,False,False,175,1557,0,0,False,False,False,True
A4,,,gte,0,0.2,7,1407,185,141,0,False,False,141,1363,0,0,False,False,False,True
A4,,,gte,0,0.2,8,1494,159,98,0,False,False,98,1433,0,0,False,False,False,True
A4,,,gte,0,0.2,9,1550,150,137,0,False,False,137,1537,0,0,False,False,False,True
A4,,,lookback,2,0.0,0,1522,0,323,0,False,False,323,1845,0,0,False,False,False,True
A4,,,lookback,2,0.0,1,1537,0,308,0,False,False,308,1845,0,0,False,False,False,True
A4,,,lookback,2,0.0,2,1403,0,299,0,False,False,299,1702,0,0,False,False,False,True
A4,,,lookback,2,0.0,3,1459,0,298,0,False,False,298,1757,0,0,False,False,False,True
A4,,,lookback,2,0.0,4,1387,0,282,0,False,False,282,1669,0,0,False,False,False,True
A4,,,lookback,2,0.0,5,1566,0,344,0,False,False,344,1910,0,0,False,False,False,True
A4,,,lookback,2,0.0,6,1559,0,340,0,False,False,340,1899,0,0,False,False,False,True
A4,,,lookback,2,0.0,7,1354,0,268,0,False,False,268,1622,0,0,False,False,False,True
A4,,,lookback,2,0.0,8,1451,0,297,0,False,False,297,1748,0,0,False,False,False,True
A4,,,lookback,2,0.0,9,1517,0,331,0,False,False,331,1848,0,0,False,False,False,True
A4,,,lookback,2,0.01,0,1518,3,314,0,False,False,314,1829,0,0,False,False,False,True
A4,,,lookback,2,0.01,1,1535,7,325,0,False,False,325,1853,0,0,False,False,False,True
A4,,,lookback,2,0.01,2,1406,5,303,0,False,False,303,1704,0,0,False,False,False,True
A4,,,lookback,2,0.01,3,1461,1,296,0,False,False,296,1756,0,0,False,False,False,True
A4,,,lookback,2,0.01,4,1363,6,283,0,False,False,283,1640,0,0,False,False,False,True
A4,,,lookback,2,0.01,5,1560,4,365,0,False,False,365,1921,0,0,False,False,False,True
A4,,,lookback,2,0.01,6,1483,14,359,0,False,False,359,1828,0,0,False,False,False,True
A4,,,lookback,2,0.01,7,1356,6,256,0,False,False,256,1606,0,0,False,False,False,True
A4,,,lookback,2,0.01,8,1453,8,295,0,False,False,295,1740,0,0,False,False,False,True
A4,,,lookback,2,0.01,9,1535,6,328,0,False,False,328,1857,0,0,False,False,False,True
A4,,,lookback,2,0.02,0,1497,20,312,0,False,False,312,1789,0,0,False,False,False,True
A4,,,lookback,2,0.02,1,1525,13,339,0,False,False,339,1851,0,0,False,False,False,True
A4,,,lookback,2,0.02,2,1441,13,314,0,False,False,314,1742,0,0,False,False,False,True
A4,,,lookback,2,0.02,3,1440,12,281,0,False,False,281,1709,0,0,False,False,False,True
A4,,,lookback,2,0.02,4,1366,9,307,0,False,False,307,1664,0,0,False,False,False,True
A4,,,lookback,2,0.02,5,1555,15,374,0,False,False,374,1914,0,0,False,False,False,True
A4,,,lookback,2,0.02,6,1482,23,357,0,False,False,357,1816,0,0,False,False,False,True
A4,,,lookback,2,0.02,7,1356,11,253,0,False,False,253,1598,0,0,False,False,False,True
A4,,,lookback,2,0.02,8,1436,17,286,0,False,False,286,1705,0,0,False,False,False,True
A4,,,lookback,2,0.02,9,1532,4,343,0,False,False,343,1871,0,0,False,False,False,True
A4,,,lookback,2,0.05,0,1472,34,304,0,False,False,304,1742,0,0,False,False,False,True
A4,,,lookback,2,0.05,1,1469,36,313,0,False,False,313,1746,0,0,False,False,False,True
A4,,,lookback,2,0.05,2,1444,42,312,0,False,False,312,1714,0,0,False,False,False,True
A4,,,lookback,2,0.05,3,1490,45,311,0,False,False,311,1756,0,0,False,False,False,True
A4,,,lookback,2,0.05,4,1389,19,253,0,False,False,253,1623,0,0,False,False,False,True
A4,,,lookback,2,0.05,5,1567,29,358,0,False,False,358,1896,0,0,False,False,False,True
A4,,,lookback,2,0.05,6,1545,53,292,0,False,False,292,1784,0,0,False,False,False,True
A4,,,lookback,2,0.05,7,1357,59,292,0,False,False,292,1590,0,0,False,False,False,True
A4,,,lookback,2,0.05,8,1433,40,301,0,False,False,301,1694,0,0,False,False,False,True
A4,,,lookback,2,0.05,9,1503,30,313,0,False,False,313,1786,0,0,False,False,False,True
A4,,,lookback,2,0.1,0,1487,66,312,0,False,False,312,1733,0,0,False,False,False,True
A4,,,lookback,2,0.1,1,1489,90,308,0,False,False,308,1707,0,0,False,False,False,True
A4,,,lookback,2,0.1,2,1469,92,273,0,False,False,273,1650,0,0,False,False,False,True
A4,,,lookback,2,0.1,3,1498,104,321,0,False,False,321,1715,0,0,False,False,False,True
A4,,,lookback,2,0.1,4,1420,52,299,0,False,False,299,1667,0,0,False,False,False,True
A4,,,lookback,2,0.1,5,1584,91,331,0,False,False,331,1824,0,0,False,False,False,True
A4,,,lookback,2,0.1,6,1625,129,340,0,False,False,340,1836,0,0,False,False,False,True
A4,,,lookback,2,0.1,7,1407,88,261,0,False,False,261,1580,0,0,False,False,False,True
A4,,,lookback,2,0.1,8,1470,79,322,0,False,False,322,1713,0,0,False,False,False,True
A4,,,lookback,2,0.1,9,1485,65,312,0,False,False,312,1732,0,0,False,False,False,True
A4,,,lookback,2,0.2,0,1421,139,265,0,False,False,265,1547,0,0,False,False,False,True
A4,,,lookback,2,0.2,1,1550,184,264,0,False,False,264,1630,0,0,False,False,False,True
A4,,,lookback,2,0.2,2,1467,126,284,0,False,False,284,1625,0,0,False,False,False,True
A4,,,lookback,2,0.2,3,1464,172,285,0,False,False,285,1577,0,0,False,False,False,True
A4,,,lookback,2,0.2,4,1417,160,279,0,False,False,279,1536,0,0,False,False,False,True
A4,,,lookback,2,0.2,5,1612,185,303,0,False,False,303,1730,0,0,False,False,False,True
A4,,,lookback,2,0.2,6,1625,228,319,0,False,False,319,1716,0,0,False,False,False,True
A4,,,lookback,2,0.2,7,1407,169,274,0,False,False,274,1512,0,0,False,False,False,True
A4,,,lookback,2,0.2,8,1494,144,229,0,False,False,229,1579,0,0,False,False,False,True
A4,,,lookback,2,0.2,9,1550,137,294,0,False,False,294,1707,0,0,False,False,False,True
A4,,,lookback,5,0.0,0,1522,0,813,0,False,False,813,2335,0,0,False,False,False,True
A4,,,lookback,5,0.0,1,1537,0,824,0,False,False,824,2361,0,0,False,False,False,True
A4,,,lookback,5,0.0,2,1403,0,719,0,False,False,719,2122,0,0,False,False,False,True
A4,,,lookback,5,0.0,3,1459,0,732,0,False,False,732,2191,0,0,False,False,False,True
A4,,,lookback,5,0.0,4,1387,0,727,0,False,False,727,2114,0,0,False,False,False,True
A4,,,lookback,5,0.0,5,1566,0,833,0,False,False,833,2399,0,0,False,False,False,True
A4,,,lookback,5,0.0,6,1559,0,803,0,False,False,803,2362,0,0,False,False,False,True
A4,,,lookback,5,0.0,7,1354,0,716,0,False,False,716,2070,0,0,False,False,False,True
A4,,,lookback,5,0.0,8,1451,0,801,0,False,False,801,2252,0,0,False,False,False,True
A4,,,lookback,5,0.0,9,1517,0,830,0,False,False,830,2347,0,0,False,False,False,True
A4,,,lookback,5,0.01,0,1518,3,804,0,False,False,804,2319,0,0,False,False,False,True
A4,,,lookback,5,0.01,1,1535,0,854,0,False,False,854,2389,0,0,False,False,False,True
A4,,,lookback,5,0.01,2,1406,1,717,0,False,False,717,2122,0,0,False,False,False,True
A4,,,lookback,5,0.01,3,1461,0,728,0,False,False,728,2189,0,0,False,False,False,True
A4,,,lookback,5,0.01,4,1363,2,733,0,False,False,733,2094,0,0,False,False,False,True
A4,,,lookback,5,0.01,5,1560,4,850,0,False,False,850,2406,0,0,False,False,False,True
A4,,,lookback,5,0.01,6,1483,8,865,0,False,False,865,2340,0,0,False,False,False,True
A4,,,lookback,5,0.01,7,1356,5,720,0,False,False,720,2071,0,0,False,False,False,True
A4,,,lookback,5,0.01,8,1453,8,794,0,False,False,794,2239,0,0,False,False,False,True
A4,,,lookback,5,0.01,9,1535,3,782,0,False,False,782,2314,0,0,False,False,False,True
A4,,,lookback,5,0.02,0,1497,16,792,0,False,False,792,2273,0,0,False,False,False,True
A4,,,lookback,5,0.02,1,1525,1,829,0,False,False,829,2353,0,0,False,False,False,True
A4,,,lookback,5,0.02,2,1441,6,750,0,False,False,750,2185,0,0,False,False,False,True
A4,,,lookback,5,0.02,3,1440,9,722,0,False,False,722,2153,0,0,False,False,False,True
A4,,,lookback,5,0.02,4,1366,2,728,0,False,False,728,2092,0,0,False,False,False,True
A4,,,lookback,5,0.02,5,1555,9,834,0,False,False,834,2380,0,0,False,False,False,True
A4,,,lookback,5,0.02,6,1482,17,863,0,False,False,863,2328,0,0,False,False,False,True
A4,,,lookback,5,0.02,7,1356,10,700,0,False,False,700,2046,0,0,False,False,False,True
A4,,,lookback,5,0.02,8,1436,17,756,0,False,False,756,2175,0,0,False,False,False,True
A4,,,lookback,5,0.02,9,1532,1,817,0,False,False,817,2348,0,0,False,False,False,True
A4,,,lookback,5,0.05,0,1472,27,732,0,False,False,732,2177,0,0,False,False,False,True
A4,,,lookback,5,0.05,1,1469,19,749,0,False,False,749,2199,0,0,False,False,False,True
A4,,,lookback,5,0.05,2,1444,34,754,0,False,False,754,2164,0,0,False,False,False,True
A4,,,lookback,5,0.05,3,1490,21,783,0,False,False,783,2252,0,0,False,False,False,True
A4,,,lookback,5,0.05,4,1389,10,685,0,False,False,685,2064,0,0,False,False,False,True
A4,,,lookback,5,0.05,5,1567,15,844,0,False,False,844,2396,0,0,False,False,False,True
A4,,,lookback,5,0.05,6,1545,29,802,0,False,False,802,2318,0,0,False,False,False,True
A4,,,lookback,5,0.05,7,1357,41,661,0,False,False,661,1977,0,0,False,False,False,True
A4,,,lookback,5,0.05,8,1433,33,713,0,False,False,713,2113,0,0,False,False,False,True
A4,,,lookback,5,0.05,9,1503,27,796,0,False,False,796,2272,0,0,False,False,False,True
A4,,,lookback,5,0.1,0,1487,51,728,0,False,False,728,2164,0,0,False,False,False,True
A4,,,lookback,5,0.1,1,1489,46,763,0,False,False,763,2206,0,0,False,False,False,True
A4,,,lookback,5,0.1,2,1469,59,646,0,False,False,646,2056,0,0,False,False,False,True
A4,,,lookback,5,0.1,3,1498,62,722,0,False,False,722,2158,0,0,False,False,False,True
A4,,,lookback,5,0.1,4,1420,32,701,0,False,False,701,2089,0,0,False,False,False,True
A4,,,lookback,5,0.1,5,1584,47,740,0,False,False,740,2277,0,0,False,False,False,True
A4,,,lookback,5,0.1,6,1625,59,836,0,False,False,836,2402,0,0,False,False,False,True
A4,,,lookback,5,0.1,7,1407,67,732,0,False,False,732,2072,0,0,False,False,False,True
A4,,,lookback,5,0.1,8,1470,49,720,0,False,False,720,2141,0,0,False,False,False,True
A4,,,lookback,5,0.1,9,1485,28,737,0,False,False,737,2194,0,0,False,False,False,True
A4,,,lookback,5,0.2,0,1421,87,670,0,False,False,670,2004,0,0,False,False,False,True
A4,,,lookback,5,0.2,1,1550,99,719,0,False,False,719,2170,0,0,False,False,False,True
A4,,,lookback,5,0.2,2,1467,87,685,0,False,False,685,2065,0,0,False,False,False,True
A4,,,lookback,5,0.2,3,1464,98,668,0,False,False,668,2034,0,0,False,False,False,True
A4,,,lookback,5,0.2,4,1417,91,665,0,False,False,665,1991,0,0,False,False,False,True
A4,,,lookback,5,0.2,5,1612,130,678,0,False,False,678,2160,0,0,False,False,False,True
A4,,,lookback,5,0.2,6,1625,152,701,0,False,False,701,2174,0,0,False,False,False,True
A4,,,lookback,5,0.2,7,1407,113,683,0,False,False,683,1977,0,0,False,False,False,True
A4,,,lookback,5,0.2,8,1494,78,679,0,False,False,679,2095,0,0,False,False,False,True
A4,,,lookback,5,0.2,9,1550,90,721,0,False,False,721,2181,0,0,False,False,False,True
A4,,,lookback,10,0.0,0,1522,0,1579,0,False,False,1579,3101,0,0,False,False,False,True
A4,,,lookback,10,0.0,1,1537,0,1656,0,False,False,1656,3193,0,0,False,False,False,True
A4,,,lookback,10,0.0,2,1403,0,1479,0,False,False,1479,2882,0,0,False,False,False,True
A4,,,lookback,10,0.0,3,1459,0,1540,0,False,False,1540,2999,0,0,False,False,False,True
A4,,,lookback,10,0.0,4,1387,0,1471,0,False,False,1471,2858,0,0,False,False,False,True
A4,,,lookback,10,0.0,5,1566,0,1638,0,False,False,1638,3204,0,0,False,False,False,True
A4,,,lookback,10,0.0,6,1559,0,1678,0,False,False,1678,3237,0,0,False,False,False,True
A4,,,lookback,10,0.0,7,1354,0,1453,0,False,False,1453,2807,0,0,False,False,False,True
A4,,,lookback,10,0.0,8,1451,0,1524,0,False,False,1524,2975,0,0,False,False,False,True
A4,,,lookback,10,0.0,9,1517,0,1609,0,False,False,1609,3126,0,0,False,False,False,True
A4,,,lookback,10,0.01,0,1518,2,1568,0,False,False,1568,3084,0,0,False,False,False,True
A4,,,lookback,10,0.01,1,1535,0,1628,0,False,False,1628,3163,0,0,False,False,False,True
A4,,,lookback,10,0.01,2,1406,1,1482,0,False,False,1482,2887,0,0,False,False,False,True
A4,,,lookback,10,0.01,3,1461,0,1539,0,False,False,1539,3000,0,0,False,False,False,True
A4,,,lookback,10,0.01,4,1363,0,1416,0,False,False,1416,2779,0,0,False,False,False,True
A4,,,lookback,10,0.01,5,1560,0,1639,0,False,False,1639,3199,0,0,False,False,False,True
A4,,,lookback,10,0.01,6,1483,0,1571,0,False,False,1571,3054,0,0,False,False,False,True
A4,,,lookback,10,0.01,7,1356,3,1431,0,False,False,1431,2784,0,0,False,False,False,True
A4,,,lookback,10,0.01,8,1453,5,1518,0,False,False,1518,2966,0,0,False,False,False,True
A4,,,lookback,10,0.01,9,1535,3,1607,0,False,False,1607,3139,0,0,False,False,False,True
A4,,,lookback,10,0.02,0,1497,6,1537,0,False,False,1537,3028,0,0,False,False,False,True
A4,,,lookback,10,0.02,1,1525,0,1593,0,False,False,1593,3118,0,0,False,False,False,True
A4,,,lookback,10,0.02,2,1441,4,1500,0,False,False,1500,2937,0,0,False,False,False,True
A4,,,lookback,10,0.02,3,1440,0,1494,0,False,False,1494,2934,0,0,False,False,False,True
A4,,,lookback,10,0.02,4,1366,0,1417,0,False,False,1417,2783,0,0,False,False,False,True
A4,,,lookback,10,0.02,5,1555,0,1614,0,False,False,1614,3169,0,0,False,False,False,True
A4,,,lookback,10,0.02,6,1482,0,1560,0,False,False,1560,3042,0,0,False,False,False,True
A4,,,lookback,10,0.02,7,1356,6,1426,0,False,False,1426,2776,0,0,False,False,False,True
A4,,,lookback,10,0.02,8,1436,6,1475,0,False,False,1475,2905,0,0,False,False,False,True
A4,,,lookback,10,0.02,9,1532,0,1615,0,False,False,1615,3147,0,0,False,False,False,True
A4,,,lookback,10,0.05,0,1472,10,1500,0,False,False,1500,2962,0,0,False,False,False,True
A4,,,lookback,10,0.05,1,1469,3,1476,0,False,False,1476,2942,0,0,False,False,False,True
A4,,,lookback,10,0.05,2,1444,2,1485,0,False,False,1485,2927,0,0,False,False,False,True
A4,,,lookback,10,0.05,3,1490,8,1545,0,False,False,1545,3027,0,0,False,False,False,True
A4,,,lookback,10,0.05,4,1389,0,1437,0,False,False,1437,2826,0,0,False,False,False,True
A4,,,lookback,10,0.05,5,1567,4,1615,0,False,False,1615,3178,0,0,False,False,False,True
A4,,,lookback,10,0.05,6,1545,6,1617,0,False,False,1617,3156,0,0,False,False,False,True
A4,,,lookback,10,0.05,7,1357,1,1367,0,False,False,1367,2723,0,0,False,False,False,True
A4,,,lookback,10,0.05,8,1433,9,1440,0,False,False,1440,2864,0,0,False,False,False,True
A4,,,lookback,10,0.05,9,1503,10,1563,0,False,False,1563,3056,0,0,False,False,False,True
A4,,,lookback,10,0.1,0,1487,20,1451,0,False,False,1451,2918,0,0,False,False,False,True
A4,,,lookback,10,0.1,1,1489,16,1441,0,False,False,1441,2914,0,0,False,False,False,True
A4,,,lookback,10,0.1,2,1469,15,1429,0,False,False,1429,2883,0,0,False,False,False,True
A4,,,lookback,10,0.1,3,1498,8,1488,0,False,False,1488,2978,0,0,False,False,False,True
A4,,,lookback,10,0.1,4,1420,8,1429,0,False,False,1429,2841,0,0,False,False,False,True
A4,,,lookback,10,0.1,5,1584,11,1537,0,False,False,1537,3110,0,0,False,False,False,True
A4,,,lookback,10,0.1,6,1625,17,1583,0,False,False,1583,3191,0,0,False,False,False,True
A4,,,lookback,10,0.1,7,1407,27,1378,0,False,False,1378,2758,0,0,False,False,False,True
A4,,,lookback,10,0.1,8,1470,16,1421,0,False,False,1421,2875,0,0,False,False,False,True
A4,,,lookback,10,0.1,9,1485,5,1499,0,False,False,1499,2979,0,0,False,False,False,True
A4,,,lookback,10,0.2,0,1421,19,1356,0,False,False,1356,2758,0,0,False,False,False,True
A4,,,lookback,10,0.2,1,1550,25,1435,0,False,False,1435,2960,0,0,False,False,False,True
A4,,,lookback,10,0.2,2,1467,20,1343,0,False,False,1343,2790,0,0,False,False,False,True
A4,,,lookback,10,0.2,3,1464,14,1369,0,False,False,1369,2819,0,0,False,False,False,True
A4,,,lookback,10,0.2,4,1417,26,1302,0,False,False,1302,2693,0,0,False,False,False,True
A4,,,lookback,10,0.2,5,1612,36,1431,0,False,False,1431,3007,0,0,False,False,False,True
A4,,,lookback,10,0.2,6,1625,39,1469,0,False,False,1469,3055,0,0,False,False,False,True
A4,,,lookback,10,0.2,7,1407,23,1274,0,False,False,1274,2658,0,0,False,False,False,True
A4,,,lookback,10,0.2,8,1494,20,1385,0,False,False,1385,2859,0,0,False,False,False,True
A4,,,lookback,10,0.2,9,1550,29,1465,0,False,False,1465,2986,0,0,False,False,False,True
A4,,,lookback,15,0.0,0,1522,0,2386,0,False,False,2386,3908,0,0,False,False,False,True
A4,,,lookback,15,0.0,1,1537,0,2347,0,False,False,2347,3884,0,0,False,False,False,True
A4,,,lookback,15,0.0,2,1403,0,2155,0,False,False,2155,3558,0,0,False,False,False,True
A4,,,lookback,15,0.0,3,1459,0,2238,0,False,False,2238,3697,0,0,False,False,False,True
A4,,,lookback,15,0.0,4,1387,0,2153,0,False,False,2153,3540,0,0,False,False,False,True
A4,,,lookback,15,0.0,5,1566,0,2410,0,False,False,2410,3976,0,0,False,False,False,True
A4,,,lookback,15,0.0,6,1559,0,2430,0,False,False,2430,3989,0,0,False,False,False,True
A4,,,lookback,15,0.0,7,1354,0,2095,0,False,False,2095,3449,0,0,False,False,False,True
A4,,,lookback,15,0.0,8,1451,0,2277,0,False,False,2277,3728,0,0,False,False,False,True
A4,,,lookback,15,0.0,9,1517,0,2383,0,False,False,2383,3900,0,0,False,False,False,True
A4,,,lookback,15,0.01,0,1518,0,2373,0,False,False,2373,3891,0,0,False,False,False,True
A4,,,lookback,15,0.01,1,1535,0,2376,0,False,False,2376,3911,0,0,False,False,False,True
A4,,,lookback,15,0.01,2,1406,0,2166,0,False,False,2166,3572,0,0,False,False,False,True
A4,,,lookback,15,0.01,3,1461,0,2239,0,False,False,2239,3700,0,0,False,False,False,True
A4,,,lookback,15,0.01,4,1363,0,2123,0,False,False,2123,3486,0,0,False,False,False,True
A4,,,lookback,15,0.01,5,1560,0,2425,0,False,False,2425,3985,0,0,False,False,False,True
A4,,,lookback,15,0.01,6,1483,0,2365,0,False,False,2365,3848,0,0,False,False,False,True
A4,,,lookback,15,0.01,7,1356,0,2102,0,False,False,2102,3458,0,0,False,False,False,True
A4,,,lookback,15,0.01,8,1453,0,2264,0,False,False,2264,3717,0,0,False,False,False,True
A4,,,lookback,15,0.01,9,1535,0,2368,0,False,False,2368,3903,0,0,False,False,False,True
A4,,,lookback,15,0.02,0,1497,0,2327,0,False,False,2327,3824,0,0,False,False,False,True
A4,,,lookback,15,0.02,1,1525,0,2345,0,False,False,2345,3870,0,0,False,False,False,True
A4,,,lookback,15,0.02,2,1441,0,2230,0,False,False,2230,3671,0,0,False,False,False,True
A4,,,lookback,15,0.02,3,1440,0,2178,0,False,False,2178,3618,0,0,False,False,False,True
A4,,,lookback,15,0.02,4,1366,0,2116,0,False,False,2116,3482,0,0,False,False,False,True
A4,,,lookback,15,0.02,5,1555,0,2426,0,False,False,2426,3981,0,0,False,False,False,True
A4,,,lookback,15,0.02,6,1482,0,2353,0,False,False,2353,3835,0,0,False,False,False,True
A4,,,lookback,15,0.02,7,1356,0,2077,0,False,False,2077,3433,0,0,False,False,False,True
A4,,,lookback,15,0.02,8,1436,0,2221,0,False,False,2221,3657,0,0,False,False,False,True
A4,,,lookback,15,0.02,9,1532,0,2402,0,False,False,2402,3934,0,0,False,False,False,True
A4,,,lookback,15,0.05,0,1472,0,2226,0,False,False,2226,3698,0,0,False,False,False,True
A4,,,lookback,15,0.05,1,1469,0,2252,0,False,False,2252,3721,0,0,False,False,False,True
A4,,,lookback,15,0.05,2,1444,0,2193,0,False,False,2193,3637,0,0,False,False,False,True
A4,,,lookback,15,0.05,3,1490,0,2276,0,False,False,2276,3766,0,0,False,False,False,True
A4,,,lookback,15,0.05,4,1389,0,2088,0,False,False,2088,3477,0,0,False,False,False,True
A4,,,lookback,15,0.05,5,1567,0,2438,0,False,False,2438,4005,0,0,False,False,False,True
A4,,,lookback,15,0.05,6,1545,0,2356,0,False,False,2356,3901,0,0,False,False,False,True
A4,,,lookback,15,0.05,7,1357,0,2010,0,False,False,2010,3367,0,0,False,False,False,True
A4,,,lookback,15,0.05,8,1433,0,2159,0,False,False,2159,3592,0,0,False,False,False,True
A4,,,lookback,15,0.05,9,1503,0,2321,0,False,False,2321,3824,0,0,False,False,False,True
A4,,,lookback,15,0.1,0,1487,0,2232,0,False,False,2232,3719,0,0,False,False,False,True
A4,,,lookback,15,0.1,1,1489,0,2229,0,False,False,2229,3718,0,0,False,False,False,True
A4,,,lookback,15,0.1,2,1469,0,2117,0,False,False,2117,3586,0,0,False,False,False,True
A4,,,lookback,15,0.1,3,1498,0,2186,0,False,False,2186,3684,0,0,False,False,False,True
A4,,,lookback,15,0.1,4,1420,0,2109,0,False,False,2109,3529,0,0,False,False,False,True
A4,,,lookback,15,0.1,5,1584,0,2329,0,False,False,2329,3913,0,0,False,False,False,True
A4,,,lookback,15,0.1,6,1625,0,2479,0,False,False,2479,4104,0,0,False,False,False,True
A4,,,lookback,15,0.1,7,1407,0,2083,0,False,False,2083,3490,0,0,False,False,False,True
A4,,,lookback,15,0.1,8,1470,0,2187,0,False,False,2187,3657,0,0,False,False,False,True
A4,,,lookback,15,0.1,9,1485,0,2236,0,False,False,2236,3721,0,0,False,False,False,True
A4,,,lookback,15,0.2,0,1421,0,2033,0,False,False,2033,3454,0,0,False,False,False,True
A4,,,lookback,15,0.2,1,1550,0,2234,0,False,False,2234,3784,0,0,False,False,False,True
A4,,,lookback,15,0.2,2,1467,0,2116,0,False,False,2116,3583,0,0,False,False,False,True
A4,,,lookback,15,0.2,3,1464,0,2041,0,False,False,2041,3505,0,0,False,False,False,True
A4,,,lookback,15,0.2,4,1417,0,2029,0,False,False,2029,3446,0,0,False,False,False,True
A4,,,lookback,15,0.2,5,1612,0,2216,0,False,False,2216,3828,0,0,False,False,False,True
A4,,,lookback,15,0.2,6,1625,0,2283,0,False,False,2283,3908,0,0,False,False,False,True
A4,,,lookback,15,0.2,7,1407,0,1975,0,False,False,1975,3382,0,0,False,False,False,True
A4,,,lookback,15,0.2,8,1494,0,2121,0,False,False,2121,3615,0,0,False,False,False,True
A4,,,lookback,15,0.2,9,1550,0,2222,0,False,False,2222,3772,0,0,False,False,False,True
A4,,,lookback,20,0.0,0,1522,0,3139,0,False,False,3139,4661,0,0,False,False,False,True
A4,,,lookback,20,0.0,1,1537,0,3156,0,False,False,3156,4693,0,0,False,False,False,True
A4,,,lookback,20,0.0,2,1403,0,2885,0,False,False,2885,4288,0,0,False,False,False,True
A4,,,lookback,20,0.0,3,1459,0,2989,0,False,False,2989,4448,0,0,False,False,False,True
A4,,,lookback,20,0.0,4,1387,0,2833,0,False,False,2833,4220,0,0,False,False,False,True
A4,,,lookback,20,0.0,5,1566,0,3243,0,False,False,3243,4809,0,0,False,False,False,True
A4,,,lookback,20,0.0,6,1559,0,3214,0,False,False,3214,4773,0,0,False,False,False,True
A4,,,lookback,20,0.0,7,1354,0,2786,0,False,False,2786,4140,0,0,False,False,False,True
A4,,,lookback,20,0.0,8,1451,0,2949,0,False,False,2949,4400,0,0,False,False,False,True
A4,,,lookback,20,0.0,9,1517,0,3153,0,False,False,3153,4670,0,0,False,False,False,True
A4,,,lookback,20,0.01,0,1518,0,3125,0,False,False,3125,4643,0,0,False,False,False,True
A4,,,lookback,20,0.01,1,1535,0,3137,0,False,False,3137,4672,0,0,False,False,False,True
A4,,,lookback,20,0.01,2,1406,0,2889,0,False,False,2889,4295,0,0,False,False,False,True
A4,,,lookback,20,0.01,3,1461,0,2990,0,False,False,2990,4451,0,0,False,False,False,True
A4,,,lookback,20,0.01,4,1363,0,2767,0,False,False,2767,4130,0,0,False,False,False,True
A4,,,lookback,20,0.01,5,1560,0,3239,0,False,False,3239,4799,0,0,False,False,False,True
A4,,,lookback,20,0.01,6,1483,0,3042,0,False,False,3042,4525,0,0,False,False,False,True
A4,,,lookback,20,0.01,7,1356,0,2795,0,False,False,2795,4151,0,0,False,False,False,True
A4,,,lookback,20,0.01,8,1453,0,2940,0,False,False,2940,4393,0,0,False,False,False,True
A4,,,lookback,20,0.01,9,1535,0,3168,0,False,False,3168,4703,0,0,False,False,False,True
A4,,,lookback,20,0.02,0,1497,0,3067,0,False,False,3067,4564,0,0,False,False,False,True
A4,,,lookback,20,0.02,1,1525,0,3106,0,False,False,3106,4631,0,0,False,False,False,True
A4,,,lookback,20,0.02,2,1441,0,2948,0,False,False,2948,4389,0,0,False,False,False,True
A4,,,lookback,20,0.02,3,1440,0,2929,0,False,False,2929,4369,0,0,False,False,False,True
A4,,,lookback,20,0.02,4,1366,0,2777,0,False,False,2777,4143,0,0,False,False,False,True
A4,,,lookback,20,0.02,5,1555,0,3204,0,False,False,3204,4759,0,0,False,False,False,True
A4,,,lookback,20,0.02,6,1482,0,3030,0,False,False,3030,4512,0,0,False,False,False,True
A4,,,lookback,20,0.02,7,1356,0,2787,0,False,False,2787,4143,0,0,False,False,False,True
A4,,,lookback,20,0.02,8,1436,0,2896,0,False,False,2896,4332,0,0,False,False,False,True
A4,,,lookback,20,0.02,9,1532,0,3183,0,False,False,3183,4715,0,0,False,False,False,True
A4,,,lookback,20,0.05,0,1472,0,2983,0,False,False,2983,4455,0,0,False,False,False,True
A4,,,lookback,20,0.05,1,1469,0,2973,0,False,False,2973,4442,0,0,False,False,False,True
A4,,,lookback,20,0.05,2,1444,0,2913,0,False,False,2913,4357,0,0,False,False,False,True
A4,,,lookback,20,0.05,3,1490,0,2989,0,False,False,2989,4479,0,0,False,False,False,True
A4,,,lookback,20,0.05,4,1389,0,2804,0,False,False,2804,4193,0,0,False,False,False,True
A4,,,lookback,20,0.05,5,1567,0,3220,0,False,False,3220,4787,0,0,False,False,False,True
A4,,,lookback,20,0.05,6,1545,0,3100,0,False,False,3100,4645,0,0,False,False,False,True
A4,,,lookback,20,0.05,7,1357,0,2724,0,False,False,2724,4081,0,0,False,False,False,True
A4,,,lookback,20,0.05,8,1433,0,2863,0,False,False,2863,4296,0,0,False,False,False,True
A4,,,lookback,20,0.05,9,1503,0,3075,0,False,False,3075,4578,0,0,False,False,False,True
A4,,,lookback,20,0.1,0,1487,0,2968,0,False,False,2968,4455,0,0,False,False,False,True
A4,,,lookback,20,0.1,1,1489,0,2902,0,False,False,2902,4391,0,0,False,False,False,True
A4,,,lookback,20,0.1,2,1469,0,2902,0,False,False,2902,4371,0,0,False,False,False,True
A4,,,lookback,20,0.1,3,1498,0,2953,0,False,False,2953,4451,0,0,False,False,False,True
A4,,,lookback,20,0.1,4,1420,0,2830,0,False,False,2830,4250,0,0,False,False,False,True
A4,,,lookback,20,0.1,5,1584,0,3135,0,False,False,3135,4719,0,0,False,False,False,True
A4,,,lookback,20,0.1,6,1625,0,3236,0,False,False,3236,4861,0,0,False,False,False,True
A4,,,lookback,20,0.1,7,1407,0,2753,0,False,False,2753,4160,0,0,False,False,False,True
A4,,,lookback,20,0.1,8,1470,0,2882,0,False,False,2882,4352,0,0,False,False,False,True
A4,,,lookback,20,0.1,9,1485,0,2977,0,False,False,2977,4462,0,0,False,False,False,True
A4,,,lookback,20,0.2,0,1421,0,2748,0,False,False,2748,4169,0,0,False,False,False,True
A4,,,lookback,20,0.2,1,1550,0,2956,0,False,False,2956,4506,0,0,False,False,False,True
A4,,,lookback,20,0.2,2,1467,0,2812,0,False,False,2812,4279,0,0,False,False,False,True
A4,,,lookback,20,0.2,3,1464,0,2768,0,False,False,2768,4232,0,0,False,False,False,True
A4,,,lookback,20,0.2,4,1417,0,2684,0,False,False,2684,4101,0,0,False,False,False,True
A4,,,lookback,20,0.2,5,1612,0,2980,0,False,False,2980,4592,0,0,False,False,False,True
A4,,,lookback,20,0.2,6,1625,0,3073,0,False,False,3073,4698,0,0,False,False,False,True
A4,,,lookback,20,0.2,7,1407,0,2655,0,False,False,2655,4062,0,0,False,False,False,True
A4,,,lookback,20,0.2,8,1494,0,2852,0,False,False,2852,4346,0,0,False,False,False,True
A4,,,lookback,20,0.2,9,1550,0,2994,0,False,False,2994,4544,0,0,False,False,False,True
M2,,,gt,0,0.0,0,1522,0,0,0,False,False,0,1522,0,0,False,False,True,True
M2,,,gt,0,0.0,1,1537,0,0,0,False,False,0,1537,0,0,False,False,True,True
M2,,,gt,0,0.0,2,1403,0,0,0,False,False,0,1403,0,0,False,False,True,True
M2,,,gt,0,0.0,3,1459,0,0,0,False,False,0,1459,0,0,False,False,True,True
M2,,,gt,0,0.0,4,1387,0,0,0,False,False,0,1387,0,0,False,False,True,True
M2,,,gt,0,0.0,5,1566,0,0,0,False,False,0,1566,0,0,False,False,True,True
M2,,,gt,0,0.0,6,1559,0,0,0,False,False,0,1559,0,0,False,False,True,True
M2,,,gt,0,0.0,7,1354,0,0,0,False,False,0,1354,0,0,False,False,True,True
M2,,,gt,0,0.0,8,1451,0,0,0,False,False,0,1451,0,0,False,False,True,True
M2,,,gt,0,0.0,9,1517,0,0,0,False,False,0,1517,0,0,False,False,True,True
M2,,,gt,0,0.01,0,1518,4,0,0,False,False,0,1514,0,0,False,False,False,True
M2,,,gt,0,0.01,1,1535,9,0,0,False,False,0,1526,0,0,False,False,False,True
M2,,,gt,0,0.01,2,1406,6,0,0,False,False,0,1400,0,0,False,False,False,True
M2,,,gt,0,0.01,3,1461,3,0,0,False,False,0,1458,0,0,False,False,False,True
M2,,,gt,0,0.01,4,1363,10,0,0,False,False,0,1353,0,0,False,False,False,True
M2,,,gt,0,0.01,5,1560,4,0,0,False,False,0,1556,0,0,False,False,False,True
M2,,,gt,0,0.01,6,1483,18,0,0,False,False,0,1465,0,0,False,False,False,True
M2,,,gt,0,0.01,7,1356,10,0,0,False,False,0,1346,0,0,False,False,False,True
M2,,,gt,0,0.01,8,1453,8,0,0,False,False,0,1445,0,0,False,False,False,True
M2,,,gt,0,0.01,9,1535,10,0,0,False,False,0,1525,0,0,False,False,False,True
M2,,,gt,0,0.02,0,1497,20,0,0,False,False,0,1477,0,0,False,False,False,True
M2,,,gt,0,0.02,1,1525,19,0,0,False,False,0,1506,0,0,False,False,False,True
M2,,,gt,0,0.02,2,1441,17,0,0,False,False,0,1424,0,0,False,False,False,True
M2,,,gt,0,0.02,3,1440,16,0,0,False,False,0,1424,0,0,False,False,False,True
M2,,,gt,0,0.02,4,1366,11,0,0,False,False,0,1355,0,0,False,False,False,True
M2,,,gt,0,0.02,5,1555,16,0,0,False,False,0,1539,0,0,False,False,False,True
M2,,,gt,0,0.02,6,1482,28,0,0,False,False,0,1454,0,0,False,False,False,True
M2,,,gt,0,0.02,7,1356,15,0,0,False,False,0,1341,0,0,False,False,False,True
M2,,,gt,0,0.02,8,1436,17,0,0,False,False,0,1419,0,0,False,False,False,True
M2,,,gt,0,0.02,9,1532,11,0,0,False,False,0,1521,0,0,False,False,False,True
M2,,,gt,0,0.05,0,1472,41,0,0,False,False,0,1431,0,0,False,False,False,True
M2,,,gt,0,0.05,1,1469,48,0,0,False,False,0,1421,0,0,False,False,False,True
M2,,,gt,0,0.05,2,1444,50,0,0,False,False,0,1394,0,0,False,False,False,True
M2,,,gt,0,0.05,3,1490,50,0,0,False,False,0,1440,0,0,False,False,False,True
M2,,,gt,0,0.05,4,1389,24,0,0,False,False,0,1365,0,0,False,False,False,True
M2,,,gt,0,0.05,5,1567,38,0,0,False,False,0,1529,0,0,False,False,False,True
M2,,,gt,0,0.05,6,1545,67,0,0,False,False,0,1478,0,0,False,False,False,True
M2,,,gt,0,0.05,7,1357,69,0,0,False,False,0,1288,0,0,False,False,False,True
M2,,,gt,0,0.05,8,1433,52,0,0,False,False,0,1381,0,0,False,False,False,True
M2,,,gt,0,0.05,9,1503,44,0,0,False,False,0,1459,0,0,False,False,False,True
M2,,,gt,0,0.1,0,1487,87,0,0,False,False,0,1400,0,0,False,False,False,True
M2,,,gt,0,0.1,1,1489,127,0,0,False,False,0,1362,0,0,False,False,False,True
M2,,,gt,0,0.1,2,1469,105,0,0,False,False,0,1364,0,0,False,False,False,True
M2,,,gt,0,0.1,3,1498,114,0,0,False,False,0,1384,0,0,False,False,False,True
M2,,,gt,0,0.1,4,1420,65,0,0,False,False,0,1355,0,0,False,False,False,True
M2,,,gt,0,0.1,5,1584,105,0,0,False,False,0,1479,0,0,False,False,False,True
M2,,,gt,0,0.1,6,1625,146,0,0,False,False,0,1479,0,0,False,False,False,True
M2,,,gt,0,0.1,7,1407,114,0,0,False,False,0,1293,0,0,False,False,False,True
M2,,,gt,0,0.1,8,1470,110,0,0,False,False,0,1360,0,0,False,False,False,True
M2,,,gt,0,0.1,9,1485,84,0,0,False,False,0,1401,0,0,False,False,False,True
M2,,,gt,0,0.2,0,1421,164,0,0,False,False,0,1257,0,0,False,False,False,True
M2,,,gt,0,0.2,1,1550,225,0,0,False,False,0,1325,0,0,False,False,False,True
M2,,,gt,0,0.2,2,1467,172,0,0,False,False,0,1295,0,0,False,False,False,True
M2,,,gt,0,0.2,3,1464,205,0,0,False,False,0,1259,0,0,False,False,False,True
M2,,,gt,0,0.2,4,1417,202,0,0,False,False,0,1215,0,0,False,False,False,True
M2,,,gt,0,0.2,5,1612,255,0,0,False,False,0,1357,0,0,False,False,False,True
M2,,,gt,0,0.2,6,1625,262,0,0,False,False,0,1363,0,0,False,False,False,True
M2,,,gt,0,0.2,7,1407,210,0,0,False,False,0,1197,0,0,False,False,False,True
M2,,,gt,0,0.2,8,1494,178,0,0,False,False,0,1316,0,0,False,False,False,True
M2,,,gt,0,0.2,9,1550,166,0,0,False,False,0,1384,0,0,False,False,False,True
M2,,,gte,0,0.0,0,1522,0,0,0,False,False,0,1694,0,0,False,False,True,True
M2,,,gte,0,0.0,1,1537,0,0,0,False,False,0,1699,0,0,False,False,True,True
M2,,,gte,0,0.0,2,1403,0,0,0,False,False,0,1549,0,0,False,False,True,True
M2,,,gte,0,0.0,3,1459,0,0,0,False,False,0,1617,0,0,False,False,True,True
M2,,,gte,0,0.0,4,1387,0,0,0,False,False,0,1517,0,0,False,False,True,True
M2,,,gte,0,0.0,5,1566,0,0,0,False,False,0,1745,0,0,False,False,True,True
M2,,,gte,0,0.0,6,1559,0,0,0,False,False,0,1767,0,0,False,False,True,True
M2,,,gte,0,0.0,7,1354,0,0,0,False,False,0,1489,0,0,False,False,True,True
M2,,,gte,0,0.0,8,1451,0,0,0,False,False,0,1631,0,0,False,False,True,True
M2,,,gte,0,0.0,9,1517,0,0,0,False,False,0,1711,0,0,False,False,True,True
M2,,,gte,0,0.01,0,1518,3,0,0,False,False,0,1680,0,0,False,False,False,True
M2,,,gte,0,0.01,1,1535,9,0,0,False,False,0,1692,0,0,False,False,False,True
M2,,,gte,0,0.01,2,1406,5,0,0,False,False,0,1554,0,0,False,False,False,True
M2,,,gte,0,0.01,3,1461,1,0,0,False,False,0,1616,0,0,False,False,False,True
M2,,,gte,0,0.01,4,1363,6,0,0,False,False,0,1502,0,0,False,False,False,True
M2,,,gte,0,0.01,5,1560,4,0,0,False,False,0,1744,0,0,False,False,False,True
M2,,,gte,0,0.01,6,1483,14,0,0,False,False,0,1682,0,0,False,False,False,True
M2,,,gte,0,0.01,7,1356,6,0,0,False,False,0,1480,0,0,False,False,False,True
M2,,,gte,0,0.01,8,1453,8,0,0,False,False,0,1625,0,0,False,False,False,True
M2,,,gte,0,0.01,9,1535,6,0,0,False,False,0,1739,0,0,False,False,False,True
M2,,,gte,0,0.02,0,1497,20,0,0,False,False,0,1643,0,0,False,False,False,True
M2,,,gte,0,0.02,1,1525,15,0,0,False,False,0,1691,0,0,False,False,False,True
M2,,,gte,0,0.02,2,1441,13,0,0,False,False,0,1581,0,0,False,False,False,True
M2,,,gte,0,0.02,3,1440,12,0,0,False,False,0,1568,0,0,False,False,False,True
M2,,,gte,0,0.02,4,1366,11,0,0,False,False,0,1513,0,0,False,False,False,True
M2,,,gte,0,0.02,5,1555,16,0,0,False,False,0,1732,0,0,False,False,False,True
M2,,,gte,0,0.02,6,1482,23,0,0,False,False,0,1670,0,0,False,False,False,True
M2,,,gte,0,0.02,7,1356,11,0,0,False,False,0,1475,0,0,False,False,False,True
M2,,,gte,0,0.02,8,1436,17,0,0,False,False,0,1582,0,0,False,False,False,True
M2,,,gte,0,0.02,9,1532,9,0,0,False,False,0,1743,0,0,False,False,False,True
M2,,,gte,0,0.05,0,1472,38,0,0,False,False,0,1576,0,0,False,False,False,True
M2,,,gte,0,0.05,1,1469,43,0,0,False,False,0,1592,0,0,False,False,False,True
M2,,,gte,0,0.05,2,1444,48,0,0,False,False,0,1528,0,0,False,False,False,True
M2,,,gte,0,0.05,3,1490,46,0,0,False,False,0,1628,0,0,False,False,False,True
M2,,,gte,0,0.05,4,1389,23,0,0,False,False,0,1507,0,0,False,False,False,True
M2,,,gte,0,0.05,5,1567,38,0,0,False,False,0,1714,0,0,False,False,False,True
M2,,,gte,0,0.05,6,1545,58,0,0,False,False,0,1658,0,0,False,False,False,True
M2,,,gte,0,0.05,7,1357,65,0,0,False,False,0,1458,0,0,False,False,False,True
M2,,,gte,0,0.05,8,1433,52,0,0,False,False,0,1528,0,0,False,False,False,True
M2,,,gte,0,0.05,9,1503,37,0,0,False,False,0,1626,0,0,False,False,False,True
M2,,,gte,0,0.1,0,1487,74,0,0,False,False,0,1559,0,0,False,False,False,True
M2,,,gte,0,0.1,1,1489,108,0,0,False,False,0,1514,0,0,False,False,False,True
M2,,,gte,0,0.1,2,1469,104,0,0,False,False,0,1508,0,0,False,False,False,True
M2,,,gte,0,0.1,3,1498,107,0,0,False,False,0,1554,0,0,False,False,False,True
M2,,,gte,0,0.1,4,1420,57,0,0,False,False,0,1521,0,0,False,False,False,True
M2,,,gte,0,0.1,5,1584,105,0,0,False,False,0,1639,0,0,False,False,False,True
M2,,,gte,0,0.1,6,1625,138,0,0,False,False,0,1665,0,0,False,False,False,True
M2,,,gte,0,0.1,7,1407,97,0,0,False,False,0,1432,0,0,False,False,False,True
M2,,,gte,0,0.1,8,1470,93,0,0,False,False,0,1548,0,0,False,False,False,True
M2,,,gte,0,0.1,9,1485,74,0,0,False,False,0,1561,0,0,False,False,False,True
M2,,,gte,0,0.2,0,1421,142,0,0,False,False,0,1412,0,0,False,False,False,True
M2,,,gte,0,0.2,1,1550,206,0,0,False,False,0,1481,0,0,False,False,False,True
M2,,,gte,0,0.2,2,1467,152,0,0,False,False,0,1462,0,0,False,False,False,True
M2,,,gte,0,0.2,3,1464,188,0,0,False,False,0,1415,0,0,False,False,False,True
M2,,,gte,0,0.2,4,1417,183,0,0,False,False,0,1378,0,0,False,False,False,True
M2,,,gte,0,0.2,5,1612,201,0,0,False,False,0,1566,0,0,False,False,False,True
M2,,,gte,0,0.2,6,1625,243,0,0,False,False,0,1557,0,0,False,False,False,True
M2,,,gte,0,0.2,7,1407,185,0,0,False,False,0,1363,0,0,False,False,False,True
M2,,,gte,0,0.2,8,1494,159,0,0,False,False,0,1433,0,0,False,False,False,True
M2,,,gte,0,0.2,9,1550,150,0,0,False,False,0,1537,0,0,False,False,False,True
M2,,,lookback,2,0.0,0,1522,0,0,0,False,False,0,1845,0,0,False,False,True,True
M2,,,lookback,2,0.0,1,1537,0,0,0,False,False,0,1845,0,0,False,False,True,True
M2,,,lookback,2,0.0,2,1403,0,0,0,False,False,0,1702,0,0,False,False,True,True
M2,,,lookback,2,0.0,3,1459,0,0,0,False,False,0,1757,0,0,False,False,True,True
M2,,,lookback,2,0.0,4,1387,0,0,0,False,False,0,1669,0,0,False,False,True,True
M2,,,lookback,2,0.0,5,1566,0,0,0,False,False,0,1910,0,0,False,False,True,True
M2,,,lookback,2,0.0,6,1559,0,0,0,False,False,0,1899,0,0,False,False,True,True
M2,,,lookback,2,0.0,7,1354,0,0,0,False,False,0,1622,0,0,False,False,True,True
M2,,,lookback,2,0.0,8,1451,0,0,0,False,False,0,1748,0,0,False,False,True,True
M2,,,lookback,2,0.0,9,1517,0,0,0,False,False,0,1848,0,0,False,False,True,True
M2,,,lookback,2,0.01,0,1518,3,0,0,False,False,0,1829,0,0,False,False,False,True
M2,,,lookback,2,0.01,1,1535,7,0,0,False,False,0,1853,0,0,False,False,False,True
M2,,,lookback,2,0.01,2,1406,5,0,0,False,False,0,1704,0,0,False,False,False,True
M2,,,lookback,2,0.01,3,1461,1,0,0,False,False,0,1756,0,0,False,False,False,True
M2,,,lookback,2,0.01,4,1363,6,0,0,False,False,0,1640,0,0,False,False,False,True
M2,,,lookback,2,0.01,5,1560,4,0,0,False,False,0,1921,0,0,False,False,False,True
M2,,,lookback,2,0.01,6,1483,14,0,0,False,False,0,1828,0,0,False,False,False,True
M2,,,lookback,2,0.01,7,1356,6,0,0,False,False,0,1606,0,0,False,False,False,True
M2,,,lookback,2,0.01,8,1453,8,0,0,False,False,0,1740,0,0,False,False,False,True
M2,,,lookback,2,0.01,9,1535,6,0,0,False,False,0,1857,0,0,False,False,False,True
M2,,,lookback,2,0.02,0,1497,20,0,0,False,False,0,1789,0,0,False,False,False,True
M2,,,lookback,2,0.02,1,1525,13,0,0,False,False,0,1851,0,0,False,False,False,True
M2,,,lookback,2,0.02,2,1441,13,0,0,False,False,0,1742,0,0,False,False,False,True
M2,,,lookback,2,0.02,3,1440,12,0,0,False,False,0,1709,0,0,False,False,False,True
M2,,,lookback,2,0.02,4,1366,9,0,0,False,False,0,1664,0,0,False,False,False,True
M2,,,lookback,2,0.02,5,1555,15,0,0,False,False,0,1914,0,0,False,False,False,True
M2,,,lookback,2,0.02,6,1482,23,0,0,False,False,0,1816,0,0,False,False,False,True
M2,,,lookback,2,0.02,7,1356,11,0,0,False,False,0,1598,0,0,False,False,False,True
M2,,,lookback,2,0.02,8,1436,17,0,0,False,False,0,1705,0,0,False,False,False,True
M2,,,lookback,2,0.02,9,1532,4,0,0,False,False,0,1871,0,0,False,False,False,True
M2,,,lookback,2,0.05,0,1472,34,0,0,False,False,0,1742,0,0,False,False,False,True
M2,,,lookback,2,0.05,1,1469,36,0,0,False,False,0,1746,0,0,False,False,False,True
M2,,,lookback,2,0.05,2,1444,42,0,0,False,False,0,1714,0,0,False,False,False,True
M2,,,lookback,2,0.05,3,1490,45,0,0,False,False,0,1756,0,0,False,False,False,True
M2,,,lookback,2,0.05,4,1389,19,0,0,False,False,0,1623,0,0,False,False,False,True
M2,,,lookback,2,0.05,5,1567,29,0,0,False,False,0,1896,0,0,False,False,False,True
M2,,,lookback,2,0.05,6,1545,53,0,0,False,False,0,1784,0,0,False,False,False,True
M2,,,lookback,2,0.05,7,1357,59,0,0,False,False,0,1590,0,0,False,False,False,True
M2,,,lookback,2,0.05,8,1433,40,0,0,False,False,0,1694,0,0,False,False,False,True
M2,,,lookback,2,0.05,9,1503,30,0,0,False,False,0,1786,0,0,False,False,False,True
M2,,,lookback,2,0.1,0,1487,66,0,0,False,False,0,1733,0,0,False,False,False,True
M2,,,lookback,2,0.1,1,1489,90,0,0,False,False,0,1707,0,0,False,False,False,True
M2,,,lookback,2,0.1,2,1469,92,0,0,False,False,0,1650,0,0,False,False,False,True
M2,,,lookback,2,0.1,3,1498,104,0,0,False,False,0,1715,0,0,False,False,False,True
M2,,,lookback,2,0.1,4,1420,52,0,0,False,False,0,1667,0,0,False,False,False,True
M2,,,lookback,2,0.1,5,1584,91,0,0,False,False,0,1824,0,0,False,False,False,True
M2,,,lookback,2,0.1,6,1625,129,0,0,False,False,0,1836,0,0,False,False,False,True
M2,,,lookback,2,0.1,7,1407,88,0,0,False,False,0,1580,0,0,False,False,False,True
M2,,,lookback,2,0.1,8,1470,79,0,0,False,False,0,1713,0,0,False,False,False,True
M2,,,lookback,2,0.1,9,1485,65,0,0,False,False,0,1732,0,0,False,False,False,True
M2,,,lookback,2,0.2,0,1421,139,0,0,False,False,0,1547,0,0,False,False,False,True
M2,,,lookback,2,0.2,1,1550,184,0,0,False,False,0,1630,0,0,False,False,False,True
M2,,,lookback,2,0.2,2,1467,126,0,0,False,False,0,1625,0,0,False,False,False,True
M2,,,lookback,2,0.2,3,1464,172,0,0,False,False,0,1577,0,0,False,False,False,True
M2,,,lookback,2,0.2,4,1417,160,0,0,False,False,0,1536,0,0,False,False,False,True
M2,,,lookback,2,0.2,5,1612,185,0,0,False,False,0,1730,0,0,False,False,False,True
M2,,,lookback,2,0.2,6,1625,228,0,0,False,False,0,1716,0,0,False,False,False,True
M2,,,lookback,2,0.2,7,1407,169,0,0,False,False,0,1512,0,0,False,False,False,True
M2,,,lookback,2,0.2,8,1494,144,0,0,False,False,0,1579,0,0,False,False,False,True
M2,,,lookback,2,0.2,9,1550,137,0,0,False,False,0,1707,0,0,False,False,False,True
M2,,,lookback,5,0.0,0,1522,0,0,0,False,False,0,2335,0,0,False,False,True,True
M2,,,lookback,5,0.0,1,1537,0,0,0,False,False,0,2361,0,0,False,False,True,True
M2,,,lookback,5,0.0,2,1403,0,0,0,False,False,0,2122,0,0,False,False,True,True
M2,,,lookback,5,0.0,3,1459,0,0,0,False,False,0,2191,0,0,False,False,True,True
M2,,,lookback,5,0.0,4,1387,0,0,0,False,False,0,2114,0,0,False,False,True,True
M2,,,lookback,5,0.0,5,1566,0,0,0,False,False,0,2399,0,0,False,False,True,True
M2,,,lookback,5,0.0,6,1559,0,0,0,False,False,0,2362,0,0,False,False,True,True
M2,,,lookback,5,0.0,7,1354,0,0,0,False,False,0,2070,0,0,False,False,True,True
M2,,,lookback,5,0.0,8,1451,0,0,0,False,False,0,2252,0,0,False,False,True,True
M2,,,lookback,5,0.0,9,1517,0,0,0,False,False,0,2347,0,0,False,False,True,True
M2,,,lookback,5,0.01,0,1518,3,0,0,False,False,0,2319,0,0,False,False,False,True
M2,,,lookback,5,0.01,1,1535,0,0,0,False,False,0,2389,0,0,False,False,True,True
M2,,,lookback,5,0.01,2,1406,1,0,0,False,False,0,2122,0,0,False,False,False,True
M2,,,lookback,5,0.01,3,1461,0,0,0,False,False,0,2189,0,0,False,False,True,True
M2,,,lookback,5,0.01,4,1363,2,0,0,False,False,0,2094,0,0,False,False,False,True
M2,,,lookback,5,0.01,5,1560,4,0,0,False,False,0,2406,0,0,False,False,False,True
M2,,,lookback,5,0.01,6,1483,8,0,0,False,False,0,2340,0,0,False,False,False,True
M2,,,lookback,5,0.01,7,1356,5,0,0,False,False,0,2071,0,0,False,False,False,True
M2,,,lookback,5,0.01,8,1453,8,0,0,False,False,0,2239,0,0,False,False,False,True
M2,,,lookback,5,0.01,9,1535,3,0,0,False,False,0,2314,0,0,False,False,False,True
M2,,,lookback,5,0.02,0,1497,16,0,0,False,False,0,2273,0,0,False,False,False,True
M2,,,lookback,5,0.02,1,1525,1,0,0,False,False,0,2353,0,0,False,False,False,True
M2,,,lookback,5,0.02,2,1441,6,0,0,False,False,0,2185,0,0,False,False,False,True
M2,,,lookback,5,0.02,3,1440,9,0,0,False,False,0,2153,0,0,False,False,False,True
M2,,,lookback,5,0.02,4,1366,2,0,0,False,False,0,2092,0,0,False,False,False,True
M2,,,lookback,5,0.02,5,1555,9,0,0,False,False,0,2380,0,0,False,False,False,True
M2,,,lookback,5,0.02,6,1482,17,0,0,False,False,0,2328,0,0,False,False,False,True
M2,,,lookback,5,0.02,7,1356,10,0,0,False,False,0,2046,0,0,False,False,False,True
M2,,,lookback,5,0.02,8,1436,17,0,0,False,False,0,2175,0,0,False,False,False,True
M2,,,lookback,5,0.02,9,1532,1,0,0,False,False,0,2348,0,0,False,False,False,True
M2,,,lookback,5,0.05,0,1472,27,0,0,False,False,0,2177,0,0,False,False,False,True
M2,,,lookback,5,0.05,1,1469,19,0,0,False,False,0,2199,0,0,False,False,False,True
M2,,,lookback,5,0.05,2,1444,34,0,0,False,False,0,2164,0,0,False,False,False,True
M2,,,lookback,5,0.05,3,1490,21,0,0,False,False,0,2252,0,0,False,False,False,True
M2,,,lookback,5,0.05,4,1389,10,0,0,False,False,0,2064,0,0,False,False,False,True
M2,,,lookback,5,0.05,5,1567,15,0,0,False,False,0,2396,0,0,False,False,False,True
M2,,,lookback,5,0.05,6,1545,29,0,0,False,False,0,2318,0,0,False,False,False,True
M2,,,lookback,5,0.05,7,1357,41,0,0,False,False,0,1977,0,0,False,False,False,True
M2,,,lookback,5,0.05,8,1433,33,0,0,False,False,0,2113,0,0,False,False,False,True
M2,,,lookback,5,0.05,9,1503,27,0,0,False,False,0,2272,0,0,False,False,False,True
M2,,,lookback,5,0.1,0,1487,51,0,0,False,False,0,2164,0,0,False,False,False,True
M2,,,lookback,5,0.1,1,1489,46,0,0,False,False,0,2206,0,0,False,False,False,True
M2,,,lookback,5,0.1,2,1469,59,0,0,False,False,0,2056,0,0,False,False,False,True
M2,,,lookback,5,0.1,3,1498,62,0,0,False,False,0,2158,0,0,False,False,False,True
M2,,,lookback,5,0.1,4,1420,32,0,0,False,False,0,2089,0,0,False,False,False,True
M2,,,lookback,5,0.1,5,1584,47,0,0,False,False,0,2277,0,0,False,False,False,True
M2,,,lookback,5,0.1,6,1625,59,0,0,False,False,0,2402,0,0,False,False,False,True
M2,,,lookback,5,0.1,7,1407,67,0,0,False,False,0,2072,0,0,False,False,False,True
M2,,,lookback,5,0.1,8,1470,49,0,0,False,False,0,2141,0,0,False,False,False,True
M2,,,lookback,5,0.1,9,1485,28,0,0,False,False,0,2194,0,0,False,False,False,True
M2,,,lookback,5,0.2,0,1421,87,0,0,False,False,0,2004,0,0,False,False,False,True
M2,,,lookback,5,0.2,1,1550,99,0,0,False,False,0,2170,0,0,False,False,False,True
M2,,,lookback,5,0.2,2,1467,87,0,0,False,False,0,2065,0,0,False,False,False,True
M2,,,lookback,5,0.2,3,1464,98,0,0,False,False,0,2034,0,0,False,False,False,True
M2,,,lookback,5,0.2,4,1417,91,0,0,False,False,0,1991,0,0,False,False,False,True
M2,,,lookback,5,0.2,5,1612,130,0,0,False,False,0,2160,0,0,False,False,False,True
M2,,,lookback,5,0.2,6,1625,152,0,0,False,False,0,2174,0,0,False,False,False,True
M2,,,lookback,5,0.2,7,1407,113,0,0,False,False,0,1977,0,0,False,False,False,True
M2,,,lookback,5,0.2,8,1494,78,0,0,False,False,0,2095,0,0,False,False,False,True
M2,,,lookback,5,0.2,9,1550,90,0,0,False,False,0,2181,0,0,False,False,False,True
M2,,,lookback,10,0.0,0,1522,0,0,0,False,False,0,3101,0,0,False,False,True,True
M2,,,lookback,10,0.0,1,1537,0,0,0,False,False,0,3193,0,0,False,False,True,True
M2,,,lookback,10,0.0,2,1403,0,0,0,False,False,0,2882,0,0,False,False,True,True
M2,,,lookback,10,0.0,3,1459,0,0,0,False,False,0,2999,0,0,False,False,True,True
M2,,,lookback,10,0.0,4,1387,0,0,0,False,False,0,2858,0,0,False,False,True,True
M2,,,lookback,10,0.0,5,1566,0,0,0,False,False,0,3204,0,0,False,False,True,True
M2,,,lookback,10,0.0,6,1559,0,0,0,False,False,0,3237,0,0,False,False,True,True
M2,,,lookback,10,0.0,7,1354,0,0,0,False,False,0,2807,0,0,False,False,True,True
M2,,,lookback,10,0.0,8,1451,0,0,0,False,False,0,2975,0,0,False,False,True,True
M2,,,lookback,10,0.0,9,1517,0,0,0,False,False,0,3126,0,0,False,False,True,True
M2,,,lookback,10,0.01,0,1518,2,0,0,False,False,0,3084,0,0,False,False,False,True
M2,,,lookback,10,0.01,1,1535,0,0,0,False,False,0,3163,0,0,False,False,True,True
M2,,,lookback,10,0.01,2,1406,1,0,0,False,False,0,2887,0,0,False,False,False,True
M2,,,lookback,10,0.01,3,1461,0,0,0,False,False,0,3000,0,0,False,False,True,True
M2,,,lookback,10,0.01,4,1363,0,0,0,False,False,0,2779,0,0,False,False,True,True
M2,,,lookback,10,0.01,5,1560,0,0,0,False,False,0,3199,0,0,False,False,True,True
M2,,,lookback,10,0.01,6,1483,0,0,0,False,False,0,3054,0,0,False,False,True,True
M2,,,lookback,10,0.01,7,1356,3,0,0,False,False,0,2784,0,0,False,False,False,True
M2,,,lookback,10,0.01,8,1453,5,0,0,False,False,0,2966,0,0,False,False,False,True
M2,,,lookback,10,0.01,9,1535,3,0,0,False,False,0,3139,0,0,False,False,False,True
M2,,,lookback,10,0.02,0,1497,6,0,0,False,False,0,3028,0,0,False,False,False,True
M2,,,lookback,10,0.02,1,1525,0,0,0,False,False,0,3118,0,0,False,False,True,True
M2,,,lookback,10,0.02,2,1441,4,0,0,False,False,0,2937,0,0,False,False,False,True
M2,,,lookback,10,0.02,3,1440,0,0,0,False,False,0,2934,0,0,False,False,True,True
M2,,,lookback,10,0.02,4,1366,0,0,0,False,False,0,2783,0,0,False,False,True,True
M2,,,lookback,10,0.02,5,1555,0,0,0,False,False,0,3169,0,0,False,False,True,True
M2,,,lookback,10,0.02,6,1482,0,0,0,False,False,0,3042,0,0,False,False,True,True
M2,,,lookback,10,0.02,7,1356,6,0,0,False,False,0,2776,0,0,False,False,False,True
M2,,,lookback,10,0.02,8,1436,6,0,0,False,False,0,2905,0,0,False,False,False,True
M2,,,lookback,10,0.02,9,1532,0,0,0,False,False,0,3147,0,0,False,False,True,True
M2,,,lookback,10,0.05,0,1472,10,0,0,False,False,0,2962,0,0,False,False,False,True
M2,,,lookback,10,0.05,1,1469,3,0,0,False,False,0,2942,0,0,False,False,False,True
M2,,,lookback,10,0.05,2,1444,2,0,0,False,False,0,2927,0,0,False,False,False,True
M2,,,lookback,10,0.05,3,1490,8,0,0,False,False,0,3027,0,0,False,False,False,True
M2,,,lookback,10,0.05,4,1389,0,0,0,False,False,0,2826,0,0,False,False,True,True
M2,,,lookback,10,0.05,5,1567,4,0,0,False,False,0,3178,0,0,False,False,False,True
M2,,,lookback,10,0.05,6,1545,6,0,0,False,False,0,3156,0,0,False,False,False,True
M2,,,lookback,10,0.05,7,1357,1,0,0,False,False,0,2723,0,0,False,False,False,True
M2,,,lookback,10,0.05,8,1433,9,0,0,False,False,0,2864,0,0,False,False,False,True
M2,,,lookback,10,0.05,9,1503,10,0,0,False,False,0,3056,0,0,False,False,False,True
M2,,,lookback,10,0.1,0,1487,20,0,0,False,False,0,2918,0,0,False,False,False,True
M2,,,lookback,10,0.1,1,1489,16,0,0,False,False,0,2914,0,0,False,False,False,True
M2,,,lookback,10,0.1,2,1469,15,0,0,False,False,0,2883,0,0,False,False,False,True
M2,,,lookback,10,0.1,3,1498,8,0,0,False,False,0,2978,0,0,False,False,False,True
M2,,,lookback,10,0.1,4,1420,8,0,0,False,False,0,2841,0,0,False,False,False,True
M2,,,lookback,10,0.1,5,1584,11,0,0,False,False,0,3110,0,0,False,False,False,True
M2,,,lookback,10,0.1,6,1625,17,0,0,False,False,0,3191,0,0,False,False,False,True
M2,,,lookback,10,0.1,7,1407,27,0,0,False,False,0,2758,0,0,False,False,False,True
M2,,,lookback,10,0.1,8,1470,16,0,0,False,False,0,2875,0,0,False,False,False,True
M2,,,lookback,10,0.1,9,1485,5,0,0,False,False,0,2979,0,0,False,False,False,True
M2,,,lookback,10,0.2,0,1421,19,0,0,False,False,0,2758,0,0,False,False,False,True
M2,,,lookback,10,0.2,1,1550,25,0,0,False,False,0,2960,0,0,False,False,False,True
M2,,,lookback,10,0.2,2,1467,20,0,0,False,False,0,2790,0,0,False,False,False,True
M2,,,lookback,10,0.2,3,1464,14,0,0,False,False,0,2819,0,0,False,False,False,True
M2,,,lookback,10,0.2,4,1417,26,0,0,False,False,0,2693,0,0,False,False,False,True
M2,,,lookback,10,0.2,5,1612,36,0,0,False,False,0,3007,0,0,False,False,False,True
M2,,,lookback,10,0.2,6,1625,39,0,0,False,False,0,3055,0,0,False,False,False,True
M2,,,lookback,10,0.2,7,1407,23,0,0,False,False,0,2658,0,0,False,False,False,True
M2,,,lookback,10,0.2,8,1494,20,0,0,False,False,0,2859,0,0,False,False,False,True
M2,,,lookback,10,0.2,9,1550,29,0,0,False,False,0,2986,0,0,False,False,False,True
M2,,,lookback,15,0.0,0,1522,0,0,0,False,False,0,3908,0,0,False,False,True,True
M2,,,lookback,15,0.0,1,1537,0,0,0,False,False,0,3884,0,0,False,False,True,True
M2,,,lookback,15,0.0,2,1403,0,0,0,False,False,0,3558,0,0,False,False,True,True
M2,,,lookback,15,0.0,3,1459,0,0,0,False,False,0,3697,0,0,False,False,True,True
M2,,,lookback,15,0.0,4,1387,0,0,0,False,False,0,3540,0,0,False,False,True,True
M2,,,lookback,15,0.0,5,1566,0,0,0,False,False,0,3976,0,0,False,False,True,True
M2,,,lookback,15,0.0,6,1559,0,0,0,False,False,0,3989,0,0,False,False,True,True
M2,,,lookback,15,0.0,7,1354,0,0,0,False,False,0,3449,0,0,False,False,True,True
M2,,,lookback,15,0.0,8,1451,0,0,0,False,False,0,3728,0,0,False,False,True,True
M2,,,lookback,15,0.0,9,1517,0,0,0,False,False,0,3900,0,0,False,False,True,True
M2,,,lookback,15,0.01,0,1518,0,0,0,False,False,0,3891,0,0,False,False,True,True
M2,,,lookback,15,0.01,1,1535,0,0,0,False,False,0,3911,0,0,False,False,True,True
M2,,,lookback,15,0.01,2,1406,0,0,0,False,False,0,3572,0,0,False,False,True,True
M2,,,lookback,15,0.01,3,1461,0,0,0,False,False,0,3700,0,0,False,False,True,True
M2,,,lookback,15,0.01,4,1363,0,0,0,False,False,0,3486,0,0,False,False,True,True
M2,,,lookback,15,0.01,5,1560,0,0,0,False,False,0,3985,0,0,False,False,True,True
M2,,,lookback,15,0.01,6,1483,0,0,0,False,False,0,3848,0,0,False,False,True,True
M2,,,lookback,15,0.01,7,1356,0,0,0,False,False,0,3458,0,0,False,False,True,True
M2,,,lookback,15,0.01,8,1453,0,0,0,False,False,0,3717,0,0,False,False,True,True
M2,,,lookback,15,0.01,9,1535,0,0,0,False,False,0,3903,0,0,False,False,True,True
M2,,,lookback,15,0.02,0,1497,0,0,0,False,False,0,3824,0,0,False,False,True,True
M2,,,lookback,15,0.02,1,1525,0,0,0,False,False,0,3870,0,0,False,False,True,True
M2,,,lookback,15,0.02,2,1441,0,0,0,False,False,0,3671,0,0,False,False,True,True
M2,,,lookback,15,0.02,3,1440,0,0,0,False,False,0,3618,0,0,False,False,True,True
M2,,,lookback,15,0.02,4,1366,0,0,0,False,False,0,3482,0,0,False,False,True,True
M2,,,lookback,15,0.02,5,1555,0,0,0,False,False,0,3981,0,0,False,False,True,True
M2,,,lookback,15,0.02,6,1482,0,0,0,False,False,0,3835,0,0,False,False,True,True
M2,,,lookback,15,0.02,7,1356,0,0,0,False,False,0,3433,0,0,False,False,True,True
M2,,,lookback,15,0.02,8,1436,0,0,0,False,False,0,3657,0,0,False,False,True,True
M2,,,lookback,15,0.02,9,1532,0,0,0,False,False,0,3934,0,0,False,False,True,True
M2,,,lookback,15,0.05,0,1472,0,0,0,False,False,0,3698,0,0,False,False,True,True
M2,,,lookback,15,0.05,1,1469,0,0,0,False,False,0,3721,0,0,False,False,True,True
M2,,,lookback,15,0.05,2,1444,0,0,0,False,False,0,3637,0,0,False,False,True,True
M2,,,lookback,15,0.05,3,1490,0,0,0,False,False,0,3766,0,0,False,False,True,True
M2,,,lookback,15,0.05,4,1389,0,0,0,False,False,0,3477,0,0,False,False,True,True
M2,,,lookback,15,0.05,5,1567,0,0,0,False,False,0,4005,0,0,False,False,True,True
M2,,,lookback,15,0.05,6,1545,0,0,0,False,False,0,3901,0,0,False,False,True,True
M2,,,lookback,15,0.05,7,1357,0,0,0,False,False,0,3367,0,0,False,False,True,True
M2,,,lookback,15,0.05,8,1433,0,0,0,False,False,0,3592,0,0,False,False,True,True
M2,,,lookback,15,0.05,9,1503,0,0,0,False,False,0,3824,0,0,False,False,True,True
M2,,,lookback,15,0.1,0,1487,0,0,0,False,False,0,3719,0,0,False,False,True,True
M2,,,lookback,15,0.1,1,1489,0,0,0,False,False,0,3718,0,0,False,False,True,True
M2,,,lookback,15,0.1,2,1469,0,0,0,False,False,0,3586,0,0,False,False,True,True
M2,,,lookback,15,0.1,3,1498,0,0,0,False,False,0,3684,0,0,False,False,True,True
M2,,,lookback,15,0.1,4,1420,0,0,0,False,False,0,3529,0,0,False,False,True,True
M2,,,lookback,15,0.1,5,1584,0,0,0,False,False,0,3913,0,0,False,False,True,True
M2,,,lookback,15,0.1,6,1625,0,0,0,False,False,0,4104,0,0,False,False,True,True
M2,,,lookback,15,0.1,7,1407,0,0,0,False,False,0,3490,0,0,False,False,True,True
M2,,,lookback,15,0.1,8,1470,0,0,0,False,False,0,3657,0,0,False,False,True,True
M2,,,lookback,15,0.1,9,1485,0,0,0,False,False,0,3721,0,0,False,False,True,True
M2,,,lookback,15,0.2,0,1421,0,0,0,False,False,0,3454,0,0,False,False,True,True
M2,,,lookback,15,0.2,1,1550,0,0,0,False,False,0,3784,0,0,False,False,True,True
M2,,,lookback,15,0.2,2,1467,0,0,0,False,False,0,3583,0,0,False,False,True,True
M2,,,lookback,15,0.2,3,1464,0,0,0,False,False,0,3505,0,0,False,False,True,True
M2,,,lookback,15,0.2,4,1417,0,0,0,False,False,0,3446,0,0,False,False,True,True
M2,,,lookback,15,0.2,5,1612,0,0,0,False,False,0,3828,0,0,False,False,True,True
M2,,,lookback,15,0.2,6,1625,0,0,0,False,False,0,3908,0,0,False,False,True,True
M2,,,lookback,15,0.2,7,1407,0,0,0,False,False,0,3382,0,0,False,False,True,True
M2,,,lookback,15,0.2,8,1494,0,0,0,False,False,0,3615,0,0,False,False,True,True
M2,,,lookback,15,0.2,9,1550,0,0,0,False,False,0,3772,0,0,False,False,True,True
M2,,,lookback,20,0.0,0,1522,0,0,0,False,False,0,4661,0,0,False,False,True,True
M2,,,lookback,20,0.0,1,1537,0,0,0,False,False,0,4693,0,0,False,False,True,True
M2,,,lookback,20,0.0,2,1403,0,0,0,False,False,0,4288,0,0,False,False,True,True
M2,,,lookback,20,0.0,3,1459,0,0,0,False,False,0,4448,0,0,False,False,True,True
M2,,,lookback,20,0.0,4,1387,0,0,0,False,False,0,4220,0,0,False,False,True,True
M2,,,lookback,20,0.0,5,1566,0,0,0,False,False,0,4809,0,0,False,False,True,True
M2,,,lookback,20,0.0,6,1559,0,0,0,False,False,0,4773,0,0,False,False,True,True
M2,,,lookback,20,0.0,7,1354,0,0,0,False,False,0,4140,0,0,False,False,True,True
M2,,,lookback,20,0.0,8,1451,0,0,0,False,False,0,4400,0,0,False,False,True,True
M2,,,lookback,20,0.0,9,1517,0,0,0,False,False,0,4670,0,0,False,False,True,True
M2,,,lookback,20,0.01,0,1518,0,0,0,False,False,0,4643,0,0,False,False,True,True
M2,,,lookback,20,0.01,1,1535,0,0,0,False,False,0,4672,0,0,False,False,True,True
M2,,,lookback,20,0.01,2,1406,0,0,0,False,False,0,4295,0,0,False,False,True,True
M2,,,lookback,20,0.01,3,1461,0,0,0,False,False,0,4451,0,0,False,False,True,True
M2,,,lookback,20,0.01,4,1363,0,0,0,False,False,0,4130,0,0,False,False,True,True
M2,,,lookback,20,0.01,5,1560,0,0,0,False,False,0,4799,0,0,False,False,True,True
M2,,,lookback,20,0.01,6,1483,0,0,0,False,False,0,4525,0,0,False,False,True,True
M2,,,lookback,20,0.01,7,1356,0,0,0,False,False,0,4151,0,0,False,False,True,True
M2,,,lookback,20,0.01,8,1453,0,0,0,False,False,0,4393,0,0,False,False,True,True
M2,,,lookback,20,0.01,9,1535,0,0,0,False,False,0,4703,0,0,False,False,True,True
M2,,,lookback,20,0.02,0,1497,0,0,0,False,False,0,4564,0,0,False,False,True,True
M2,,,lookback,20,0.02,1,1525,0,0,0,False,False,0,4631,0,0,False,False,True,True
M2,,,lookback,20,0.02,2,1441,0,0,0,False,False,0,4389,0,0,False,False,True,True
M2,,,lookback,20,0.02,3,1440,0,0,0,False,False,0,4369,0,0,False,False,True,True
M2,,,lookback,20,0.02,4,1366,0,0,0,False,False,0,4143,0,0,False,False,True,True
M2,,,lookback,20,0.02,5,1555,0,0,0,False,False,0,4759,0,0,False,False,True,True
M2,,,lookback,20,0.02,6,1482,0,0,0,False,False,0,4512,0,0,False,False,True,True
M2,,,lookback,20,0.02,7,1356,0,0,0,False,False,0,4143,0,0,False,False,True,True
M2,,,lookback,20,0.02,8,1436,0,0,0,False,False,0,4332,0,0,False,False,True,True
M2,,,lookback,20,0.02,9,1532,0,0,0,False,False,0,4715,0,0,False,False,True,True
M2,,,lookback,20,0.05,0,1472,0,0,0,False,False,0,4455,0,0,False,False,True,True
M2,,,lookback,20,0.05,1,1469,0,0,0,False,False,0,4442,0,0,False,False,True,True
M2,,,lookback,20,0.05,2,1444,0,0,0,False,False,0,4357,0,0,False,False,True,True
M2,,,lookback,20,0.05,3,1490,0,0,0,False,False,0,4479,0,0,False,False,True,True
M2,,,lookback,20,0.05,4,1389,0,0,0,False,False,0,4193,0,0,False,False,True,True
M2,,,lookback,20,0.05,5,1567,0,0,0,False,False,0,4787,0,0,False,False,True,True
M2,,,lookback,20,0.05,6,1545,0,0,0,False,False,0,4645,0,0,False,False,True,True
M2,,,lookback,20,0.05,7,1357,0,0,0,False,False,0,4081,0,0,False,False,True,True
M2,,,lookback,20,0.05,8,1433,0,0,0,False,False,0,4296,0,0,False,False,True,True
M2,,,lookback,20,0.05,9,1503,0,0,0,False,False,0,4578,0,0,False,False,True,True
M2,,,lookback,20,0.1,0,1487,0,0,0,False,False,0,4455,0,0,False,False,True,True
M2,,,lookback,20,0.1,1,1489,0,0,0,False,False,0,4391,0,0,False,False,True,True
M2,,,lookback,20,0.1,2,1469,0,0,0,False,False,0,4371,0,0,False,False,True,True
M2,,,lookback,20,0.1,3,1498,0,0,0,False,False,0,4451,0,0,False,False,True,True
M2,,,lookback,20,0.1,4,1420,0,0,0,False,False,0,4250,0,0,False,False,True,True
M2,,,lookback,20,0.1,5,1584,0,0,0,False,False,0,4719,0,0,False,False,True,True
M2,,,lookback,20,0.1,6,1625,0,0,0,False,False,0,4861,0,0,False,False,True,True
M2,,,lookback,20,0.1,7,1407,0,0,0,False,False,0,4160,0,0,False,False,True,True
M2,,,lookback,20,0.1,8,1470,0,0,0,False,False,0,4352,0,0,False,False,True,True
M2,,,lookback,20,0.1,9,1485,0,0,0,False,False,0,4462,0,0,False,False,True,True
M2,,,lookback,20,0.2,0,1421,0,0,0,False,False,0,4169,0,0,False,False,True,True
M2,,,lookback,20,0.2,1,1550,0,0,0,False,False,0,4506,0,0,False,False,True,True
M2,,,lookback,20,0.2,2,1467,0,0,0,False,False,0,4279,0,0,False,False,True,True
M2,,,lookback,20,0.2,3,1464,0,0,0,False,False,0,4232,0,0,False,False,True,True
M2,,,lookback,20,0.2,4,1417,0,0,0,False,False,0,4101,0,0,False,False,True,True
M2,,,lookback,20,0.2,5,1612,0,0,0,False,False,0,4592,0,0,False,False,True,True
M2,,,lookback,20,0.2,6,1625,0,0,0,False,False,0,4698,0,0,False,False,True,True
M2,,,lookback,20,0.2,7,1407,0,0,0,False,False,0,4062,0,0,False,False,True,True
M2,,,lookback,20,0.2,8,1494,0,0,0,False,False,0,4346,0,0,False,False,True,True
M2,,,lookback,20,0.2,9,1550,0,0,0,False,False,0,4544,0,0,False,False,True,True
P2,,,gt,0,0.0,0,1522,0,0,0,False,False,0,3190,0,0,False,False,True,True
P2,,,gt,0,0.0,1,1537,0,0,0,False,False,0,3201,0,0,False,False,True,True
P2,,,gt,0,0.0,2,1403,0,0,0,False,False,0,2942,0,0,False,False,True,True
P2,,,gt,0,0.0,3,1459,0,0,0,False,False,0,3052,0,0,False,False,True,True
P2,,,gt,0,0.0,4,1387,0,0,0,False,False,0,2900,0,0,False,False,True,True
P2,,,gt,0,0.0,5,1566,0,0,0,False,False,0,3285,0,0,False,False,True,True
P2,,,gt,0,0.0,6,1559,0,0,0,False,False,0,3300,0,0,False,False,True,True
P2,,,gt,0,0.0,7,1354,0,0,0,False,False,0,2813,0,0,False,False,True,True
P2,,,gt,0,0.0,8,1451,0,0,0,False,False,0,3054,0,0,False,False,True,True
P2,,,gt,0,0.0,9,1517,0,0,0,False,False,0,3204,0,0,False,False,True,True
P2,,,gt,0,0.01,0,1518,4,0,0,False,False,0,3174,0,0,False,False,False,True
P2,,,gt,0,0.01,1,1535,9,0,0,False,False,0,3180,0,0,False,False,False,True
P2,,,gt,0,0.01,2,1406,5,0,0,False,False,0,2934,0,0,False,False,False,True
P2,,,gt,0,0.01,3,1461,3,0,0,False,False,0,3050,0,0,False,False,False,True
P2,,,gt,0,0.01,4,1363,6,0,0,False,False,0,2851,0,0,False,False,False,True
P2,,,gt,0,0.01,5,1560,4,0,0,False,False,0,3268,0,0,False,False,False,True
P2,,,gt,0,0.01,6,1483,14,0,0,False,False,0,3109,0,0,False,False,False,True
P2,,,gt,0,0.01,7,1356,6,0,0,False,False,0,2800,0,0,False,False,False,True
P2,,,gt,0,0.01,8,1453,8,0,0,False,False,0,3042,0,0,False,False,False,True
P2,,,gt,0,0.01,9,1535,6,0,0,False,False,0,3235,0,0,False,False,False,True
P2,,,gt,0,0.02,0,1497,20,0,0,False,False,0,3105,0,0,False,False,False,True
P2,,,gt,0,0.02,1,1525,15,0,0,False,False,0,3141,0,0,False,False,False,True
P2,,,gt,0,0.02,2,1441,13,0,0,False,False,0,2980,0,0,False,False,False,True
P2,,,gt,0,0.02,3,1440,14,0,0,False,False,0,2978,0,0,False,False,False,True
P2,,,gt,0,0.02,4,1366,11,0,0,False,False,0,2856,0,0,False,False,False,True
P2,,,gt,0,0.02,5,1555,16,0,0,False,False,0,3223,0,0,False,False,False,True
P2,,,gt,0,0.02,6,1482,23,0,0,False,False,0,3086,0,0,False,False,False,True
P2,,,gt,0,0.02,7,1356,11,0,0,False,False,0,2790,0,0,False,False,False,True
P2,,,gt,0,0.02,8,1436,17,0,0,False,False,0,2989,0,0,False,False,False,True
P2,,,gt,0,0.02,9,1532,9,0,0,False,False,0,3222,0,0,False,False,False,True
P2,,,gt,0,0.05,0,1472,38,0,0,False,False,0,2998,0,0,False,False,False,True
P2,,,gt,0,0.05,1,1469,43,0,0,False,False,0,2996,0,0,False,False,False,True
P2,,,gt,0,0.05,2,1444,48,0,0,False,False,0,2909,0,0,False,False,False,True
P2,,,gt,0,0.05,3,1490,50,0,0,False,False,0,3039,0,0,False,False,False,True
P2,,,gt,0,0.05,4,1389,23,0,0,False,False,0,2860,0,0,False,False,False,True
P2,,,gt,0,0.05,5,1567,38,0,0,False,False,0,3188,0,0,False,False,False,True
P2,,,gt,0,0.05,6,1545,58,0,0,False,False,0,3111,0,0,False,False,False,True
P2,,,gt,0,0.05,7,1357,65,0,0,False,False,0,2728,0,0,False,False,False,True
P2,,,gt,0,0.05,8,1433,52,0,0,False,False,0,2899,0,0,False,False,False,True
P2,,,gt,0,0.05,9,1503,36,0,0,False,False,0,3155,0,0,False,False,False,True
P2,,,gt,0,0.1,0,1487,74,0,0,False,False,0,2947,0,0,False,False,False,True
P2,,,gt,0,0.1,1,1489,110,0,0,False,False,0,2853,0,0,False,False,False,True
P2,,,gt,0,0.1,2,1469,104,0,0,False,False,0,2864,0,0,False,False,False,True
P2,,,gt,0,0.1,3,1498,109,0,0,False,False,0,2910,0,0,False,False,False,True
P2,,,gt,0,0.1,4,1420,57,0,0,False,False,0,2848,0,0,False,False,False,True
P2,,,gt,0,0.1,5,1584,105,0,0,False,False,0,3106,0,0,False,False,False,True
P2,,,gt,0,0.1,6,1625,138,0,0,False,False,0,3122,0,0,False,False,False,True
P2,,,gt,0,0.1,7,1407,101,0,0,False,False,0,2678,0,0,False,False,False,True
P2,,,gt,0,0.1,8,1470,93,0,0,False,False,0,2891,0,0,False,False,False,True
P2,,,gt,0,0.1,9,1485,74,0,0,False,False,0,2930,0,0,False,False,False,True
P2,,,gt,0,0.2,0,1421,145,0,0,False,False,0,2649,0,0,False,False,False,True
P2,,,gt,0,0.2,1,1550,208,0,0,False,False,0,2757,0,0,False,False,False,True
P2,,,gt,0,0.2,2,1467,144,0,0,False,False,0,2795,0,0,False,False,False,True
P2,,,gt,0,0.2,3,1464,192,0,0,False,False,0,2634,0,0,False,False,False,True
P2,,,gt,0,0.2,4,1417,183,0,0,False,False,0,2568,0,0,False,False,False,True
P2,,,gt,0,0.2,5,1612,213,0,0,False,False,0,2890,0,0,False,False,False,True
P2,,,gt,0,0.2,6,1625,246,0,0,False,False,0,2894,0,0,False,False,False,True
P2,,,gt,0,0.2,7,1407,191,0,0,False,False,0,2512,0,0,False,False,False,True
P2,,,gt,0,0.2,8,1494,159,0,0,False,False,0,2744,0,0,False,False,False,True
P2,,,gt,0,0.2,9,1550,150,0,0,False,False,0,2899,0,0,False,False,False,True
P2,,,gte,0,0.0,0,1522,0,0,0,False,False,0,3388,0,0,False,False,True,True
P2,,,gte,0,0.0,1,1537,0,0,0,False,False,0,3632,0,0,False,False,True,True
P2,,,gte,0,0.0,2,1403,0,0,0,False,False,0,3098,0,0,False,False,True,True
P2,,,gte,0,0.0,3,1459,0,0,0,False,False,0,3287,0,0,False,False,True,True
P2,,,gte,0,0.0,4,1387,0,0,0,False,False,0,3190,0,0,False,False,True,True
P2,,,gte,0,0.0,5,1566,0,0,0,False,False,0,3573,0,0,False,False,True,True
P2,,,gte,0,0.0,6,1559,0,0,0,False,False,0,3534,0,0,False,False,True,True
P2,,,gte,0,0.0,7,1354,0,0,0,False,False,0,3172,0,0,False,False,True,True
P2,,,gte,0,0.0,8,1451,0,0,0,False,False,0,3262,0,0,False,False,True,True
P2,,,gte,0,0.0,9,1517,0,0,0,False,False,0,3532,0,0,False,False,True,True
P2,,,gte,0,0.01,0,1518,3,0,0,False,False,0,3360,0,0,False,False,False,True
P2,,,gte,0,0.01,1,1535,9,0,0,False,False,0,3520,0,0,False,False,False,True
P2,,,gte,0,0.01,2,1406,5,0,0,False,False,0,3108,0,0,False,False,False,True
P2,,,gte,0,0.01,3,1461,1,0,0,False,False,0,3285,0,0,False,False,False,True
P2,,,gte,0,0.01,4,1363,6,0,0,False,False,0,3004,0,0,False,False,False,True
P2,,,gte,0,0.01,5,1560,4,0,0,False,False,0,3665,0,0,False,False,False,True
P2,,,gte,0,0.01,6,1483,14,0,0,False,False,0,3420,0,0,False,False,False,True
P2,,,gte,0,0.01,7,1356,5,0,0,False,False,0,3153,0,0,False,False,False,True
P2,,,gte,0,0.01,8,1453,8,0,0,False,False,0,3250,0,0,False,False,False,True
P2,,,gte,0,0.01,9,1535,6,0,0,False,False,0,3530,0,0,False,False,False,True
P2,,,gte,0,0.02,0,1497,13,0,0,False,False,0,3380,0,0,False,False,False,True
P2,,,gte,0,0.02,1,1525,11,0,0,False,False,0,3586,0,0,False,False,False,True
P2,,,gte,0,0.02,2,1441,13,0,0,False,False,0,3227,0,0,False,False,False,True
P2,,,gte,0,0.02,3,1440,12,0,0,False,False,0,3189,0,0,False,False,False,True
P2,,,gte,0,0.02,4,1366,11,0,0,False,False,0,3026,0,0,False,False,False,True
P2,,,gte,0,0.02,5,1555,15,0,0,False,False,0,3618,0,0,False,False,False,True
P2,,,gte,0,0.02,6,1482,23,0,0,False,False,0,3396,0,0,False,False,False,True
P2,,,gte,0,0.02,7,1356,8,0,0,False,False,0,3143,0,0,False,False,False,True
P2,,,gte,0,0.02,8,1436,17,0,0,False,False,0,3164,0,0,False,False,False,True
P2,,,gte,0,0.02,9,1532,7,0,0,False,False,0,3592,0,0,False,False,False,True
P2,,,gte,0,0.05,0,1472,31,0,0,False,False,0,3246,0,0,False,False,False,True
P2,,,gte,0,0.05,1,1469,38,0,0,False,False,0,3315,0,0,False,False,False,True
P2,,,gte,0,0.05,2,1444,42,0,0,False,False,0,3133,0,0,False,False,False,True
P2,,,gte,0,0.05,3,1490,44,0,0,False,False,0,3344,0,0,False,False,False,True
P2,,,gte,0,0.05,4,1389,23,0,0,False,False,0,3014,0,0,False,False,False,True
P2,,,gte,0,0.05,5,1567,27,0,0,False,False,0,3717,0,0,False,False,False,True
P2,,,gte,0,0.05,6,1545,52,0,0,False,False,0,3446,0,0,False,False,False,True
P2,,,gte,0,0.05,7,1357,65,0,0,False,False,0,2993,0,0,False,False,False,True
P2,,,gte,0,0.05,8,1433,47,0,0,False,False,0,3207,0,0,False,False,False,True
P2,,,gte,0,0.05,9,1503,36,0,0,False,False,0,3402,0,0,False,False,False,True
P2,,,gte,0,0.1,0,1487,74,0,0,False,False,0,3118,0,0,False,False,False,True
P2,,,gte,0,0.1,1,1489,103,0,0,False,False,0,3108,0,0,False,False,False,True
P2,,,gte,0,0.1,2,1469,104,0,0,False,False,0,3016,0,0,False,False,False,True
P2,,,gte,0,0.1,3,1498,87,0,0,False,False,0,3354,0,0,False,False,False,True
P2,,,gte,0,0.1,4,1420,53,0,0,False,False,0,3107,0,0,False,False,False,True
P2,,,gte,0,0.1,5,1584,105,0,0,False,False,0,3338,0,0,False,False,False,True
P2,,,gte,0,0.1,6,1625,130,0,0,False,False,0,3470,0,0,False,False,False,True
P2,,,gte,0,0.1,7,1407,88,0,0,False,False,0,3049,0,0,False,False,False,True
P2,,,gte,0,0.1,8,1470,89,0,0,False,False,0,3141,0,0,False,False,False,True
P2,,,gte,0,0.1,9,1485,66,0,0,False,False,0,3259,0,0,False,False,False,True
P2,,,gte,0,0.2,0,1421,136,0,0,False,False,0,2936,0,0,False,False,False,True
P2,,,gte,0,0.2,1,1550,177,0,0,False,False,0,3207,0,0,False,False,False,True
P2,,,gte,0,0.2,2,1467,144,0,0,False,False,0,2966,0,0,False,False,False,True
P2,,,gte,0,0.2,3,1464,158,0,0,False,False,0,2966,0,0,False,False,False,True
P2,,,gte,0,0.2,4,1417,174,0,0,False,False,0,2815,0,0,False,False,False,True
P2,,,gte,0,0.2,5,1612,186,0,0,False,False,0,3284,0,0,False,False,False,True
P2,,,gte,0,0.2,6,1625,243,0,0,False,False,0,3114,0,0,False,False,False,True
P2,,,gte,0,0.2,7,1407,181,0,0,False,False,0,2846,0,0,False,False,False,True
P2,,,gte,0,0.2,8,1494,154,0,0,False,False,0,2904,0,0,False,False,False,True
P2,,,gte,0,0.2,9,1550,139,0,0,False,False,0,3136,0,0,False,False,False,True
P2,,,lookback,2,0.0,0,1522,0,0,0,False,False,0,4947,0,0,False,False,True,True
P2,,,lookback,2,0.0,1,1537,0,0,0,False,False,0,5089,0,0,False,False,True,True
P2,,,lookback,2,0.0,2,1403,0,0,0,False,False,0,4725,0,0,False,False,True,True
P2,,,lookback,2,0.0,3,1459,0,0,0,False,False,0,4825,0,0,False,False,True,True
P2,,,lookback,2,0.0,4,1387,0,0,0,False,False,0,4649,0,0,False,False,True,True
P2,,,lookback,2,0.0,5,1566,0,0,0,False,False,0,5176,0,0,False,False,True,True
P2,,,lookback,2,0.0,6,1559,0,0,0,False,False,0,5260,0,0,False,False,True,True
P2,,,lookback,2,0.0,7,1354,0,0,0,False,False,0,4461,0,0,False,False,True,True
P2,,,lookback,2,0.0,8,1451,0,0,0,False,False,0,4702,0,0,False,False,True,True
P2,,,lookback,2,0.0,9,1517,0,0,0,False,False,0,5105,0,0,False,False,True,True
P2,,,lookback,2,0.01,0,1518,3,0,0,False,False,0,4914,0,0,False,False,False,True
P2,,,lookback,2,0.01,1,1535,0,0,0,False,False,0,5139,0,0,False,False,True,True
P2,,,lookback,2,0.01,2,1406,1,0,0,False,False,0,4731,0,0,False,False,False,True
P2,,,lookback,2,0.01,3,1461,0,0,0,False,False,0,4825,0,0,False,False,True,True
P2,,,lookback,2,0.01,4,1363,0,0,0,False,False,0,4565,0,0,False,False,True,True
P2,,,lookback,2,0.01,5,1560,0,0,0,False,False,0,5257,0,0,False,False,True,True
P2,,,lookback,2,0.01,6,1483,0,0,0,False,False,0,4998,0,0,False,False,True,True
P2,,,lookback,2,0.01,7,1356,3,0,0,False,False,0,4428,0,0,False,False,False,True
P2,,,lookback,2,0.01,8,1453,8,0,0,False,False,0,4685,0,0,False,False,False,True
P2,,,lookback,2,0.01,9,1535,3,0,0,False,False,0,5105,0,0,False,False,False,True
P2,,,lookback,2,0.02,0,1497,4,0,0,False,False,0,4911,0,0,False,False,False,True
P2,,,lookback,2,0.02,1,1525,0,0,0,False,False,0,5095,0,0,False,False,True,True
P2,,,lookback,2,0.02,2,1441,6,0,0,False,False,0,4740,0,0,False,False,False,True
P2,,,lookback,2,0.02,3,1440,1,0,0,False,False,0,4706,0,0,False,False,False,True
P2,,,lookback,2,0.02,4,1366,2,0,0,False,False,0,4532,0,0,False,False,False,True
P2,,,lookback,2,0.02,5,1555,0,0,0,False,False,0,5216,0,0,False,False,True,True
P2,,,lookback,2,0.02,6,1482,0,0,0,False,False,0,4973,0,0,False,False,True,True
P2,,,lookback,2,0.02,7,1356,6,0,0,False,False,0,4412,0,0,False,False,False,True
P2,,,lookback,2,0.02,8,1436,8,0,0,False,False,0,4727,0,0,False,False,False,True
P2,,,lookback,2,0.02,9,1532,0,0,0,False,False,0,5110,0,0,False,False,True,True
P2,,,lookback,2,0.05,0,1472,10,0,0,False,False,0,4781,0,0,False,False,False,True
P2,,,lookback,2,0.05,1,1469,2,0,0,False,False,0,4790,0,0,False,False,False,True
P2,,,lookback,2,0.05,2,1444,1,0,0,False,False,0,4759,0,0,False,False,False,True
P2,,,lookback,2,0.05,3,1490,5,0,0,False,False,0,4836,0,0,False,False,False,True
P2,,,lookback,2,0.05,4,1389,6,0,0,False,False,0,4385,0,0,False,False,False,True
P2,,,lookback,2,0.05,5,1567,4,0,0,False,False,0,5181,0,0,False,False,False,True
P2,,,lookback,2,0.05,6,1545,9,0,0,False,False,0,5039,0,0,False,False,False,True
P2,,,lookback,2,0.05,7,1357,7,0,0,False,False,0,4282,0,0,False,False,False,True
P2,,,lookback,2,0.05,8,1433,13,0,0,False,False,0,4575,0,0,False,False,False,True
P2,,,lookback,2,0.05,9,1503,4,0,0,False,False,0,4873,0,0,False,False,False,True
P2,,,lookback,2,0.1,0,1487,9,0,0,False,False,0,4816,0,0,False,False,False,True
P2,,,lookback,2,0.1,1,1489,10,0,0,False,False,0,4749,0,0,False,False,False,True
P2,,,lookback,2,0.1,2,1469,15,0,0,False,False,0,4474,0,0,False,False,False,True
P2,,,lookback,2,0.1,3,1498,2,0,0,False,False,0,4823,0,0,False,False,False,True
P2,,,lookback,2,0.1,4,1420,7,0,0,False,False,0,4582,0,0,False,False,False,True
P2,,,lookback,2,0.1,5,1584,15,0,0,False,False,0,5029,0,0,False,False,False,True
P2,,,lookback,2,0.1,6,1625,12,0,0,False,False,0,5211,0,0,False,False,False,True
P2,,,lookback,2,0.1,7,1407,20,0,0,False,False,0,4426,0,0,False,False,False,True
P2,,,lookback,2,0.1,8,1470,13,0,0,False,False,0,4767,0,0,False,False,False,True
P2,,,lookback,2,0.1,9,1485,3,0,0,False,False,0,4835,0,0,False,False,False,True
P2,,,lookback,2,0.2,0,1421,25,0,0,False,False,0,4285,0,0,False,False,False,True
P2,,,lookback,2,0.2,1,1550,19,0,0,False,False,0,4698,0,0,False,False,False,True
P2,,,lookback,2,0.2,2,1467,17,0,0,False,False,0,4501,0,0,False,False,False,True
P2,,,lookback,2,0.2,3,1464,17,0,0,False,False,0,4420,0,0,False,False,False,True
P2,,,lookback,2,0.2,4,1417,22,0,0,False,False,0,4285,0,0,False,False,False,True
P2,,,lookback,2,0.2,5,1612,21,0,0,False,False,0,4914,0,0,False,False,False,True
P2,,,lookback,2,0.2,6,1625,48,0,0,False,False,0,4849,0,0,False,False,False,True
P2,,,lookback,2,0.2,7,1407,23,0,0,False,False,0,4238,0,0,False,False,False,True
P2,,,lookback,2,0.2,8,1494,20,0,0,False,False,0,4421,0,0,False,False,False,True
P2,,,lookback,2,0.2,9,1550,29,0,0,False,False,0,4768,0,0,False,False,False,True
P2,,,lookback,5,0.0,0,1522,0,0,0,False,False,0,5589,0,0,False,False,True,True
P2,,,lookback,5,0.0,1,1537,0,0,0,False,False,0,5665,0,0,False,False,True,True
P2,,,lookback,5,0.0,2,1403,0,0,0,False,False,0,5145,0,0,False,False,True,True
P2,,,lookback,5,0.0,3,1459,0,0,0,False,False,0,5329,0,0,False,False,True,True
P2,,,lookback,5,0.0,4,1387,0,0,0,False,False,0,5094,0,0,False,False,True,True
P2,,,lookback,5,0.0,5,1566,0,0,0,False,False,0,5750,0,0,False,False,True,True
P2,,,lookback,5,0.0,6,1559,0,0,0,False,False,0,5796,0,0,False,False,True,True
P2,,,lookback,5,0.0,7,1354,0,0,0,False,False,0,4973,0,0,False,False,True,True
P2,,,lookback,5,0.0,8,1451,0,0,0,False,False,0,5389,0,0,False,False,True,True
P2,,,lookback,5,0.0,9,1517,0,0,0,False,False,0,5632,0,0,False,False,True,True
P2,,,lookback,5,0.01,0,1518,2,0,0,False,False,0,5556,0,0,False,False,False,True
P2,,,lookback,5,0.01,1,1535,0,0,0,False,False,0,5675,0,0,False,False,True,True
P2,,,lookback,5,0.01,2,1406,1,0,0,False,False,0,5149,0,0,False,False,False,True
P2,,,lookback,5,0.01,3,1461,0,0,0,False,False,0,5328,0,0,False,False,True,True
P2,,,lookback,5,0.01,4,1363,0,0,0,False,False,0,5019,0,0,False,False,True,True
P2,,,lookback,5,0.01,5,1560,0,0,0,False,False,0,5742,0,0,False,False,True,True
P2,,,lookback,5,0.01,6,1483,0,0,0,False,False,0,5583,0,0,False,False,True,True
P2,,,lookback,5,0.01,7,1356,3,0,0,False,False,0,4957,0,0,False,False,False,True
P2,,,lookback,5,0.01,8,1453,5,0,0,False,False,0,5367,0,0,False,False,False,True
P2,,,lookback,5,0.01,9,1535,3,0,0,False,False,0,5637,0,0,False,False,False,True
P2,,,lookback,5,0.02,0,1497,4,0,0,False,False,0,5458,0,0,False,False,False,True
P2,,,lookback,5,0.02,1,1525,0,0,0,False,False,0,5597,0,0,False,False,True,True
P2,,,lookback,5,0.02,2,1441,4,0,0,False,False,0,5258,0,0,False,False,False,True
P2,,,lookback,5,0.02,3,1440,0,0,0,False,False,0,5219,0,0,False,False,True,True
P2,,,lookback,5,0.02,4,1366,0,0,0,False,False,0,5024,0,0,False,False,True,True
P2,,,lookback,5,0.02,5,1555,0,0,0,False,False,0,5682,0,0,False,False,True,True
P2,,,lookback,5,0.02,6,1482,0,0,0,False,False,0,5558,0,0,False,False,True,True
P2,,,lookback,5,0.02,7,1356,6,0,0,False,False,0,4924,0,0,False,False,False,True
P2,,,lookback,5,0.02,8,1436,5,0,0,False,False,0,5242,0,0,False,False,False,True
P2,,,lookback,5,0.02,9,1532,0,0,0,False,False,0,5662,0,0,False,False,True,True
P2,,,lookback,5,0.05,0,1472,10,0,0,False,False,0,5272,0,0,False,False,False,True
P2,,,lookback,5,0.05,1,1469,2,0,0,False,False,0,5306,0,0,False,False,False,True
P2,,,lookback,5,0.05,2,1444,1,0,0,False,False,0,5209,0,0,False,False,False,True
P2,,,lookback,5,0.05,3,1490,5,0,0,False,False,0,5431,0,0,False,False,False,True
P2,,,lookback,5,0.05,4,1389,0,0,0,False,False,0,5021,0,0,False,False,True,True
P2,,,lookback,5,0.05,5,1567,4,0,0,False,False,0,5681,0,0,False,False,False,True
P2,,,lookback,5,0.05,6,1545,5,0,0,False,False,0,5620,0,0,False,False,False,True
P2,,,lookback,5,0.05,7,1357,0,0,0,False,False,0,4849,0,0,False,False,True,True
P2,,,lookback,5,0.05,8,1433,7,0,0,False,False,0,5112,0,0,False,False,False,True
P2,,,lookback,5,0.05,9,1503,4,0,0,False,False,0,5453,0,0,False,False,False,True
P2,,,lookback,5,0.1,0,1487,9,0,0,False,False,0,5247,0,0,False,False,False,True
P2,,,lookback,5,0.1,1,1489,10,0,0,False,False,0,5248,0,0,False,False,False,True
P2,,,lookback,5,0.1,2,1469,4,0,0,False,False,0,5095,0,0,False,False,False,True
P2,,,lookback,5,0.1,3,1498,2,0,0,False,False,0,5266,0,0,False,False,False,True
P2,,,lookback,5,0.1,4,1420,6,0,0,False,False,0,5062,0,0,False,False,False,True
P2,,,lookback,5,0.1,5,1584,10,0,0,False,False,0,5532,0,0,False,False,False,True
P2,,,lookback,5,0.1,6,1625,12,0,0,False,False,0,5777,0,0,False,False,False,True
P2,,,lookback,5,0.1,7,1407,20,0,0,False,False,0,4918,0,0,False,False,False,True
P2,,,lookback,5,0.1,8,1470,13,0,0,False,False,0,5195,0,0,False,False,False,True
P2,,,lookback,5,0.1,9,1485,3,0,0,False,False,0,5297,0,0,False,False,False,True
P2,,,lookback,5,0.2,0,1421,13,0,0,False,False,0,4891,0,0,False,False,False,True
P2,,,lookback,5,0.2,1,1550,19,0,0,False,False,0,5238,0,0,False,False,False,True
P2,,,lookback,5,0.2,2,1467,12,0,0,False,False,0,5020,0,0,False,False,False,True
P2,,,lookback,5,0.2,3,1464,7,0,0,False,False,0,4955,0,0,False,False,False,True
P2,,,lookback,5,0.2,4,1417,15,0,0,False,False,0,4823,0,0,False,False,False,True
P2,,,lookback,5,0.2,5,1612,21,0,0,False,False,0,5344,0,0,False,False,False,True
P2,,,lookback,5,0.2,6,1625,33,0,0,False,False,0,5416,0,0,False,False,False,True
P2,,,lookback,5,0.2,7,1407,13,0,0,False,False,0,4760,0,0,False,False,False,True
P2,,,lookback,5,0.2,8,1494,7,0,0,False,False,0,5084,0,0,False,False,False,True
P2,,,lookback,5,0.2,9,1550,21,0,0,False,False,0,5306,0,0,False,False,False,True
P2,,,lookback,10,0.0,0,1522,0,0,0,False,False,0,6355,0,0,False,False,True,True
P2,,,lookback,10,0.0,1,1537,0,0,0,False,False,0,6497,0,0,False,False,True,True
P2,,,lookback,10,0.0,2,1403,0,0,0,False,False,0,5905,0,0,False,False,True,True
P2,,,lookback,10,0.0,3,1459,0,0,0,False,False,0,6137,0,0,False,False,True,True
P2,,,lookback,10,0.0,4,1387,0,0,0,False,False,0,5838,0,0,False,False,True,True
P2,,,lookback,10,0.0,5,1566,0,0,0,False,False,0,6555,0,0,False,False,True,True
P2,,,lookback,10,0.0,6,1559,0,0,0,False,False,0,6671,0,0,False,False,True,True
P2,,,lookback,10,0.0,7,1354,0,0,0,False,False,0,5710,0,0,False,False,True,True
P2,,,lookback,10,0.0,8,1451,0,0,0,False,False,0,6112,0,0,False,False,True,True
P2,,,lookback,10,0.0,9,1517,0,0,0,False,False,0,6453,0,0,False,False,True,True
P2,,,lookback,10,0.01,0,1518,2,0,0,False,False,0,6321,0,0,False,False,False,True
P2,,,lookback,10,0.01,1,1535,0,0,0,False,False,0,6449,0,0,False,False,True,True
P2,,,lookback,10,0.01,2,1406,1,0,0,False,False,0,5914,0,0,False,False,False,True
P2,,,lookback,10,0.01,3,1461,0,0,0,False,False,0,6139,0,0,False,False,True,True
P2,,,lookback,10,0.01,4,1363,0,0,0,False,False,0,5704,0,0,False,False,True,True
P2,,,lookback,10,0.01,5,1560,0,0,0,False,False,0,6535,0,0,False,False,True,True
P2,,,lookback,10,0.01,6,1483,0,0,0,False,False,0,6297,0,0,False,False,True,True
P2,,,lookback,10,0.01,7,1356,3,0,0,False,False,0,5670,0,0,False,False,False,True
P2,,,lookback,10,0.01,8,1453,5,0,0,False,False,0,6094,0,0,False,False,False,True
P2,,,lookback,10,0.01,9,1535,3,0,0,False,False,0,6462,0,0,False,False,False,True
P2,,,lookback,10,0.02,0,1497,4,0,0,False,False,0,6213,0,0,False,False,False,True
P2,,,lookback,10,0.02,1,1525,0,0,0,False,False,0,6362,0,0,False,False,True,True
P2,,,lookback,10,0.02,2,1441,4,0,0,False,False,0,6010,0,0,False,False,False,True
P2,,,lookback,10,0.02,3,1440,0,0,0,False,False,0,6000,0,0,False,False,True,True
P2,,,lookback,10,0.02,4,1366,0,0,0,False,False,0,5715,0,0,False,False,True,True
P2,,,lookback,10,0.02,5,1555,0,0,0,False,False,0,6471,0,0,False,False,True,True
P2,,,lookback,10,0.02,6,1482,0,0,0,False,False,0,6272,0,0,False,False,True,True
P2,,,lookback,10,0.02,7,1356,6,0,0,False,False,0,5654,0,0,False,False,False,True
P2,,,lookback,10,0.02,8,1436,5,0,0,False,False,0,5972,0,0,False,False,False,True
P2,,,lookback,10,0.02,9,1532,0,0,0,False,False,0,6518,0,0,False,False,True,True
P2,,,lookback,10,0.05,0,1472,10,0,0,False,False,0,6057,0,0,False,False,False,True
P2,,,lookback,10,0.05,1,1469,2,0,0,False,False,0,6049,0,0,False,False,False,True
P2,,,lookback,10,0.05,2,1444,1,0,0,False,False,0,5972,0,0,False,False,False,True
P2,,,lookback,10,0.05,3,1490,5,0,0,False,False,0,6206,0,0,False,False,False,True
P2,,,lookback,10,0.05,4,1389,0,0,0,False,False,0,5783,0,0,False,False,True,True
P2,,,lookback,10,0.05,5,1567,4,0,0,False,False,0,6463,0,0,False,False,False,True
P2,,,lookback,10,0.05,6,1545,5,0,0,False,False,0,6458,0,0,False,False,False,True
P2,,,lookback,10,0.05,7,1357,0,0,0,False,False,0,5595,0,0,False,False,True,True
P2,,,lookback,10,0.05,8,1433,7,0,0,False,False,0,5863,0,0,False,False,False,True
P2,,,lookback,10,0.05,9,1503,4,0,0,False,False,0,6312,0,0,False,False,False,True
P2,,,lookback,10,0.1,0,1487,9,0,0,False,False,0,6001,0,0,False,False,False,True
P2,,,lookback,10,0.1,1,1489,10,0,0,False,False,0,5956,0,0,False,False,False,True
P2,,,lookback,10,0.1,2,1469,4,0,0,False,False,0,5922,0,0,False,False,False,True
P2,,,lookback,10,0.1,3,1498,2,0,0,False,False,0,6086,0,0,False,False,False,True
P2,,,lookback,10,0.1,4,1420,6,0,0,False,False,0,5814,0,0,False,False,False,True
P2,,,lookback,10,0.1,5,1584,10,0,0,False,False,0,6365,0,0,False,False,False,True
P2,,,lookback,10,0.1,6,1625,12,0,0,False,False,0,6566,0,0,False,False,False,True
P2,,,lookback,10,0.1,7,1407,20,0,0,False,False,0,5604,0,0,False,False,False,True
P2,,,lookback,10,0.1,8,1470,13,0,0,False,False,0,5929,0,0,False,False,False,True
P2,,,lookback,10,0.1,9,1485,3,0,0,False,False,0,6082,0,0,False,False,False,True
P2,,,lookback,10,0.2,0,1421,13,0,0,False,False,0,5645,0,0,False,False,False,True
P2,,,lookback,10,0.2,1,1550,19,0,0,False,False,0,6028,0,0,False,False,False,True
P2,,,lookback,10,0.2,2,1467,12,0,0,False,False,0,5812,0,0,False,False,False,True
P2,,,lookback,10,0.2,3,1464,7,0,0,False,False,0,5817,0,0,False,False,False,True
P2,,,lookback,10,0.2,4,1417,15,0,0,False,False,0,5525,0,0,False,False,False,True
P2,,,lookback,10,0.2,5,1612,21,0,0,False,False,0,6191,0,0,False,False,False,True
P2,,,lookback,10,0.2,6,1625,33,0,0,False,False,0,6297,0,0,False,False,False,True
P2,,,lookback,10,0.2,7,1407,13,0,0,False,False,0,5441,0,0,False,False,False,True
P2,,,lookback,10,0.2,8,1494,7,0,0,False,False,0,5848,0,0,False,False,False,True
P2,,,lookback,10,0.2,9,1550,21,0,0,False,False,0,6111,0,0,False,False,False,True
P2,,,lookback,15,0.0,0,1522,0,0,0,False,False,0,8713,0,0,False,False,True,True
P2,,,lookback,15,0.0,1,1537,0,0,0,False,False,0,8691,0,0,False,False,True,True
P2,,,lookback,15,0.0,2,1403,0,0,0,False,False,0,7988,0,0,False,False,True,True
P2,,,lookback,15,0.0,3,1459,0,0,0,False,False,0,8274,0,0,False,False,True,True
P2,,,lookback,15,0.0,4,1387,0,0,0,False,False,0,7878,0,0,False,False,True,True
P2,,,lookback,15,0.0,5,1566,0,0,0,False,False,0,8915,0,0,False,False,True,True
P2,,,lookback,15,0.0,6,1559,0,0,0,False,False,0,8933,0,0,False,False,True,True
P2,,,lookback,15,0.0,7,1354,0,0,0,False,False,0,7676,0,0,False,False,True,True
P2,,,lookback,15,0.0,8,1451,0,0,0,False,False,0,8278,0,0,False,False,True,True
P2,,,lookback,15,0.0,9,1517,0,0,0,False,False,0,8701,0,0,False,False,True,True
P2,,,lookback,15,0.01,0,1518,0,0,0,False,False,0,8678,0,0,False,False,True,True
P2,,,lookback,15,0.01,1,1535,0,0,0,False,False,0,8700,0,0,False,False,True,True
P2,,,lookback,15,0.01,2,1406,0,0,0,False,False,0,8006,0,0,False,False,True,True
P2,,,lookback,15,0.01,3,1461,0,0,0,False,False,0,8280,0,0,False,False,True,True
P2,,,lookback,15,0.01,4,1363,0,0,0,False,False,0,7766,0,0,False,False,True,True
P2,,,lookback,15,0.01,5,1560,0,0,0,False,False,0,8905,0,0,False,False,True,True
P2,,,lookback,15,0.01,6,1483,0,0,0,False,False,0,8540,0,0,False,False,True,True
P2,,,lookback,15,0.01,7,1356,0,0,0,False,False,0,7694,0,0,False,False,True,True
P2,,,lookback,15,0.01,8,1453,0,0,0,False,False,0,8260,0,0,False,False,True,True
P2,,,lookback,15,0.01,9,1535,0,0,0,False,False,0,8777,0,0,False,False,True,True
P2,,,lookback,15,0.02,0,1497,0,0,0,False,False,0,8526,0,0,False,False,True,True
P2,,,lookback,15,0.02,1,1525,0,0,0,False,False,0,8620,0,0,False,False,True,True
P2,,,lookback,15,0.02,2,1441,0,0,0,False,False,0,8184,0,0,False,False,True,True
P2,,,lookback,15,0.02,3,1440,0,0,0,False,False,0,8115,0,0,False,False,True,True
P2,,,lookback,15,0.02,4,1366,0,0,0,False,False,0,7778,0,0,False,False,True,True
P2,,,lookback,15,0.02,5,1555,0,0,0,False,False,0,8868,0,0,False,False,True,True
P2,,,lookback,15,0.02,6,1482,0,0,0,False,False,0,8513,0,0,False,False,True,True
P2,,,lookback,15,0.02,7,1356,0,0,0,False,False,0,7661,0,0,False,False,True,True
P2,,,lookback,15,0.02,8,1436,0,0,0,False,False,0,8139,0,0,False,False,True,True
P2,,,lookback,15,0.02,9,1532,0,0,0,False,False,0,8796,0,0,False,False,True,True
P2,,,lookback,15,0.05,0,1472,0,0,0,False,False,0,8283,0,0,False,False,True,True
P2,,,lookback,15,0.05,1,1469,0,0,0,False,False,0,8314,0,0,False,False,True,True
P2,,,lookback,15,0.05,2,1444,0,0,0,False,False,0,8109,0,0,False,False,True,True
P2,,,lookback,15,0.05,3,1490,0,0,0,False,False,0,8392,0,0,False,False,True,True
P2,,,lookback,15,0.05,4,1389,0,0,0,False,False,0,7808,0,0,False,False,True,True
P2,,,lookback,15,0.05,5,1567,0,0,0,False,False,0,8884,0,0,False,False,True,True
P2,,,lookback,15,0.05,6,1545,0,0,0,False,False,0,8701,0,0,False,False,True,True
P2,,,lookback,15,0.05,7,1357,0,0,0,False,False,0,7588,0,0,False,False,True,True
P2,,,lookback,15,0.05,8,1433,0,0,0,False,False,0,8020,0,0,False,False,True,True
P2,,,lookback,15,0.05,9,1503,0,0,0,False,False,0,8488,0,0,False,False,True,True
P2,,,lookback,15,0.1,0,1487,0,0,0,False,False,0,8329,0,0,False,False,True,True
P2,,,lookback,15,0.1,1,1489,0,0,0,False,False,0,8235,0,0,False,False,True,True
P2,,,lookback,15,0.1,2,1469,0,0,0,False,False,0,8101,0,0,False,False,True,True
P2,,,lookback,15,0.1,3,1498,0,0,0,False,False,0,8265,0,0,False,False,True,True
P2,,,lookback,15,0.1,4,1420,0,0,0,False,False,0,7912,0,0,False,False,True,True
P2,,,lookback,15,0.1,5,1584,0,0,0,False,False,0,8772,0,0,False,False,True,True
P2,,,lookback,15,0.1,6,1625,0,0,0,False,False,0,9103,0,0,False,False,True,True
P2,,,lookback,15,0.1,7,1407,0,0,0,False,False,0,7745,0,0,False,False,True,True
P2,,,lookback,15,0.1,8,1470,0,0,0,False,False,0,8177,0,0,False,False,True,True
P2,,,lookback,15,0.1,9,1485,0,0,0,False,False,0,8290,0,0,False,False,True,True
P2,,,lookback,15,0.2,0,1421,0,0,0,False,False,0,7742,0,0,False,False,True,True
P2,,,lookback,15,0.2,1,1550,0,0,0,False,False,0,8386,0,0,False,False,True,True
P2,,,lookback,15,0.2,2,1467,0,0,0,False,False,0,8009,0,0,False,False,True,True
P2,,,lookback,15,0.2,3,1464,0,0,0,False,False,0,7857,0,0,False,False,True,True
P2,,,lookback,15,0.2,4,1417,0,0,0,False,False,0,7676,0,0,False,False,True,True
P2,,,lookback,15,0.2,5,1612,0,0,0,False,False,0,8611,0,0,False,False,True,True
P2,,,lookback,15,0.2,6,1625,0,0,0,False,False,0,8775,0,0,False,False,True,True
P2,,,lookback,15,0.2,7,1407,0,0,0,False,False,0,7574,0,0,False,False,True,True
P2,,,lookback,15,0.2,8,1494,0,0,0,False,False,0,8089,0,0,False,False,True,True
P2,,,lookback,15,0.2,9,1550,0,0,0,False,False,0,8451,0,0,False,False,True,True
P2,,,lookback,20,0.0,0,1522,0,0,0,False,False,0,9466,0,0,False,False,True,True
P2,,,lookback,20,0.0,1,1537,0,0,0,False,False,0,9500,0,0,False,False,True,True
P2,,,lookback,20,0.0,2,1403,0,0,0,False,False,0,8718,0,0,False,False,True,True
P2,,,lookback,20,0.0,3,1459,0,0,0,False,False,0,9025,0,0,False,False,True,True
P2,,,lookback,20,0.0,4,1387,0,0,0,False,False,0,8558,0,0,False,False,True,True
P2,,,lookback,20,0.0,5,1566,0,0,0,False,False,0,9748,0,0,False,False,True,True
P2,,,lookback,20,0.0,6,1559,0,0,0,False,False,0,9717,0,0,False,False,True,True
P2,,,lookback,20,0.0,7,1354,0,0,0,False,False,0,8367,0,0,False,False,True,True
P2,,,lookback,20,0.0,8,1451,0,0,0,False,False,0,8950,0,0,False,False,True,True
P2,,,lookback,20,0.0,9,1517,0,0,0,False,False,0,9555,0,0,False,False,True,True
P2,,,lookback,20,0.01,0,1518,0,0,0,False,False,0,9430,0,0,False,False,True,True
P2,,,lookback,20,0.01,1,1535,0,0,0,False,False,0,9461,0,0,False,False,True,True
P2,,,lookback,20,0.01,2,1406,0,0,0,False,False,0,8729,0,0,False,False,True,True
P2,,,lookback,20,0.01,3,1461,0,0,0,False,False,0,9031,0,0,False,False,True,True
P2,,,lookback,20,0.01,4,1363,0,0,0,False,False,0,8410,0,0,False,False,True,True
P2,,,lookback,20,0.01,5,1560,0,0,0,False,False,0,9719,0,0,False,False,True,True
P2,,,lookback,20,0.01,6,1483,0,0,0,False,False,0,9217,0,0,False,False,True,True
P2,,,lookback,20,0.01,7,1356,0,0,0,False,False,0,8387,0,0,False,False,True,True
P2,,,lookback,20,0.01,8,1453,0,0,0,False,False,0,8936,0,0,False,False,True,True
P2,,,lookback,20,0.01,9,1535,0,0,0,False,False,0,9577,0,0,False,False,True,True
P2,,,lookback,20,0.02,0,1497,0,0,0,False,False,0,9266,0,0,False,False,True,True
P2,,,lookback,20,0.02,1,1525,0,0,0,False,False,0,9381,0,0,False,False,True,True
P2,,,lookback,20,0.02,2,1441,0,0,0,False,False,0,8902,0,0,False,False,True,True
P2,,,lookback,20,0.02,3,1440,0,0,0,False,False,0,8866,0,0,False,False,True,True
P2,,,lookback,20,0.02,4,1366,0,0,0,False,False,0,8439,0,0,False,False,True,True
P2,,,lookback,20,0.02,5,1555,0,0,0,False,False,0,9646,0,0,False,False,True,True
P2,,,lookback,20,0.02,6,1482,0,0,0,False,False,0,9190,0,0,False,False,True,True
P2,,,lookback,20,0.02,7,1356,0,0,0,False,False,0,8371,0,0,False,False,True,True
P2,,,lookback,20,0.02,8,1436,0,0,0,False,False,0,8814,0,0,False,False,True,True
P2,,,lookback,20,0.02,9,1532,0,0,0,False,False,0,9652,0,0,False,False,True,True
P2,,,lookback,20,0.05,0,1472,0,0,0,False,False,0,9040,0,0,False,False,True,True
P2,,,lookback,20,0.05,1,1469,0,0,0,False,False,0,9035,0,0,False,False,True,True
P2,,,lookback,20,0.05,2,1444,0,0,0,False,False,0,8829,0,0,False,False,True,True
P2,,,lookback,20,0.05,3,1490,0,0,0,False,False,0,9105,0,0,False,False,True,True
P2,,,lookback,20,0.05,4,1389,0,0,0,False,False,0,8524,0,0,False,False,True,True
P2,,,lookback,20,0.05,5,1567,0,0,0,False,False,0,9666,0,0,False,False,True,True
P2,,,lookback,20,0.05,6,1545,0,0,0,False,False,0,9445,0,0,False,False,True,True
P2,,,lookback,20,0.05,7,1357,0,0,0,False,False,0,8302,0,0,False,False,True,True
P2,,,lookback,20,0.05,8,1433,0,0,0,False,False,0,8724,0,0,False,False,True,True
P2,,,lookback,20,0.05,9,1503,0,0,0,False,False,0,9337,0,0,False,False,True,True
P2,,,lookback,20,0.1,0,1487,0,0,0,False,False,0,9065,0,0,False,False,True,True
P2,,,lookback,20,0.1,1,1489,0,0,0,False,False,0,8908,0,0,False,False,True,True
P2,,,lookback,20,0.1,2,1469,0,0,0,False,False,0,8886,0,0,False,False,True,True
P2,,,lookback,20,0.1,3,1498,0,0,0,False,False,0,9032,0,0,False,False,True,True
P2,,,lookback,20,0.1,4,1420,0,0,0,False,False,0,8633,0,0,False,False,True,True
P2,,,lookback,20,0.1,5,1584,0,0,0,False,False,0,9578,0,0,False,False,True,True
P2,,,lookback,20,0.1,6,1625,0,0,0,False,False,0,9860,0,0,False,False,True,True
P2,,,lookback,20,0.1,7,1407,0,0,0,False,False,0,8415,0,0,False,False,True,True
P2,,,lookback,20,0.1,8,1470,0,0,0,False,False,0,8872,0,0,False,False,True,True
P2,,,lookback,20,0.1,9,1485,0,0,0,False,False,0,9031,0,0,False,False,True,True
P2,,,lookback,20,0.2,0,1421,0,0,0,False,False,0,8457,0,0,False,False,True,True
P2,,,lookback,20,0.2,1,1550,0,0,0,False,False,0,9108,0,0,False,False,True,True
P2,,,lookback,20,0.2,2,1467,0,0,0,False,False,0,8801,0,0,False,False,True,True
P2,,,lookback,20,0.2,3,1464,0,0,0,False,False,0,8637,0,0,False,False,True,True
P2,,,lookback,20,0.2,4,1417,0,0,0,False,False,0,8331,0,0,False,False,True,True
P2,,,lookback,20,0.2,5,1612,0,0,0,False,False,0,9375,0,0,False,False,True,True
P2,,,lookback,20,0.2,6,1625,0,0,0,False,False,0,9565,0,0,False,False,True,True
P2,,,lookback,20,0.2,7,1407,0,0,0,False,False,0,8254,0,0,False,False,True,True
P2,,,lookback,20,0.2,8,1494,0,0,0,False,False,0,8820,0,0,False,False,True,True
P2,,,lookback,20,0.2,9,1550,0,0,0,False,False,0,9223,0,0,False,False,True,True
F2,,,gt,0,0.0,0,1522,0,0,0,False,False,0,1522,0,0,False,False,True,True
F2,,,gt,0,0.0,1,1537,0,0,0,False,False,0,1537,0,0,False,False,True,True
F2,,,gt,0,0.0,2,1403,0,0,0,False,False,0,1403,0,0,False,False,True,True
F2,,,gt,0,0.0,3,1459,0,0,0,False,False,0,1459,0,0,False,False,True,True
F2,,,gt,0,0.0,4,1387,0,0,0,False,False,0,1387,0,0,False,False,True,True
F2,,,gt,0,0.0,5,1566,0,0,0,False,False,0,1566,0,0,False,False,True,True
F2,,,gt,0,0.0,6,1559,0,0,0,False,False,0,1559,0,0,False,False,True,True
F2,,,gt,0,0.0,7,1354,0,0,0,False,False,0,1354,0,0,False,False,True,True
F2,,,gt,0,0.0,8,1451,0,0,0,False,False,0,1451,0,0,False,False,True,True
F2,,,gt,0,0.0,9,1517,0,0,0,False,False,0,1517,0,0,False,False,True,True
F2,,,gt,0,0.01,0,1518,4,0,0,False,False,0,1514,0,0,False,False,False,True
F2,,,gt,0,0.01,1,1535,9,0,0,False,False,0,1526,0,0,False,False,False,True
F2,,,gt,0,0.01,2,1406,6,0,0,False,False,0,1400,0,0,False,False,False,True
F2,,,gt,0,0.01,3,1461,3,0,0,False,False,0,1458,0,0,False,False,False,True
F2,,,gt,0,0.01,4,1363,10,0,0,False,False,0,1353,0,0,False,False,False,True
F2,,,gt,0,0.01,5,1560,4,0,0,False,False,0,1556,0,0,False,False,False,True
F2,,,gt,0,0.01,6,1483,18,0,0,False,False,0,1465,0,0,False,False,False,True
F2,,,gt,0,0.01,7,1356,10,0,0,False,False,0,1346,0,0,False,False,False,True
F2,,,gt,0,0.01,8,1453,8,0,0,False,False,0,1445,0,0,False,False,False,True
F2,,,gt,0,0.01,9,1535,10,0,0,False,False,0,1525,0,0,False,False,False,True
F2,,,gt,0,0.02,0,1497,20,0,0,False,False,0,1477,0,0,False,False,False,True
F2,,,gt,0,0.02,1,1525,19,0,0,False,False,0,1506,0,0,False,False,False,True
F2,,,gt,0,0.02,2,1441,17,0,0,False,False,0,1424,0,0,False,False,False,True
F2,,,gt,0,0.02,3,1440,16,0,0,False,False,0,1424,0,0,False,False,False,True
F2,,,gt,0,0.02,4,1366,11,0,0,False,False,0,1355,0,0,False,False,False,True
F2,,,gt,0,0.02,5,1555,16,0,0,False,False,0,1539,0,0,False,False,False,True
F2,,,gt,0,0.02,6,1482,28,0,0,False,False,0,1454,0,0,False,False,False,True
F2,,,gt,0,0.02,7,1356,15,0,0,False,False,0,1341,0,0,False,False,False,True
F2,,,gt,0,0.02,8,1436,17,0,0,False,False,0,1419,0,0,False,False,False,True
F2,,,gt,0,0.02,9,1532,11,0,0,False,False,0,1521,0,0,False,False,False,True
F2,,,gt,0,0.05,0,1472,41,0,0,False,False,0,1431,0,0,False,False,False,True
F2,,,gt,0,0.05,1,1469,48,0,0,False,False,0,1421,0,0,False,False,False,True
F2,,,gt,0,0.05,2,1444,50,0,0,False,False,0,1394,0,0,False,False,False,True
F2,,,gt,0,0.05,3,1490,50,0,0,False,False,0,1440,0,0,False,False,False,True
F2,,,gt,0,0.05,4,1389,24,0,0,False,False,0,1365,0,0,False,False,False,True
F2,,,gt,0,0.05,5,1567,38,0,0,False,False,0,1529,0,0,False,False,False,True
F2,,,gt,0,0.05,6,1545,67,0,0,False,False,0,1478,0,0,False,False,False,True
F2,,,gt,0,0.05,7,1357,69,0,0,False,False,0,1288,0,0,False,False,False,True
F2,,,gt,0,0.05,8,1433,52,0,0,False,False,0,1381,0,0,False,False,False,True
F2,,,gt,0,0.05,9,1503,44,0,0,False,False,0,1459,0,0,False,False,False,True
F2,,,gt,0,0.1,0,1487,87,0,0,False,False,0,1400,0,0,False,False,False,True
F2,,,gt,0,0.1,1,1489,127,0,0,False,False,0,1362,0,0,False,False,False,True
F2,,,gt,0,0.1,2,1469,105,0,0,False,False,0,1364,0,0,False,False,False,True
F2,,,gt,0,0.1,3,1498,114,0,0,False,False,0,1384,0,0,False,False,False,True
F2,,,gt,0,0.1,4,1420,65,0,0,False,False,0,1355,0,0,False,False,False,True
F2,,,gt,0,0.1,5,1584,105,0,0,False,False,0,1479,0,0,False,False,False,True
F2,,,gt,0,0.1,6,1625,146,0,0,False,False,0,1479,0,0,False,False,False,True
F2,,,gt,0,0.1,7,1407,114,0,0,False,False,0,1293,0,0,False,False,False,True
F2,,,gt,0,0.1,8,1470,110,0,0,False,False,0,1360,0,0,False,False,False,True
F2,,,gt,0,0.1,9,1485,84,0,0,False,False,0,1401,0,0,False,False,False,True
F2,,,gt,0,0.2,0,1421,164,0,0,False,False,0,1257,0,0,False,False,False,True
F2,,,gt,0,0.2,1,1550,225,0,0,False,False,0,1325,0,0,False,False,False,True
F2,,,gt,0,0.2,2,1467,172,0,0,False,False,0,1295,0,0,False,False,False,True
F2,,,gt,0,0.2,3,1464,205,0,0,False,False,0,1259,0,0,False,False,False,True
F2,,,gt,0,0.2,4,1417,202,0,0,False,False,0,1215,0,0,False,False,False,True
F2,,,gt,0,0.2,5,1612,255,0,0,False,False,0,1357,0,0,False,False,False,True
F2,,,gt,0,0.2,6,1625,262,0,0,False,False,0,1363,0,0,False,False,False,True
F2,,,gt,0,0.2,7,1407,210,0,0,False,False,0,1197,0,0,False,False,False,True
F2,,,gt,0,0.2,8,1494,178,0,0,False,False,0,1316,0,0,False,False,False,True
F2,,,gt,0,0.2,9,1550,166,0,0,False,False,0,1384,0,0,False,False,False,True
F2,,,gte,0,0.0,0,1522,0,172,0,False,False,172,1694,0,0,False,False,False,True
F2,,,gte,0,0.0,1,1537,0,162,0,False,False,162,1699,0,0,False,False,False,True
F2,,,gte,0,0.0,2,1403,0,146,0,False,False,146,1549,0,0,False,False,False,True
F2,,,gte,0,0.0,3,1459,0,158,0,False,False,158,1617,0,0,False,False,False,True
F2,,,gte,0,0.0,4,1387,0,130,0,False,False,130,1517,0,0,False,False,False,True
F2,,,gte,0,0.0,5,1566,0,179,0,False,False,179,1745,0,0,False,False,False,True
F2,,,gte,0,0.0,6,1559,0,208,0,False,False,208,1767,0,0,False,False,False,True
F2,,,gte,0,0.0,7,1354,0,135,0,False,False,135,1489,0,0,False,False,False,True
F2,,,gte,0,0.0,8,1451,0,180,0,False,False,180,1631,0,0,False,False,False,True
F2,,,gte,0,0.0,9,1517,0,194,0,False,False,194,1711,0,0,False,False,False,True
F2,,,gte,0,0.01,0,1518,3,165,0,False,False,165,1680,0,0,False,False,False,True
F2,,,gte,0,0.01,1,1535,9,166,0,False,False,166,1692,0,0,False,False,False,True
F2,,,gte,0,0.01,2,1406,5,153,0,False,False,153,1554,0,0,False,False,False,True
F2,,,gte,0,0.01,3,1461,1,156,0,False,False,156,1616,0,0,False,False,False,True
F2,,,gte,0,0.01,4,1363,6,145,0,False,False,145,1502,0,0,False,False,False,True
F2,,,gte,0,0.01,5,1560,4,188,0,False,False,188,1744,0,0,False,False,False,True
F2,,,gte,0,0.01,6,1483,14,213,0,False,False,213,1682,0,0,False,False,False,True
F2,,,gte,0,0.01,7,1356,6,130,0,False,False,130,1480,0,0,False,False,False,True
F2,,,gte,0,0.01,8,1453,8,180,0,False,False,180,1625,0,0,False,False,False,True
F2,,,gte,0,0.01,9,1535,6,210,0,False,False,210,1739,0,0,False,False,False,True
F2,,,gte,0,0.02,0,1497,20,166,0,False,False,166,1643,0,0,False,False,False,True
F2,,,gte,0,0.02,1,1525,15,181,0,False,False,181,1691,0,0,False,False,False,True
F2,,,gte,0,0.02,2,1441,13,153,0,False,False,153,1581,0,0,False,False,False,True
F2,,,gte,0,0.02,3,1440,12,140,0,False,False,140,1568,0,0,False,False,False,True
F2,,,gte,0,0.02,4,1366,11,158,0,False,False,158,1513,0,0,False,False,False,True
F2,,,gte,0,0.02,5,1555,16,193,0,False,False,193,1732,0,0,False,False,False,True
F2,,,gte,0,0.02,6,1482,23,211,0,False,False,211,1670,0,0,False,False,False,True
F2,,,gte,0,0.02,7,1356,11,130,0,False,False,130,1475,0,0,False,False,False,True
F2,,,gte,0,0.02,8,1436,17,163,0,False,False,163,1582,0,0,False,False,False,True
F2,,,gte,0,0.02,9,1532,9,220,0,False,False,220,1743,0,0,False,False,False,True
F2,,,gte,0,0.05,0,1472,38,142,0,False,False,142,1576,0,0,False,False,False,True
F2,,,gte,0,0.05,1,1469,43,166,0,False,False,166,1592,0,0,False,False,False,True
F2,,,gte,0,0.05,2,1444,48,132,0,False,False,132,1528,0,0,False,False,False,True
F2,,,gte,0,0.05,3,1490,46,184,0,False,False,184,1628,0,0,False,False,False,True
F2,,,gte,0,0.05,4,1389,23,141,0,False,False,141,1507,0,0,False,False,False,True
F2,,,gte,0,0.05,5,1567,38,185,0,False,False,185,1714,0,0,False,False,False,True
F2,,,gte,0,0.05,6,1545,58,171,0,False,False,171,1658,0,0,False,False,False,True
F2,,,gte,0,0.05,7,1357,65,166,0,False,False,166,1458,0,0,False,False,False,True
F2,,,gte,0,0.05,8,1433,52,147,0,False,False,147,1528,0,0,False,False,False,True
F2,,,gte,0,0.05,9,1503,37,160,0,False,False,160,1626,0,0,False,False,False,True
F2,,,gte,0,0.1,0,1487,74,146,0,False,False,146,1559,0,0,False,False,False,True
F2,,,gte,0,0.1,1,1489,108,133,0,False,False,133,1514,0,0,False,False,False,True
F2,,,gte,0,0.1,2,1469,104,143,0,False,False,143,1508,0,0,False,False,False,True
F2,,,gte,0,0.1,3,1498,107,163,0,False,False,163,1554,0,0,False,False,False,True
F2,,,gte,0,0.1,4,1420,57,158,0,False,False,158,1521,0,0,False,False,False,True
F2,,,gte,0,0.1,5,1584,105,160,0,False,False,160,1639,0,0,False,False,False,True
F2,,,gte,0,0.1,6,1625,138,178,0,False,False,178,1665,0,0,False,False,False,True
F2,,,gte,0,0.1,7,1407,97,122,0,False,False,122,1432,0,0,False,False,False,True
F2,,,gte,0,0.1,8,1470,93,171,0,False,False,171,1548,0,0,False,False,False,True
F2,,,gte,0,0.1,9,1485,74,150,0,False,False,150,1561,0,0,False,False,False,True
F2,,,gte,0,0.2,0,1421,142,133,0,False,False,133,1412,0,0,False,False,False,True
F2,,,gte,0,0.2,1,1550,206,137,0,False,False,137,1481,0,0,False,False,False,True
F2,,,gte,0,0.2,2,1467,152,147,0,False,False,147,1462,0,0,False,False,False,True
F2,,,gte,0,0.2,3,1464,188,139,0,False,False,139,1415,0,0,False,False,False,True
F2,,,gte,0,0.2,4,1417,183,144,0,False,False,144,1378,0,0,False,False,False,True
F2,,,gte,0,0.2,5,1612,201,155,0,False,False,155,1566,0,0,False,False,False,True
F2,,,gte,0,0.2,6,1625,243,175,0,False,False,175,1557,0,0,False,False,False,True
F2,,,gte,0,0.2,7,1407,185,141,0,False,False,141,1363,0,0,False,False,False,True
F2,,,gte,0,0.2,8,1494,159,98,0,False,False,98,1433,0,0,False,False,False,True
F2,,,gte,0,0.2,9,1550,150,137,0,False,False,137,1537,0,0,False,False,False,True
F2,,,lookback,2,0.0,0,1522,0,323,0,False,False,323,1845,0,0,False,False,False,True
F2,,,lookback,2,0.0,1,1537,0,308,0,False,False,308,1845,0,0,False,False,False,True
F2,,,lookback,2,0.0,2,1403,0,299,0,False,False,299,1702,0,0,False,False,False,True
F2,,,lookback,2,0.0,3,1459,0,298,0,False,False,298,1757,0,0,False,False,False,True
F2,,,lookback,2,0.0,4,1387,0,282,0,False,False,282,1669,0,0,False,False,False,True
F2,,,lookback,2,0.0,5,1566,0,344,0,False,False,344,1910,0,0,False,False,False,True
F2,,,lookback,2,0.0,6,1559,0,340,0,False,False,340,1899,0,0,False,False,False,True
F2,,,lookback,2,0.0,7,1354,0,268,0,False,False,268,1622,0,0,False,False,False,True
F2,,,lookback,2,0.0,8,1451,0,297,0,False,False,297,1748,0,0,False,False,False,True
F2,,,lookback,2,0.0,9,1517,0,331,0,False,False,331,1848,0,0,False,False,False,True
F2,,,lookback,2,0.01,0,1518,3,314,0,False,False,314,1829,0,0,False,False,False,True
F2,,,lookback,2,0.01,1,1535,7,325,0,False,False,325,1853,0,0,False,False,False,True
F2,,,lookback,2,0.01,2,1406,5,303,0,False,False,303,1704,0,0,False,False,False,True
F2,,,lookback,2,0.01,3,1461,1,296,0,False,False,296,1756,0,0,False,False,False,True
F2,,,lookback,2,0.01,4,1363,6,283,0,False,False,283,1640,0,0,False,False,False,True
F2,,,lookback,2,0.01,5,1560,4,365,0,False,False,365,1921,0,0,False,False,False,True
F2,,,lookback,2,0.01,6,1483,14,359,0,False,False,359,1828,0,0,False,False,False,True
F2,,,lookback,2,0.01,7,1356,6,256,0,False,False,256,1606,0,0,False,False,False,True
F2,,,lookback,2,0.01,8,1453,8,295,0,False,False,295,1740,0,0,False,False,False,True
F2,,,lookback,2,0.01,9,1535,6,328,0,False,False,328,1857,0,0,False,False,False,True
F2,,,lookback,2,0.02,0,1497,20,312,0,False,False,312,1789,0,0,False,False,False,True
F2,,,lookback,2,0.02,1,1525,13,339,0,False,False,339,1851,0,0,False,False,False,True
F2,,,lookback,2,0.02,2,1441,13,314,0,False,False,314,1742,0,0,False,False,False,True
F2,,,lookback,2,0.02,3,1440,12,281,0,False,False,281,1709,0,0,False,False,False,True
F2,,,lookback,2,0.02,4,1366,9,307,0,False,False,307,1664,0,0,False,False,False,True
F2,,,lookback,2,0.02,5,1555,15,374,0,False,False,374,1914,0,0,False,False,False,True
F2,,,lookback,2,0.02,6,1482,23,357,0,False,False,357,1816,0,0,False,False,False,True
F2,,,lookback,2,0.02,7,1356,11,253,0,False,False,253,1598,0,0,False,False,False,True
F2,,,lookback,2,0.02,8,1436,17,286,0,False,False,286,1705,0,0,False,False,False,True
F2,,,lookback,2,0.02,9,1532,4,343,0,False,False,343,1871,0,0,False,False,False,True
F2,,,lookback,2,0.05,0,1472,34,304,0,False,False,304,1742,0,0,False,False,False,True
F2,,,lookback,2,0.05,1,1469,36,313,0,False,False,313,1746,0,0,False,False,False,True
F2,,,lookback,2,0.05,2,1444,42,312,0,False,False,312,1714,0,0,False,False,False,True
F2,,,lookback,2,0.05,3,1490,45,311,0,False,False,311,1756,0,0,False,False,False,True
F2,,,lookback,2,0.05,4,1389,19,253,0,False,False,253,1623,0,0,False,False,False,True
F2,,,lookback,2,0.05,5,1567,29,358,0,False,False,358,1896,0,0,False,False,False,True
F2,,,lookback,2,0.05,6,1545,53,292,0,False,False,292,1784,0,0,False,False,False,True
F2,,,lookback,2,0.05,7,1357,59,292,0,False,False,292,1590,0,0,False,False,False,True
F2,,,lookback,2,0.05,8,1433,40,301,0,False,False,301,1694,0,0,False,False,False,True
F2,,,lookback,2,0.05,9,1503,30,313,0,False,False,313,1786,0,0,False,False,False,True
F2,,,lookback,2,0.1,0,1487,66,312,0,False,False,312,1733,0,0,False,False,False,True
F2,,,lookback,2,0.1,1,1489,90,308,0,False,False,308,1707,0,0,False,False,False,True
F2,,,lookback,2,0.1,2,1469,92,273,0,False,False,273,1650,0,0,False,False,False,True
F2,,,lookback,2,0.1,3,1498,104,321,0,False,False,321,1715,0,0,False,False,False,True
F2,,,lookback,2,0.1,4,1420,52,299,0,False,False,299,1667,0,0,False,False,False,True
F2,,,lookback,2,0.1,5,1584,91,331,0,False,False,331,1824,0,0,False,False,False,True
F2,,,lookback,2,0.1,6,1625,129,340,0,False,False,340,1836,0,0,False,False,False,True
F2,,,lookback,2,0.1,7,1407,88,261,0,False,False,261,1580,0,0,False,False,False,True
F2,,,lookback,2,0.1,8,1470,79,322,0,False,False,322,1713,0,0,False,False,False,True
F2,,,lookback,2,0.1,9,1485,65,312,0,False,False,312,1732,0,0,False,False,False,True
F2,,,lookback,2,0.2,0,1421,139,265,0,False,False,265,1547,0,0,False,False,False,True
F2,,,lookback,2,0.2,1,1550,184,264,0,False,False,264,1630,0,0,False,False,False,True
F2,,,lookback,2,0.2,2,1467,126,284,0,False,False,284,1625,0,0,False,False,False,True
F2,,,lookback,2,0.2,3,1464,172,285,0,False,False,285,1577,0,0,False,False,False,True
F2,,,lookback,2,0.2,4,1417,160,279,0,False,False,279,1536,0,0,False,False,False,True
F2,,,lookback,2,0.2,5,1612,185,303,0,False,False,303,1730,0,0,False,False,False,True
F2,,,lookback,2,0.2,6,1625,228,319,0,False,False,319,1716,0,0,False,False,False,True
F2,,,lookback,2,0.2,7,1407,169,274,0,False,False,274,1512,0,0,False,False,False,True
F2,,,lookback,2,0.2,8,1494,144,229,0,False,False,229,1579,0,0,False,False,False,True
F2,,,lookback,2,0.2,9,1550,137,294,0,False,False,294,1707,0,0,False,False,False,True
F2,,,lookback,5,0.0,0,1522,0,813,0,False,False,813,2335,0,0,False,False,False,True
F2,,,lookback,5,0.0,1,1537,0,824,0,False,False,824,2361,0,0,False,False,False,True
F2,,,lookback,5,0.0,2,1403,0,719,0,False,False,719,2122,0,0,False,False,False,True
F2,,,lookback,5,0.0,3,1459,0,732,0,False,False,732,2191,0,0,False,False,False,True
F2,,,lookback,5,0.0,4,1387,0,727,0,False,False,727,2114,0,0,False,False,False,True
F2,,,lookback,5,0.0,5,1566,0,833,0,False,False,833,2399,0,0,False,False,False,True
F2,,,lookback,5,0.0,6,1559,0,803,0,False,False,803,2362,0,0,False,False,False,True
F2,,,lookback,5,0.0,7,1354,0,716,0,False,False,716,2070,0,0,False,False,False,True
F2,,,lookback,5,0.0,8,1451,0,801,0,False,False,801,2252,0,0,False,False,False,True
F2,,,lookback,5,0.0,9,1517,0,830,0,False,False,830,2347,0,0,False,False,False,True
F2,,,lookback,5,0.01,0,1518,3,804,0,False,False,804,2319,0,0,False,False,False,True
F2,,,lookback,5,0.01,1,1535,0,854,0,False,False,854,2389,0,0,False,False,False,True
F2,,,lookback,5,0.01,2,1406,1,717,0,False,False,717,2122,0,0,False,False,False,True
F2,,,lookback,5,0.01,3,1461,0,728,0,False,False,728,2189,0,0,False,False,False,True
F2,,,lookback,5,0.01,4,1363,2,733,0,False,False,733,2094,0,0,False,False,False,True
F2,,,lookback,5,0.01,5,1560,4,850,0,False,False,850,2406,0,0,False,False,False,True
F2,,,lookback,5,0.01,6,1483,8,865,0,False,False,865,2340,0,0,False,False,False,True
F2,,,lookback,5,0.01,7,1356,5,720,0,False,False,720,2071,0,0,False,False,False,True
F2,,,lookback,5,0.01,8,1453,8,794,0,False,False,794,2239,0,0,False,False,False,True
F2,,,lookback,5,0.01,9,1535,3,782,0,False,False,782,2314,0,0,False,False,False,True
F2,,,lookback,5,0.02,0,1497,16,792,0,False,False,792,2273,0,0,False,False,False,True
F2,,,lookback,5,0.02,1,1525,1,829,0,False,False,829,2353,0,0,False,False,False,True
F2,,,lookback,5,0.02,2,1441,6,750,0,False,False,750,2185,0,0,False,False,False,True
F2,,,lookback,5,0.02,3,1440,9,722,0,False,False,722,2153,0,0,False,False,False,True
F2,,,lookback,5,0.02,4,1366,2,728,0,False,False,728,2092,0,0,False,False,False,True
F2,,,lookback,5,0.02,5,1555,9,834,0,False,False,834,2380,0,0,False,False,False,True
F2,,,lookback,5,0.02,6,1482,17,863,0,False,False,863,2328,0,0,False,False,False,True
F2,,,lookback,5,0.02,7,1356,10,700,0,False,False,700,2046,0,0,False,False,False,True
F2,,,lookback,5,0.02,8,1436,17,756,0,False,False,756,2175,0,0,False,False,False,True
F2,,,lookback,5,0.02,9,1532,1,817,0,False,False,817,2348,0,0,False,False,False,True
F2,,,lookback,5,0.05,0,1472,27,732,0,False,False,732,2177,0,0,False,False,False,True
F2,,,lookback,5,0.05,1,1469,19,749,0,False,False,749,2199,0,0,False,False,False,True
F2,,,lookback,5,0.05,2,1444,34,754,0,False,False,754,2164,0,0,False,False,False,True
F2,,,lookback,5,0.05,3,1490,21,783,0,False,False,783,2252,0,0,False,False,False,True
F2,,,lookback,5,0.05,4,1389,10,685,0,False,False,685,2064,0,0,False,False,False,True
F2,,,lookback,5,0.05,5,1567,15,844,0,False,False,844,2396,0,0,False,False,False,True
F2,,,lookback,5,0.05,6,1545,29,802,0,False,False,802,2318,0,0,False,False,False,True
F2,,,lookback,5,0.05,7,1357,41,661,0,False,False,661,1977,0,0,False,False,False,True
F2,,,lookback,5,0.05,8,1433,33,713,0,False,False,713,2113,0,0,False,False,False,True
F2,,,lookback,5,0.05,9,1503,27,796,0,False,False,796,2272,0,0,False,False,False,True
F2,,,lookback,5,0.1,0,1487,51,728,0,False,False,728,2164,0,0,False,False,False,True
F2,,,lookback,5,0.1,1,1489,46,763,0,False,False,763,2206,0,0,False,False,False,True
F2,,,lookback,5,0.1,2,1469,59,646,0,False,False,646,2056,0,0,False,False,False,True
F2,,,lookback,5,0.1,3,1498,62,722,0,False,False,722,2158,0,0,False,False,False,True
F2,,,lookback,5,0.1,4,1420,32,701,0,False,False,701,2089,0,0,False,False,False,True
F2,,,lookback,5,0.1,5,1584,47,740,0,False,False,740,2277,0,0,False,False,False,True
F2,,,lookback,5,0.1,6,1625,59,836,0,False,False,836,2402,0,0,False,False,False,True
F2,,,lookback,5,0.1,7,1407,67,732,0,False,False,732,2072,0,0,False,False,False,True
F2,,,lookback,5,0.1,8,1470,49,720,0,False,False,720,2141,0,0,False,False,False,True
F2,,,lookback,5,0.1,9,1485,28,737,0,False,False,737,2194,0,0,False,False,False,True
F2,,,lookback,5,0.2,0,1421,87,670,0,False,False,670,2004,0,0,False,False,False,True
F2,,,lookback,5,0.2,1,1550,99,719,0,False,False,719,2170,0,0,False,False,False,True
F2,,,lookback,5,0.2,2,1467,87,685,0,False,False,685,2065,0,0,False,False,False,True
F2,,,lookback,5,0.2,3,1464,98,668,0,False,False,668,2034,0,0,False,False,False,True
F2,,,lookback,5,0.2,4,1417,91,665,0,False,False,665,1991,0,0,False,False,False,True
F2,,,lookback,5,0.2,5,1612,130,678,0,False,False,678,2160,0,0,False,False,False,True
F2,,,lookback,5,0.2,6,1625,152,701,0,False,False,701,2174,0,0,False,False,False,True
F2,,,lookback,5,0.2,7,1407,113,683,0,False,False,683,1977,0,0,False,False,False,True
F2,,,lookback,5,0.2,8,1494,78,679,0,False,False,679,2095,0,0,False,False,False,True
F2,,,lookback,5,0.2,9,1550,90,721,0,False,False,721,2181,0,0,False,False,False,True
F2,,,lookback,10,0.0,0,1522,0,1579,0,False,False,1579,3101,0,0,False,False,False,True
F2,,,lookback,10,0.0,1,1537,0,1656,0,False,False,1656,3193,0,0,False,False,False,True
F2,,,lookback,10,0.0,2,1403,0,1479,0,False,False,1479,2882,0,0,False,False,False,True
F2,,,lookback,10,0.0,3,1459,0,1540,0,False,False,1540,2999,0,0,False,False,False,True
F2,,,lookback,10,0.0,4,1387,0,1471,0,False,False,1471,2858,0,0,False,False,False,True
F2,,,lookback,10,0.0,5,1566,0,1638,0,False,False,1638,3204,0,0,False,False,False,True
F2,,,lookback,10,0.0,6,1559,0,1678,0,False,False,1678,3237,0,0,False,False,False,True
F2,,,lookback,10,0.0,7,1354,0,1453,0,False,False,1453,2807,0,0,False,False,False,True
F2,,,lookback,10,0.0,8,1451,0,1524,0,False,False,1524,2975,0,0,False,False,False,True
F2,,,lookback,10,0.0,9,1517,0,1609,0,False,False,1609,3126,0,0,False,False,False,True
F2,,,lookback,10,0.01,0,1518,2,1568,0,False,False,1568,3084,0,0,False,False,False,True
F2,,,lookback,10,0.01,1,1535,0,1628,0,False,False,1628,3163,0,0,False,False,False,True
F2,,,lookback,10,0.01,2,1406,1,1482,0,False,False,1482,2887,0,0,False,False,False,True
F2,,,lookback,10,0.01,3,1461,0,1539,0,False,False,1539,3000,0,0,False,False,False,True
F2,,,lookback,10,0.01,4,1363,0,1416,0,False,False,1416,2779,0,0,False,False,False,True
F2,,,lookback,10,0.01,5,1560,0,1639,0,False,False,1639,3199,0,0,False,False,False,True
F2,,,lookback,10,0.01,6,1483,0,1571,0,False,False,1571,3054,0,0,False,False,False,True
F2,,,lookback,10,0.01,7,1356,3,1431,0,False,False,1431,2784,0,0,False,False,False,True
F2,,,lookback,10,0.01,8,1453,5,1518,0,False,False,1518,2966,0,0,False,False,False,True
F2,,,lookback,10,0.01,9,1535,3,1607,0,False,False,1607,3139,0,0,False,False,False,True
F2,,,lookback,10,0.02,0,1497,6,1537,0,False,False,1537,3028,0,0,False,False,False,True
F2,,,lookback,10,0.02,1,1525,0,1593,0,False,False,1593,3118,0,0,False,False,False,True
F2,,,lookback,10,0.02,2,1441,4,1500,0,False,False,1500,2937,0,0,False,False,False,True
F2,,,lookback,10,0.02,3,1440,0,1494,0,False,False,1494,2934,0,0,False,False,False,True
F2,,,lookback,10,0.02,4,1366,0,1417,0,False,False,1417,2783,0,0,False,False,False,True
F2,,,lookback,10,0.02,5,1555,0,1614,0,False,False,1614,3169,0,0,False,False,False,True
F2,,,lookback,10,0.02,6,1482,0,1560,0,False,False,1560,3042,0,0,False,False,False,True
F2,,,lookback,10,0.02,7,1356,6,1426,0,False,False,1426,2776,0,0,False,False,False,True
F2,,,lookback,10,0.02,8,1436,6,1475,0,False,False,1475,2905,0,0,False,False,False,True
F2,,,lookback,10,0.02,9,1532,0,1615,0,False,False,1615,3147,0,0,False,False,False,True
F2,,,lookback,10,0.05,0,1472,10,1500,0,False,False,1500,2962,0,0,False,False,False,True
F2,,,lookback,10,0.05,1,1469,3,1476,0,False,False,1476,2942,0,0,False,False,False,True
F2,,,lookback,10,0.05,2,1444,2,1485,0,False,False,1485,2927,0,0,False,False,False,True
F2,,,lookback,10,0.05,3,1490,8,1545,0,False,False,1545,3027,0,0,False,False,False,True
F2,,,lookback,10,0.05,4,1389,0,1437,0,False,False,1437,2826,0,0,False,False,False,True
F2,,,lookback,10,0.05,5,1567,4,1615,0,False,False,1615,3178,0,0,False,False,False,True
F2,,,lookback,10,0.05,6,1545,6,1617,0,False,False,1617,3156,0,0,False,False,False,True
F2,,,lookback,10,0.05,7,1357,1,1367,0,False,False,1367,2723,0,0,False,False,False,True
F2,,,lookback,10,0.05,8,1433,9,1440,0,False,False,1440,2864,0,0,False,False,False,True
F2,,,lookback,10,0.05,9,1503,10,1563,0,False,False,1563,3056,0,0,False,False,False,True
F2,,,lookback,10,0.1,0,1487,20,1451,0,False,False,1451,2918,0,0,False,False,False,True
F2,,,lookback,10,0.1,1,1489,16,1441,0,False,False,1441,2914,0,0,False,False,False,True
F2,,,lookback,10,0.1,2,1469,15,1429,0,False,False,1429,2883,0,0,False,False,False,True
F2,,,lookback,10,0.1,3,1498,8,1488,0,False,False,1488,2978,0,0,False,False,False,True
F2,,,lookback,10,0.1,4,1420,8,1429,0,False,False,1429,2841,0,0,False,False,False,True
F2,,,lookback,10,0.1,5,1584,11,1537,0,False,False,1537,3110,0,0,False,False,False,True
F2,,,lookback,10,0.1,6,1625,17,1583,0,False,False,1583,3191,0,0,False,False,False,True
F2,,,lookback,10,0.1,7,1407,27,1378,0,False,False,1378,2758,0,0,False,False,False,True
F2,,,lookback,10,0.1,8,1470,16,1421,0,False,False,1421,2875,0,0,False,False,False,True
F2,,,lookback,10,0.1,9,1485,5,1499,0,False,False,1499,2979,0,0,False,False,False,True
F2,,,lookback,10,0.2,0,1421,19,1356,0,False,False,1356,2758,0,0,False,False,False,True
F2,,,lookback,10,0.2,1,1550,25,1435,0,False,False,1435,2960,0,0,False,False,False,True
F2,,,lookback,10,0.2,2,1467,20,1343,0,False,False,1343,2790,0,0,False,False,False,True
F2,,,lookback,10,0.2,3,1464,14,1369,0,False,False,1369,2819,0,0,False,False,False,True
F2,,,lookback,10,0.2,4,1417,26,1302,0,False,False,1302,2693,0,0,False,False,False,True
F2,,,lookback,10,0.2,5,1612,36,1431,0,False,False,1431,3007,0,0,False,False,False,True
F2,,,lookback,10,0.2,6,1625,39,1469,0,False,False,1469,3055,0,0,False,False,False,True
F2,,,lookback,10,0.2,7,1407,23,1274,0,False,False,1274,2658,0,0,False,False,False,True
F2,,,lookback,10,0.2,8,1494,20,1385,0,False,False,1385,2859,0,0,False,False,False,True
F2,,,lookback,10,0.2,9,1550,29,1465,0,False,False,1465,2986,0,0,False,False,False,True
F2,,,lookback,15,0.0,0,1522,0,2386,0,False,False,2386,3908,0,0,False,False,False,True
F2,,,lookback,15,0.0,1,1537,0,2347,0,False,False,2347,3884,0,0,False,False,False,True
F2,,,lookback,15,0.0,2,1403,0,2155,0,False,False,2155,3558,0,0,False,False,False,True
F2,,,lookback,15,0.0,3,1459,0,2238,0,False,False,2238,3697,0,0,False,False,False,True
F2,,,lookback,15,0.0,4,1387,0,2153,0,False,False,2153,3540,0,0,False,False,False,True
F2,,,lookback,15,0.0,5,1566,0,2410,0,False,False,2410,3976,0,0,False,False,False,True
F2,,,lookback,15,0.0,6,1559,0,2430,0,False,False,2430,3989,0,0,False,False,False,True
F2,,,lookback,15,0.0,7,1354,0,2095,0,False,False,2095,3449,0,0,False,False,False,True
F2,,,lookback,15,0.0,8,1451,0,2277,0,False,False,2277,3728,0,0,False,False,False,True
F2,,,lookback,15,0.0,9,1517,0,2383,0,False,False,2383,3900,0,0,False,False,False,True
F2,,,lookback,15,0.01,0,1518,0,2373,0,False,False,2373,3891,0,0,False,False,False,True
F2,,,lookback,15,0.01,1,1535,0,2376,0,False,False,2376,3911,0,0,False,False,False,True
F2,,,lookback,15,0.01,2,1406,0,2166,0,False,False,2166,3572,0,0,False,False,False,True
F2,,,lookback,15,0.01,3,1461,0,2239,0,False,False,2239,3700,0,0,False,False,False,True
F2,,,lookback,15,0.01,4,1363,0,2123,0,False,False,2123,3486,0,0,False,False,False,True
F2,,,lookback,15,0.01,5,1560,0,2425,0,False,False,2425,3985,0,0,False,False,False,True
F2,,,lookback,15,0.01,6,1483,0,2365,0,False,False,2365,3848,0,0,False,False,False,True
F2,,,lookback,15,0.01,7,1356,0,2102,0,False,False,2102,3458,0,0,False,False,False,True
F2,,,lookback,15,0.01,8,1453,0,2264,0,False,False,2264,3717,0,0,False,False,False,True
F2,,,lookback,15,0.01,9,1535,0,2368,0,False,False,2368,3903,0,0,False,False,False,True
F2,,,lookback,15,0.02,0,1497,0,2327,0,False,False,2327,3824,0,0,False,False,False,True
F2,,,lookback,15,0.02,1,1525,0,2345,0,False,False,2345,3870,0,0,False,False,False,True
F2,,,lookback,15,0.02,2,1441,0,2230,0,False,False,2230,3671,0,0,False,False,False,True
F2,,,lookback,15,0.02,3,1440,0,2178,0,False,False,2178,3618,0,0,False,False,False,True
F2,,,lookback,15,0.02,4,1366,0,2116,0,False,False,2116,3482,0,0,False,False,False,True
F2,,,lookback,15,0.02,5,1555,0,2426,0,False,False,2426,3981,0,0,False,False,False,True
F2,,,lookback,15,0.02,6,1482,0,2353,0,False,False,2353,3835,0,0,False,False,False,True
F2,,,lookback,15,0.02,7,1356,0,2077,0,False,False,2077,3433,0,0,False,False,False,True
F2,,,lookback,15,0.02,8,1436,0,2221,0,False,False,2221,3657,0,0,False,False,False,True
F2,,,lookback,15,0.02,9,1532,0,2402,0,False,False,2402,3934,0,0,False,False,False,True
F2,,,lookback,15,0.05,0,1472,0,2226,0,False,False,2226,3698,0,0,False,False,False,True
F2,,,lookback,15,0.05,1,1469,0,2252,0,False,False,2252,3721,0,0,False,False,False,True
F2,,,lookback,15,0.05,2,1444,0,2193,0,False,False,2193,3637,0,0,False,False,False,True
F2,,,lookback,15,0.05,3,1490,0,2276,0,False,False,2276,3766,0,0,False,False,False,True
F2,,,lookback,15,0.05,4,1389,0,2088,0,False,False,2088,3477,0,0,False,False,False,True
F2,,,lookback,15,0.05,5,1567,0,2438,0,False,False,2438,4005,0,0,False,False,False,True
F2,,,lookback,15,0.05,6,1545,0,2356,0,False,False,2356,3901,0,0,False,False,False,True
F2,,,lookback,15,0.05,7,1357,0,2010,0,False,False,2010,3367,0,0,False,False,False,True
F2,,,lookback,15,0.05,8,1433,0,2159,0,False,False,2159,3592,0,0,False,False,False,True
F2,,,lookback,15,0.05,9,1503,0,2321,0,False,False,2321,3824,0,0,False,False,False,True
F2,,,lookback,15,0.1,0,1487,0,2232,0,False,False,2232,3719,0,0,False,False,False,True
F2,,,lookback,15,0.1,1,1489,0,2229,0,False,False,2229,3718,0,0,False,False,False,True
F2,,,lookback,15,0.1,2,1469,0,2117,0,False,False,2117,3586,0,0,False,False,False,True
F2,,,lookback,15,0.1,3,1498,0,2186,0,False,False,2186,3684,0,0,False,False,False,True
F2,,,lookback,15,0.1,4,1420,0,2109,0,False,False,2109,3529,0,0,False,False,False,True
F2,,,lookback,15,0.1,5,1584,0,2329,0,False,False,2329,3913,0,0,False,False,False,True
F2,,,lookback,15,0.1,6,1625,0,2479,0,False,False,2479,4104,0,0,False,False,False,True
F2,,,lookback,15,0.1,7,1407,0,2083,0,False,False,2083,3490,0,0,False,False,False,True
F2,,,lookback,15,0.1,8,1470,0,2187,0,False,False,2187,3657,0,0,False,False,False,True
F2,,,lookback,15,0.1,9,1485,0,2236,0,False,False,2236,3721,0,0,False,False,False,True
F2,,,lookback,15,0.2,0,1421,0,2033,0,False,False,2033,3454,0,0,False,False,False,True
F2,,,lookback,15,0.2,1,1550,0,2234,0,False,False,2234,3784,0,0,False,False,False,True
F2,,,lookback,15,0.2,2,1467,0,2116,0,False,False,2116,3583,0,0,False,False,False,True
F2,,,lookback,15,0.2,3,1464,0,2041,0,False,False,2041,3505,0,0,False,False,False,True
F2,,,lookback,15,0.2,4,1417,0,2029,0,False,False,2029,3446,0,0,False,False,False,True
F2,,,lookback,15,0.2,5,1612,0,2216,0,False,False,2216,3828,0,0,False,False,False,True
F2,,,lookback,15,0.2,6,1625,0,2283,0,False,False,2283,3908,0,0,False,False,False,True
F2,,,lookback,15,0.2,7,1407,0,1975,0,False,False,1975,3382,0,0,False,False,False,True
F2,,,lookback,15,0.2,8,1494,0,2121,0,False,False,2121,3615,0,0,False,False,False,True
F2,,,lookback,15,0.2,9,1550,0,2222,0,False,False,2222,3772,0,0,False,False,False,True
F2,,,lookback,20,0.0,0,1522,0,3139,0,False,False,3139,4661,0,0,False,False,False,True
F2,,,lookback,20,0.0,1,1537,0,3156,0,False,False,3156,4693,0,0,False,False,False,True
F2,,,lookback,20,0.0,2,1403,0,2885,0,False,False,2885,4288,0,0,False,False,False,True
F2,,,lookback,20,0.0,3,1459,0,2989,0,False,False,2989,4448,0,0,False,False,False,True
F2,,,lookback,20,0.0,4,1387,0,2833,0,False,False,2833,4220,0,0,False,False,False,True
F2,,,lookback,20,0.0,5,1566,0,3243,0,False,False,3243,4809,0,0,False,False,False,True
F2,,,lookback,20,0.0,6,1559,0,3214,0,False,False,3214,4773,0,0,False,False,False,True
F2,,,lookback,20,0.0,7,1354,0,2786,0,False,False,2786,4140,0,0,False,False,False,True
F2,,,lookback,20,0.0,8,1451,0,2949,0,False,False,2949,4400,0,0,False,False,False,True
F2,,,lookback,20,0.0,9,1517,0,3153,0,False,False,3153,4670,0,0,False,False,False,True
F2,,,lookback,20,0.01,0,1518,0,3125,0,False,False,3125,4643,0,0,False,False,False,True
F2,,,lookback,20,0.01,1,1535,0,3137,0,False,False,3137,4672,0,0,False,False,False,True
F2,,,lookback,20,0.01,2,1406,0,2889,0,False,False,2889,4295,0,0,False,False,False,True
F2,,,lookback,20,0.01,3,1461,0,2990,0,False,False,2990,4451,0,0,False,False,False,True
F2,,,lookback,20,0.01,4,1363,0,2767,0,False,False,2767,4130,0,0,False,False,False,True
F2,,,lookback,20,0.01,5,1560,0,3239,0,False,False,3239,4799,0,0,False,False,False,True
F2,,,lookback,20,0.01,6,1483,0,3042,0,False,False,3042,4525,0,0,False,False,False,True
F2,,,lookback,20,0.01,7,1356,0,2795,0,False,False,2795,4151,0,0,False,False,False,True
F2,,,lookback,20,0.01,8,1453,0,2940,0,False,False,2940,4393,0,0,False,False,False,True
F2,,,lookback,20,0.01,9,1535,0,3168,0,False,False,3168,4703,0,0,False,False,False,True
F2,,,lookback,20,0.02,0,1497,0,3067,0,False,False,3067,4564,0,0,False,False,False,True
F2,,,lookback,20,0.02,1,1525,0,3106,0,False,False,3106,4631,0,0,False,False,False,True
F2,,,lookback,20,0.02,2,1441,0,2948,0,False,False,2948,4389,0,0,False,False,False,True
F2,,,lookback,20,0.02,3,1440,0,2929,0,False,False,2929,4369,0,0,False,False,False,True
F2,,,lookback,20,0.02,4,1366,0,2777,0,False,False,2777,4143,0,0,False,False,False,True
F2,,,lookback,20,0.02,5,1555,0,3204,0,False,False,3204,4759,0,0,False,False,False,True
F2,,,lookback,20,0.02,6,1482,0,3030,0,False,False,3030,4512,0,0,False,False,False,True
F2,,,lookback,20,0.02,7,1356,0,2787,0,False,False,2787,4143,0,0,False,False,False,True
F2,,,lookback,20,0.02,8,1436,0,2896,0,False,False,2896,4332,0,0,False,False,False,True
F2,,,lookback,20,0.02,9,1532,0,3183,0,False,False,3183,4715,0,0,False,False,False,True
F2,,,lookback,20,0.05,0,1472,0,2983,0,False,False,2983,4455,0,0,False,False,False,True
F2,,,lookback,20,0.05,1,1469,0,2973,0,False,False,2973,4442,0,0,False,False,False,True
F2,,,lookback,20,0.05,2,1444,0,2913,0,False,False,2913,4357,0,0,False,False,False,True
F2,,,lookback,20,0.05,3,1490,0,2989,0,False,False,2989,4479,0,0,False,False,False,True
F2,,,lookback,20,0.05,4,1389,0,2804,0,False,False,2804,4193,0,0,False,False,False,True
F2,,,lookback,20,0.05,5,1567,0,3220,0,False,False,3220,4787,0,0,False,False,False,True
F2,,,lookback,20,0.05,6,1545,0,3100,0,False,False,3100,4645,0,0,False,False,False,True
F2,,,lookback,20,0.05,7,1357,0,2724,0,False,False,2724,4081,0,0,False,False,False,True
F2,,,lookback,20,0.05,8,1433,0,2863,0,False,False,2863,4296,0,0,False,False,False,True
F2,,,lookback,20,0.05,9,1503,0,3075,0,False,False,3075,4578,0,0,False,False,False,True
F2,,,lookback,20,0.1,0,1487,0,2968,0,False,False,2968,4455,0,0,False,False,False,True
F2,,,lookback,20,0.1,1,1489,0,2902,0,False,False,2902,4391,0,0,False,False,False,True
F2,,,lookback,20,0.1,2,1469,0,2902,0,False,False,2902,4371,0,0,False,False,False,True
F2,,,lookback,20,0.1,3,1498,0,2953,0,False,False,2953,4451,0,0,False,False,False,True
F2,,,lookback,20,0.1,4,1420,0,2830,0,False,False,2830,4250,0,0,False,False,False,True
F2,,,lookback,20,0.1,5,1584,0,3135,0,False,False,3135,4719,0,0,False,False,False,True
F2,,,lookback,20,0.1,6,1625,0,3236,0,False,False,3236,4861,0,0,False,False,False,True
F2,,,lookback,20,0.1,7,1407,0,2753,0,False,False,2753,4160,0,0,False,False,False,True
F2,,,lookback,20,0.1,8,1470,0,2882,0,False,False,2882,4352,0,0,False,False,False,True
F2,,,lookback,20,0.1,9,1485,0,2977,0,False,False,2977,4462,0,0,False,False,False,True
F2,,,lookback,20,0.2,0,1421,0,2748,0,False,False,2748,4169,0,0,False,False,False,True
F2,,,lookback,20,0.2,1,1550,0,2956,0,False,False,2956,4506,0,0,False,False,False,True
F2,,,lookback,20,0.2,2,1467,0,2812,0,False,False,2812,4279,0,0,False,False,False,True
F2,,,lookback,20,0.2,3,1464,0,2768,0,False,False,2768,4232,0,0,False,False,False,True
F2,,,lookback,20,0.2,4,1417,0,2684,0,False,False,2684,4101,0,0,False,False,False,True
F2,,,lookback,20,0.2,5,1612,0,2980,0,False,False,2980,4592,0,0,False,False,False,True
F2,,,lookback,20,0.2,6,1625,0,3073,0,False,False,3073,4698,0,0,False,False,False,True
F2,,,lookback,20,0.2,7,1407,0,2655,0,False,False,2655,4062,0,0,False,False,False,True
F2,,,lookback,20,0.2,8,1494,0,2852,0,False,False,2852,4346,0,0,False,False,False,True
F2,,,lookback,20,0.2,9,1550,0,2994,0,False,False,2994,4544,0,0,False,False,False,True
