pattern,seed,delay_s,run_s,killed,last_cp,lost,duplicates,corrupt_final,stuck,exp_duplicates,exp_regression,exp_corrupt,final_ok
A1,0,0.0013860898915048208,0.0,True,<start>,0,0,False,False,0,0,False,True
A1,1,0.0035016640433568496,0.0,True,mid_data_txn,0,0,False,False,0,0,False,True
A1,2,0.0009972907390919186,0.0,True,<start>,0,0,False,False,0,0,False,True
A1,3,0.0033464746622469815,0.0,True,mid_data_txn,0,1227,False,False,0,0,False,False
A1,4,0.0030015118392093245,0.0,True,mid_data_txn,0,0,False,False,0,0,False,True
A1,5,0.0028342624157883566,0.0,True,mid_data_txn,0,0,False,False,0,0,False,True
A1,6,0.004414788784938728,0.00429,False,after_wm_commit,0,0,False,False,0,0,False,True
A1,7,0.00013638664623879688,0.0,True,<start>,0,0,False,False,0,0,False,True
A1,8,0.003627197686816051,0.007585,False,after_wm_commit,0,0,False,False,0,0,False,True
A1,9,0.004404259504571031,0.0,True,after_data_commit,0,1222,False,False,0,0,False,False
A1,10,0.0005909398020538978,0.0,True,<start>,0,0,False,False,0,0,False,True
A1,11,0.001412860617626359,0.0,True,<start>,0,0,False,False,0,0,False,True
A1,12,0.004653800799567656,0.0,True,mid_data_txn,0,0,False,False,0,0,False,True
A1,13,0.002907407776844532,0.0,True,mid_data_txn,0,0,False,False,0,0,False,True
A1,14,0.0056132834084867975,0.0,True,after_data_commit,0,1275,False,False,0,0,False,False
A1,15,0.0013244400006780278,0.0,True,after_extract,0,0,False,False,0,0,False,True
A1,16,0.00025905993554465776,0.0,True,<start>,0,0,False,False,0,0,False,True
A1,17,0.0013067410304132322,0.0,True,<start>,0,0,False,False,0,0,False,True
A1,18,0.003964380580494527,0.005472,False,after_wm_commit,0,0,False,False,0,0,False,True
A1,19,0.004998220045943324,0.0,True,after_data_commit,0,1262,False,False,0,0,False,False
A1,20,0.0034312975328689393,0.0,True,after_extract,0,0,False,False,0,0,False,True
A1,21,0.005114165015420205,0.0,True,after_data_commit,0,1264,False,False,0,0,False,False
A1,22,0.00046409404157239203,0.0,True,<start>,0,0,False,False,0,0,False,True
A1,23,0.003925851503487145,0.0,True,mid_data_txn,0,0,False,False,0,0,False,True
A1,24,0.000998402930645799,0.0,True,<start>,0,0,False,False,0,0,False,True
A1,25,0.005710109139748729,0.005593,False,after_wm_commit,0,0,False,False,0,0,False,True
A1,26,0.001382388827893381,0.0,True,after_extract,0,0,False,False,0,0,False,True
A1,27,0.001787753687438139,0.0,True,after_extract,0,0,False,False,0,0,False,True
A1,28,0.002044980916717256,0.0,True,mid_data_txn,0,0,False,False,0,0,False,True
A1,29,0.0009474940312745197,0.0,True,<start>,0,0,False,False,0,0,False,True
A1,30,0.004518062387427216,0.0,True,after_data_commit,0,1244,False,False,0,0,False,False
A1,31,0.0029288804905266,0.0,True,mid_data_txn,0,0,False,False,0,0,False,True
A1,32,0.0017463650455012815,0.0,True,after_extract,0,0,False,False,0,0,False,True
A1,33,0.0039072840185192526,0.0,True,mid_data_txn,0,0,False,False,0,0,False,True
A1,34,0.0026573263741103614,0.0,True,mid_data_txn,0,0,False,False,0,0,False,True
A1,35,0.0038926907151172873,0.0,True,after_data_commit,0,1188,False,False,0,0,False,False
A1,36,0.0009563588450071242,0.0,True,<start>,0,0,False,False,0,0,False,True
A1,37,0.004153792963192364,0.0,True,after_data_commit,0,1221,False,False,0,0,False,False
A1,38,0.001311819615541289,0.0,True,after_extract,0,0,False,False,0,0,False,True
A1,39,0.0028203068051831644,0.0,True,after_extract,0,0,False,False,0,0,False,True
A1,40,0.003429867751387927,0.0,True,mid_data_txn,0,0,False,False,0,0,False,True
A1,41,0.0005450087432506888,0.0,True,<start>,0,0,False,False,0,0,False,True
A1,42,0.0007366039561527973,0.0,True,<start>,0,0,False,False,0,0,False,True
A1,43,0.000939660522668162,0.0,True,<start>,0,0,False,False,0,0,False,True
A1,44,0.0046659792769851325,0.0,True,mid_data_txn,0,0,False,False,0,0,False,True
A1,45,0.0007036396214141528,0.0,True,<start>,0,0,False,False,0,0,False,True
A1,46,0.0024635959907831676,0.0,True,after_extract,0,0,False,False,0,0,False,True
A1,47,0.00450605356124189,0.0,True,after_data_commit,0,1299,False,False,0,0,False,False
A1,48,0.003100281512757563,0.0,True,mid_data_txn,0,0,False,False,0,0,False,True
A1,49,0.0038307318547164512,0.0,True,mid_data_txn,0,0,False,False,0,0,False,True
A1,50,0.001853688116539128,0.0,True,after_extract,0,0,False,False,0,0,False,True
A1,51,0.005375483466196409,0.0,True,after_data_commit,0,1211,False,False,0,0,False,False
A1,52,0.0041276154800450725,0.005943,False,after_wm_commit,0,0,False,False,0,0,False,True
A1,53,0.00495696635176414,0.005113,False,after_wm_commit,0,0,False,False,0,0,False,True
A1,54,0.0027343487375011744,0.0,True,mid_data_txn,0,0,False,False,0,0,False,True
A1,55,0.004973634634915568,0.0,True,mid_data_txn,0,0,False,False,0,0,False,True
A1,56,0.0018525962094028282,0.0,True,after_extract,0,0,False,False,0,0,False,True
A1,57,0.004112388350516555,0.0,True,mid_data_txn,0,0,False,False,0,0,False,True
A1,58,0.0011558116938505526,0.0,True,<start>,0,0,False,False,0,0,False,True
A1,59,0.0017479098465574012,0.0,True,after_extract,0,0,False,False,0,0,False,True
A1,60,0.0026887176094904,0.0,True,after_data_commit,0,1252,False,False,0,0,False,False
A1,61,0.0015494437078588277,0.0,True,after_extract,0,0,False,False,0,0,False,True
A1,62,0.0018688171330202776,0.0,True,after_extract,0,0,False,False,0,0,False,True
A1,63,0.0015190589575139993,0.0,True,after_extract,0,0,False,False,0,0,False,True
A1,64,0.00319308088213991,0.0,True,after_extract,0,0,False,False,0,0,False,True
A1,65,0.004360441168040427,0.0,True,mid_data_txn,0,1217,False,False,0,0,False,False
A1,66,0.004748304983419756,0.0,True,after_data_commit,0,1330,False,False,0,0,False,False
A1,67,0.0026790616734049372,0.0,True,after_data_commit,0,1306,False,False,0,0,False,False
A1,68,0.004044275843060647,0.0,True,after_data_commit,0,1162,False,False,0,0,False,False
A1,69,0.0043531192000338705,0.0,True,after_data_commit,0,1162,False,False,0,0,False,False
A1,70,0.0008422211996501973,0.0,True,<start>,0,0,False,False,0,0,False,True
A1,71,0.000988858434330556,0.0,True,<start>,0,0,False,False,0,0,False,True
A1,72,0.003908436983548417,0.0,True,mid_data_txn,0,0,False,False,0,0,False,True
A1,73,0.004298693364715368,0.0,True,after_data_commit,0,1217,False,False,0,0,False,False
A1,74,0.00024004845386413817,0.0,True,<start>,0,0,False,False,0,0,False,True
A1,75,0.00521916789794805,0.0,True,after_data_commit,0,1223,False,False,0,0,False,False
A1,76,0.00011475802638506322,0.0,True,<start>,0,0,False,False,0,0,False,True
A1,77,0.003196329981184402,0.0,True,mid_data_txn,0,0,False,False,0,0,False,True
A1,78,0.0004200752214798141,0.0,True,<start>,0,0,False,False,0,0,False,True
A1,79,6.364643016091448e-05,0.0,True,<start>,0,0,False,False,0,0,False,True
A1,80,0.0029166561505113604,0.0,True,mid_data_txn,0,0,False,False,0,0,False,True
A1,81,0.004215657436489532,0.0,True,after_data_commit,0,1322,False,False,0,0,False,False
A1,82,0.004071654907611741,0.0,True,mid_data_txn,0,1233,False,False,0,0,False,False
A1,83,0.0019822343832805824,0.0,True,after_extract,0,0,False,False,0,0,False,True
A1,84,0.0015490565627406516,0.0,True,<start>,0,0,False,False,0,0,False,True
A1,85,0.002563198186361854,0.0,True,mid_data_txn,0,0,False,False,0,0,False,True
A1,86,0.002093969551712582,0.0,True,after_extract,0,0,False,False,0,0,False,True
A1,87,0.00148148907943109,0.0,True,<start>,0,0,False,False,0,0,False,True
A1,88,0.004526845457136727,0.0,True,after_data_commit,0,1118,False,False,0,0,False,False
A1,89,0.0008545019518045171,0.0,True,<start>,0,0,False,False,0,0,False,True
A1,90,0.0010811326543819898,0.0,True,<start>,0,0,False,False,0,0,False,True
A1,91,0.005546194846085102,0.005176,False,after_wm_commit,0,0,False,False,0,0,False,True
A1,92,0.004278174979978076,0.0,True,after_data_commit,0,1241,False,False,0,0,False,False
A1,93,0.0007251906048317133,0.0,True,<start>,0,0,False,False,0,0,False,True
A1,94,0.0046360816453463564,0.0,True,mid_data_txn,0,1271,False,False,0,0,False,False
A1,95,0.005069251643050092,0.0,True,after_data_commit,0,1362,False,False,0,0,False,False
A1,96,0.002945183018885747,0.005299,False,after_wm_commit,0,0,False,False,0,0,False,True
A1,97,0.003822424385557607,0.0,True,after_data_commit,0,1172,False,False,0,0,False,False
A1,98,0.005637961490837797,0.005011,False,after_wm_commit,0,0,False,False,0,0,False,True
A1,99,0.004922426733974401,0.004622,False,after_wm_commit,0,0,False,False,0,0,False,True
A1,100,0.003352065304097175,0.0,True,mid_data_txn,0,0,False,False,0,0,False,True
A1,101,0.002733436164957164,0.0,True,mid_data_txn,0,0,False,False,0,0,False,True
A1,102,0.004446191219477872,0.00444,False,after_wm_commit,0,0,False,False,0,0,False,True
A1,103,0.0033370646476494465,0.0,True,mid_data_txn,0,0,False,False,0,0,False,True
A1,104,0.0010666986888961789,0.0,True,after_extract,0,0,False,False,0,0,False,True
A1,105,0.0022881888960938957,0.0,True,after_extract,0,0,False,False,0,0,False,True
A1,106,0.00126347190022337,0.0,True,<start>,0,0,False,False,0,0,False,True
A1,107,0.0006511561451400074,0.0,True,<start>,0,0,False,False,0,0,False,True
A1,108,0.004813512383603302,0.00418,False,after_wm_commit,0,0,False,False,0,0,False,True
A1,109,0.005117435681168267,0.0,True,after_data_commit,0,1226,False,False,0,0,False,False
A1,110,0.001464207545781454,0.0,True,after_extract,0,0,False,False,0,0,False,True
A1,111,0.0003204837278764824,0.0,True,<start>,0,0,False,False,0,0,False,True
A1,112,0.000562890260203478,0.0,True,<start>,0,0,False,False,0,0,False,True
A1,113,0.001551190885536148,0.0,True,after_extract,0,0,False,False,0,0,False,True
A1,114,0.0032735334302310044,0.0,True,after_extract,0,0,False,False,0,0,False,True
A1,115,0.001224731868598249,0.0,True,after_extract,0,0,False,False,0,0,False,True
A1,116,0.0054589096253724505,0.004462,False,after_wm_commit,0,0,False,False,0,0,False,True
A1,117,0.0023929002243850755,0.0,True,mid_data_txn,0,0,False,False,0,0,False,True
A1,118,0.0020952287291361392,0.0,True,mid_data_txn,0,0,False,False,0,0,False,True
A1,119,0.0012877534341937554,0.0,True,<start>,0,0,False,False,0,0,False,True
A1,120,0.0035615661728242245,0.0,True,mid_data_txn,0,0,False,False,0,0,False,True
A1,121,0.004386340037243508,0.0,True,after_data_commit,0,0,False,False,0,0,False,True
A1,122,0.0003439004657513406,0.0,True,<start>,0,0,False,False,0,0,False,True
A1,123,0.0016356901998377492,0.0,True,after_extract,0,0,False,False,0,0,False,True
A1,124,0.004427370851678116,0.004386,False,after_wm_commit,0,0,False,False,0,0,False,True
A1,125,0.0050423998328641174,0.005735,False,after_wm_commit,0,0,False,False,0,0,False,True
A1,126,0.0035582024115679107,0.0,True,after_data_commit,0,1213,False,False,0,0,False,False
A1,127,0.0002573625568158432,0.0,True,<start>,0,0,False,False,0,0,False,True
A1,128,0.004304278741792227,0.0,True,after_data_commit,0,1328,False,False,0,0,False,False
A1,129,0.0018010030946416255,0.0,True,after_extract,0,0,False,False,0,0,False,True
A1,130,0.004727619893299848,0.0,True,after_data_commit,0,0,False,False,0,0,False,True
A1,131,0.0019273040713194938,0.0,True,after_extract,0,0,False,False,0,0,False,True
A1,132,0.00021123477240290504,0.0,True,<start>,0,0,False,False,0,0,False,True
A1,133,0.00048399656576381865,0.0,True,<start>,0,0,False,False,0,0,False,True
A1,134,0.0006080667974020744,0.0,True,<start>,0,0,False,False,0,0,False,True
A1,135,0.004316808888304813,0.0,True,after_data_commit,0,1224,False,False,0,0,False,False
A1,136,0.0043863547471384,0.0,True,after_data_commit,0,1230,False,False,0,0,False,False
A1,137,1.3462808702903648e-05,0.0,True,<start>,0,0,False,False,0,0,False,True
A1,138,0.0036611775881268648,0.0,True,after_extract,0,0,False,False,0,0,False,True
A1,139,0.004582447815877795,0.0,True,mid_data_txn,0,0,False,False,0,0,False,True
A1,140,0.0009557722903801358,0.0,True,<start>,0,0,False,False,0,0,False,True
A1,141,0.004465021518396393,0.0,True,after_data_commit,0,1268,False,False,0,0,False,False
A1,142,0.005739082116594653,0.0,True,mid_data_txn,0,0,False,False,0,0,False,True
A1,143,0.0016295995052988844,0.0,True,<start>,0,0,False,False,0,0,False,True
A1,144,0.004921460205523911,0.004205,False,after_wm_commit,0,0,False,False,0,0,False,True
A1,145,0.0023263778888696495,0.0,True,after_data_commit,0,1292,False,False,0,0,False,False
A1,146,0.004176140818710989,0.0,True,mid_data_txn,0,1223,False,False,0,0,False,False
A1,147,0.000181740386595965,0.0,True,mid_data_txn,0,0,False,False,0,0,False,True
A1,148,0.0035377814385789824,0.0,True,mid_data_txn,0,1246,False,False,0,0,False,False
A1,149,0.0008974680834640525,0.0,True,<start>,0,0,False,False,0,0,False,True
A1,150,0.0022033780447025956,0.0,True,after_extract,0,0,False,False,0,0,False,True
A1,151,0.00490667057358519,0.0,True,after_data_commit,0,1349,False,False,0,0,False,False
A1,152,0.003008960083053368,0.0,True,mid_data_txn,0,0,False,False,0,0,False,True
A1,153,0.0050405148593443755,0.004689,False,after_wm_commit,0,0,False,False,0,0,False,True
A1,154,0.0007313254642361846,0.0,True,<start>,0,0,False,False,0,0,False,True
A1,155,0.0038181600337026497,0.0,True,mid_data_txn,0,0,False,False,0,0,False,True
A1,156,0.0003713445982850901,0.0,True,<start>,0,0,False,False,0,0,False,True
A1,157,0.003902601342690333,0.0,True,after_data_commit,0,1168,False,False,0,0,False,False
A1,158,0.00300685279167094,0.0,True,mid_data_txn,0,0,False,False,0,0,False,True
A1,159,0.004696497697584419,0.0,True,after_data_commit,0,1183,False,False,0,0,False,False
A1,160,0.0018171713334270926,0.0,True,after_extract,0,0,False,False,0,0,False,True
A1,161,0.0018907976165594984,0.0,True,after_extract,0,0,False,False,0,0,False,True
A1,162,0.0054789580226615765,0.004154,False,after_wm_commit,0,0,False,False,0,0,False,True
A1,163,0.0037782587334486807,0.007082,False,after_wm_commit,0,0,False,False,0,0,False,True
A1,164,0.00438001709863752,0.0,True,mid_data_txn,0,0,False,False,0,0,False,True
A1,165,0.0025413489313933315,0.0,True,mid_data_txn,0,0,False,False,0,0,False,True
A1,166,0.0019336498139544405,0.0,True,mid_data_txn,0,0,False,False,0,0,False,True
A1,167,0.004617359018731068,0.0,True,after_data_commit,0,1221,False,False,0,0,False,False
A1,168,0.005376933117823263,0.005229,False,after_wm_commit,0,0,False,False,0,0,False,True
A1,169,0.0033491312693628653,0.0,True,mid_data_txn,0,0,False,False,0,0,False,True
A1,170,0.0011519157726853093,0.0,True,<start>,0,0,False,False,0,0,False,True
A1,171,0.00221421581960089,0.0,True,mid_data_txn,0,0,False,False,0,0,False,True
A1,172,0.0029648955565131706,0.0,True,mid_data_txn,0,0,False,False,0,0,False,True
A1,173,0.004392289799254647,0.0,True,after_data_commit,0,1224,False,False,0,0,False,False
A1,174,0.005619650716810866,0.004823,False,after_wm_commit,0,0,False,False,0,0,False,True
A1,175,0.004018931968992928,0.0,True,mid_data_txn,0,0,False,False,0,0,False,True
A1,176,0.0022104461369736365,0.0,True,mid_data_txn,0,0,False,False,0,0,False,True
A1,177,0.0006777173750707642,0.0,True,<start>,0,0,False,False,0,0,False,True
A1,178,0.000933350148674486,0.0,True,mid_data_txn,0,0,False,False,0,0,False,True
A1,179,0.0018121483838496766,0.0,True,after_extract,0,0,False,False,0,0,False,True
A1,180,0.001219336772811438,0.0,True,after_extract,0,0,False,False,0,0,False,True
A1,181,0.0005822018938673557,0.0,True,<start>,0,0,False,False,0,0,False,True
A1,182,0.0030762650082717786,0.0,True,mid_data_txn,0,0,False,False,0,0,False,True
A1,183,0.0028009433710173034,0.0,True,mid_data_txn,0,0,False,False,0,0,False,True
A1,184,0.005720880661137267,0.004825,False,after_wm_commit,0,0,False,False,0,0,False,True
A1,185,0.0028252181078710138,0.0,True,mid_data_txn,0,0,False,False,0,0,False,True
A1,186,0.004089775524208002,0.0,True,mid_data_txn,0,0,False,False,0,0,False,True
A1,187,0.0018842848370698268,0.0,True,after_extract,0,0,False,False,0,0,False,True
A1,188,0.00014152186884266145,0.0,True,<start>,0,0,False,False,0,0,False,True
A1,189,0.002021862029465863,0.0,True,mid_data_txn,0,0,False,False,0,0,False,True
A1,190,0.002380853304531292,0.0,True,mid_data_txn,0,0,False,False,0,0,False,True
A1,191,0.00017570758442252618,0.0,True,<start>,0,0,False,False,0,0,False,True
A1,192,3.0341540769358593e-05,0.0,True,<start>,0,0,False,False,0,0,False,True
A1,193,0.0021389332434236224,0.0,True,mid_data_txn,0,0,False,False,0,0,False,True
A1,194,0.0055331026085477285,0.005223,False,after_wm_commit,0,0,False,False,0,0,False,True
A1,195,0.0029823080161138315,0.0,True,mid_data_txn,0,0,False,False,0,0,False,True
A1,196,0.005162414766700987,0.0,True,mid_data_txn,0,0,False,False,0,0,False,True
A1,197,0.0002600550071580063,0.0,True,<start>,0,0,False,False,0,0,False,True
A1,198,0.0007210940767480821,0.0,True,<start>,0,0,False,False,0,0,False,True
A1,199,0.001963520702447863,0.0,True,mid_data_txn,0,0,False,False,0,0,False,True
A2,0,0.004769336293349853,0.0,True,after_wm_commit,1268,0,False,False,0,0,False,False
A2,1,0.003661524208618749,0.0,True,mid_data_txn,1255,0,False,False,0,0,False,False
A2,2,0.003936356856027877,0.0,True,mid_data_txn,1322,0,False,False,0,0,False,False
A2,3,0.002876872873721185,0.0,True,after_wm_commit,1227,0,False,False,0,0,False,False
A2,4,0.0007760141962675252,0.0,True,<start>,0,0,False,False,0,0,False,True
A2,5,0.00378116000253026,0.0,True,after_wm_commit,1193,0,False,False,0,0,False,False
A2,6,0.0023227082678555456,0.0,True,after_extract,0,0,False,False,0,0,False,True
A2,7,0.0024023816327529875,0.0,True,after_extract,0,0,False,False,0,0,False,True
A2,8,0.003542307970751984,0.0,True,after_wm_commit,1348,0,False,False,0,0,False,False
A2,9,0.0007565489746529453,0.0,True,<start>,0,0,False,False,0,0,False,True
A2,10,0.002051513369649382,0.0,True,after_extract,0,0,False,False,0,0,False,True
A2,11,0.005037103505947748,0.0,True,after_wm_commit,1249,0,False,False,0,0,False,False
A2,12,0.0021487209006124755,0.0,True,after_extract,0,0,False,False,0,0,False,True
A2,13,0.003697287716072965,0.0,True,mid_data_txn,1211,0,False,False,0,0,False,False
A2,14,0.0010072960546145247,0.0,True,<start>,0,0,False,False,0,0,False,True
A2,15,0.0015240113058731096,0.0,True,<start>,0,0,False,False,0,0,False,True
A2,16,0.0018662188280882696,0.0,True,after_extract,0,0,False,False,0,0,False,True
A2,17,0.0031958569685381047,0.0,True,after_extract,0,0,False,False,0,0,False,True
A2,18,0.0031813499375684057,0.0,True,after_extract,0,0,False,False,0,0,False,True
A2,19,0.0045685629956377346,0.0,True,mid_data_txn,1262,0,False,False,0,0,False,False
A2,20,0.004318108114251622,0.0,True,after_extract,1253,0,False,False,0,0,False,False
A2,21,0.0019445642815146635,0.0,True,after_extract,0,0,False,False,0,0,False,True
A2,22,0.003726844556694511,0.0,True,mid_data_txn,1187,0,False,False,0,0,False,False
A2,23,0.005203285993035754,0.0,True,after_extract,0,0,False,False,0,0,False,True
A2,24,0.0015745973656410572,0.0,True,<start>,0,0,False,False,0,0,False,True
A2,25,0.0024458569608379454,0.0,True,after_extract,0,0,False,False,0,0,False,True
A2,26,0.0013477925114599642,0.0,True,after_extract,0,0,False,False,0,0,False,True
A2,27,0.005251491619138582,0.0,True,mid_data_txn,0,0,False,False,0,0,False,True
A2,28,0.0006358627998604659,0.0,True,<start>,0,0,False,False,0,0,False,True
A2,29,0.001216564017153649,0.0,True,after_extract,0,0,False,False,0,0,False,True
A2,30,0.0010800815613325838,0.0,True,<start>,0,0,False,False,0,0,False,True
A2,31,0.005144151795257062,0.004771,False,after_data_commit,0,0,False,False,0,0,False,True
A2,32,0.0030200911440859167,0.0,True,after_wm_commit,1191,0,False,False,0,0,False,False
A2,33,0.00026185216154171157,0.0,True,<start>,0,0,False,False,0,0,False,True
A2,34,0.002651615636385908,0.0,True,after_wm_commit,1232,0,False,False,0,0,False,False
A2,35,0.0014852759054242999,0.0,True,after_extract,0,0,False,False,0,0,False,True
A2,36,0.0005323293064098723,0.0,True,<start>,0,0,False,False,0,0,False,True
A2,37,0.003035627253502276,0.0,True,after_wm_commit,1221,0,False,False,0,0,False,False
A2,38,0.0005450704040919662,0.0,True,<start>,0,0,False,False,0,0,False,True
A2,39,0.005194414597805981,0.0,True,mid_data_txn,0,0,False,False,0,0,False,True
A2,40,0.003925286036018005,0.0,True,after_data_commit,0,0,False,False,0,0,False,True
A2,41,0.0005220372059760405,0.0,True,<start>,0,0,False,False,0,0,False,True
A2,42,0.0036416124396932087,0.0,True,mid_data_txn,1210,0,False,False,0,0,False,False
A2,43,0.002365478404666467,0.0,True,after_extract,1127,0,False,False,0,0,False,False
A2,44,0.0004928996478917098,0.0,True,<start>,0,0,False,False,0,0,False,True
A2,45,8.850454357222142e-05,0.0,True,<start>,0,0,False,False,0,0,False,True
A2,46,0.0034104893900237447,0.0,True,after_extract,0,0,False,False,0,0,False,True
A2,47,0.001381883200577335,0.0,True,after_extract,0,0,False,False,0,0,False,True
A2,48,0.0013037207505834539,0.0,True,after_extract,0,0,False,False,0,0,False,True
A2,49,0.0028266659856328907,0.0,True,after_wm_commit,1272,0,False,False,0,0,False,False
A2,50,6.660283800295919e-05,0.0,True,<start>,0,0,False,False,0,0,False,True
A2,51,0.004314711186070861,0.0,True,mid_data_txn,1211,0,False,False,0,0,False,False
A2,52,0.0017963983870494895,0.0,True,after_extract,0,0,False,False,0,0,False,True
A2,53,0.0002210899684779794,0.0,True,<start>,0,0,False,False,0,0,False,True
A2,54,0.005013582662711533,0.0,True,mid_data_txn,0,0,False,False,0,0,False,True
A2,55,0.0041623475612831565,0.0,True,after_extract,1303,0,False,False,0,0,False,False
A2,56,0.003089848540646568,0.0,True,after_wm_commit,1333,0,False,False,0,0,False,False
A2,57,0.003665450277013541,0.0,True,mid_data_txn,1300,0,False,False,0,0,False,False
A2,58,0.0014718245873803107,0.0,True,after_extract,0,0,False,False,0,0,False,True
A2,59,0.003790964304146181,0.0,True,after_wm_commit,1278,0,False,False,0,0,False,False
A2,60,0.0003560504523573308,0.0,True,<start>,0,0,False,False,0,0,False,True
A2,61,0.0035763282515070883,0.0,True,after_extract,0,0,False,False,0,0,False,True
A2,62,0.004021941523159382,0.0,True,mid_data_txn,1370,0,False,False,0,0,False,False
A2,63,0.001041759875948318,0.0,True,<start>,0,0,False,False,0,0,False,True
A2,64,0.0011024996697575778,0.0,True,<start>,0,0,False,False,0,0,False,True
A2,65,0.0016050526213801485,0.0,True,after_extract,0,0,False,False,0,0,False,True
A2,66,0.004824694255156544,0.0,True,after_wm_commit,1330,0,False,False,0,0,False,False
A2,67,0.003217050250338617,0.0,True,after_wm_commit,1306,0,False,False,0,0,False,False
A2,68,0.0016754016983955681,0.0,True,after_wm_commit,1162,0,False,False,0,0,False,False
A2,69,0.001955142075440811,0.0,True,after_extract,0,0,False,False,0,0,False,True
A2,70,0.0030018816395332108,0.0,True,after_wm_commit,1194,0,False,False,0,0,False,False
A2,71,0.0016631958486405167,0.0,True,after_extract,0,0,False,False,0,0,False,True
A2,72,0.00185609566782613,0.0,True,after_extract,0,0,False,False,0,0,False,True
A2,73,0.0035484836312381076,0.0,True,mid_data_txn,1217,0,False,False,0,0,False,False
A2,74,0.002334284661816006,0.0,True,after_extract,0,0,False,False,0,0,False,True
A2,75,0.004673120329163135,0.0,True,mid_data_txn,1223,0,False,False,0,0,False,False
A2,76,0.001894440867214902,0.0,True,<start>,0,0,False,False,0,0,False,True
A2,77,0.003357397869126628,0.0,True,mid_data_txn,1186,0,False,False,0,0,False,False
A2,78,9.96556181742562e-05,0.0,True,<start>,0,0,False,False,0,0,False,True
A2,79,0.0037318659615591257,0.0,True,after_wm_commit,1203,0,False,False,0,0,False,False
A2,80,0.004870207272940123,0.0,True,after_extract,0,0,False,False,0,0,False,True
A2,81,0.00532217580842989,0.004185,False,after_data_commit,0,0,False,False,0,0,False,True
A2,82,0.0005206275394291374,0.0,True,<start>,0,0,False,False,0,0,False,True
A2,83,0.004881419972969659,0.0,True,mid_data_txn,1250,0,False,False,0,0,False,False
A2,84,0.004491619214275247,0.0,True,mid_data_txn,1225,0,False,False,0,0,False,False
A2,85,0.003119058385166375,0.0,True,mid_data_txn,1270,0,False,False,0,0,False,False
A2,86,0.001406087582216819,0.0,True,after_extract,0,0,False,False,0,0,False,True
A2,87,0.0038431196259410025,0.0,True,mid_data_txn,1275,0,False,False,0,0,False,False
A2,88,0.0011057024063194766,0.0,True,after_extract,0,0,False,False,0,0,False,True
A2,89,0.0004606718615628593,0.0,True,<start>,0,0,False,False,0,0,False,True
A2,90,0.00506652271972304,0.004585,False,after_data_commit,0,0,False,False,0,0,False,True
A2,91,0.0031035717127758005,0.0,True,after_extract,0,0,False,False,0,0,False,True
A2,92,0.0024080344522983215,0.0,True,after_extract,0,0,False,False,0,0,False,True
A2,93,0.001509541784554243,0.0,True,after_extract,0,0,False,False,0,0,False,True
A2,94,0.0038234114120111015,0.0,True,mid_data_txn,1271,0,False,False,0,0,False,False
A2,95,0.0030645124337993247,0.0,True,after_wm_commit,1362,0,False,False,0,0,False,False
A2,96,0.003602211792521481,0.0,True,mid_data_txn,1213,0,False,False,0,0,False,False
A2,97,0.003867823130968554,0.0,True,mid_data_txn,1172,0,False,False,0,0,False,False
A2,98,0.0034018211776158016,0.0,True,after_extract,1300,0,False,False,0,0,False,False
A2,99,0.004232363762182539,0.0,True,after_extract,1271,0,False,False,0,0,False,False
A2,100,0.0031728394282873537,0.0,True,after_wm_commit,1263,0,False,False,0,0,False,False
A2,101,0.002979478761447089,0.0,True,after_wm_commit,1203,0,False,False,0,0,False,False
A2,102,0.0016128238684494016,0.0,True,after_extract,0,0,False,False,0,0,False,True
A2,103,0.0021142794003757045,0.0,True,after_extract,0,0,False,False,0,0,False,True
A2,104,0.003235104209370364,0.0,True,after_extract,0,0,False,False,0,0,False,True
A2,105,0.0007443579481265075,0.0,True,<start>,0,0,False,False,0,0,False,True
A2,106,0.0036954754908690413,0.0,True,after_wm_commit,1214,0,False,False,0,0,False,False
A2,107,0.00331904390954697,0.0,True,mid_data_txn,1266,0,False,False,0,0,False,False
A2,108,0.0003240325194166749,0.0,True,<start>,0,0,False,False,0,0,False,True
A2,109,0.0020539373217691396,0.0,True,after_extract,0,0,False,False,0,0,False,True
A2,110,0.003495505907779318,0.0,True,after_extract,0,0,False,False,0,0,False,True
A2,111,0.0026606245088800044,0.0,True,after_wm_commit,1243,0,False,False,0,0,False,False
A2,112,0.002503116191071042,0.0,True,after_extract,0,0,False,False,0,0,False,True
A2,113,0.0022905122685946007,0.0,True,after_extract,0,0,False,False,0,0,False,True
A2,114,0.0012335960522771,0.0,True,<start>,0,0,False,False,0,0,False,True
A2,115,0.003779373587761953,0.0,True,mid_data_txn,1241,0,False,False,0,0,False,False
A2,116,7.089341224902179e-05,0.0,True,<start>,0,0,False,False,0,0,False,True
A2,117,0.004443448352242444,0.004418,False,after_data_commit,0,0,False,False,0,0,False,True
A2,118,0.003098951707938846,0.0,True,after_extract,0,0,False,False,0,0,False,True
A2,119,0.004414409882713148,0.0,True,mid_data_txn,1233,0,False,False,0,0,False,False
A2,120,0.005066139888893819,0.004224,False,after_data_commit,0,0,False,False,0,0,False,True
A2,121,0.00043125370108078017,0.0,True,<start>,0,0,False,False,0,0,False,True
A2,122,0.0026368324362375808,0.0,True,after_wm_commit,1332,0,False,False,0,0,False,False
A2,123,0.0015916936482782583,0.0,True,after_extract,0,0,False,False,0,0,False,True
A2,124,0.0032840279807256232,0.0,True,after_wm_commit,1286,0,False,False,0,0,False,False
A2,125,0.0021081952723485745,0.0,True,after_extract,0,0,False,False,0,0,False,True
A2,126,0.0008034500006743474,0.0,True,<start>,0,0,False,False,0,0,False,True
A2,127,0.004641623301727398,0.0,True,after_extract,0,0,False,False,0,0,False,True
A2,128,0.0031866765204887106,0.0,True,after_extract,0,0,False,False,0,0,False,True
A2,129,0.0049039709345628695,0.0,True,mid_data_txn,0,0,False,False,0,0,False,True
A2,130,0.002052784654866254,0.0,True,after_extract,0,0,False,False,0,0,False,True
A2,131,0.0028478274888835736,0.0,True,after_extract,0,0,False,False,0,0,False,True
A2,132,0.004649320061012016,0.0,True,after_wm_commit,1297,0,False,False,0,0,False,False
A2,133,0.0028139250532862457,0.0,True,after_wm_commit,1277,0,False,False,0,0,False,False
A2,134,0.0017117328138020515,0.0,True,after_extract,0,0,False,False,0,0,False,True
A2,135,0.0014882631859920107,0.0,True,after_extract,0,0,False,False,0,0,False,True
A2,136,0.0006784310581663185,0.0,True,<start>,0,0,False,False,0,0,False,True
A2,137,0.00039938821491116664,0.0,True,<start>,0,0,False,False,0,0,False,True
A2,138,0.004959451109272428,0.004875,False,after_data_commit,0,0,False,False,0,0,False,True
A2,139,0.0018116144702874934,0.0,True,after_extract,0,0,False,False,0,0,False,True
A2,140,0.004591095117902364,0.0,True,mid_data_txn,1301,0,False,False,0,0,False,False
A2,141,0.004535436740903007,0.00452,False,after_data_commit,0,0,False,False,0,0,False,True
A2,142,0.004851122299616579,0.0,True,mid_data_txn,1155,0,False,False,0,0,False,False
A2,143,0.004838553452045492,0.0,True,after_wm_commit,1223,0,False,False,0,0,False,False
A2,144,0.0038600966249147067,0.0,True,mid_data_txn,1175,0,False,False,0,0,False,False
A2,145,0.00018017094863336991,0.0,True,<start>,0,0,False,False,0,0,False,True
A2,146,0.00016907325887092044,0.0,True,<start>,0,0,False,False,0,0,False,True
A2,147,0.0012448101608764218,0.0,True,<start>,0,0,False,False,0,0,False,True
A2,148,0.0008336511301804163,0.0,True,<start>,0,0,False,False,0,0,False,True
A2,149,0.0040347890375547965,0.0,True,mid_data_txn,1228,0,False,False,0,0,False,False
A2,150,0.003909975194357605,0.0,True,mid_data_txn,1222,0,False,False,0,0,False,False
A2,151,0.00118607268001156,0.0,True,<start>,0,0,False,False,0,0,False,True
A2,152,0.0027422474538393742,0.0,True,after_extract,0,0,False,False,0,0,False,True
A2,153,0.001847607626820582,0.0,True,after_extract,0,0,False,False,0,0,False,True
A2,154,0.0018147136400478868,0.0,True,after_wm_commit,1227,0,False,False,0,0,False,False
A2,155,0.0030908367329716465,0.0,True,after_extract,0,0,False,False,0,0,False,True
A2,156,0.0010819381433542655,0.0,True,<start>,0,0,False,False,0,0,False,True
A2,157,0.003264606636119527,0.0,True,mid_data_txn,1168,0,False,False,0,0,False,False
A2,158,0.0017263018899251628,0.0,True,after_extract,0,0,False,False,0,0,False,True
A2,159,0.0022325988849341474,0.0,True,after_extract,0,0,False,False,0,0,False,True
A2,160,0.0032853428693326555,0.0,True,after_extract,1205,0,False,False,0,0,False,False
A2,161,0.0015878082791572195,0.0,True,after_extract,0,0,False,False,0,0,False,True
A2,162,0.0031474162337564657,0.0,True,<start>,0,0,False,False,0,0,False,True
A2,163,0.0021949875546609043,0.0,True,after_extract,0,0,False,False,0,0,False,True
A2,164,0.0017339862322237661,0.0,True,after_extract,0,0,False,False,0,0,False,True
A2,165,0.0030417563883546905,0.0,True,after_extract,1317,0,False,False,0,0,False,False
A2,166,0.0013694346090291157,0.0,True,after_extract,0,0,False,False,0,0,False,True
A2,167,0.0044370604331018205,0.0,True,mid_data_txn,1221,0,False,False,0,0,False,False
A2,168,0.0015827454975195086,0.0,True,after_extract,0,0,False,False,0,0,False,True
A2,169,0.0048999818115216445,0.0,True,mid_data_txn,1162,0,False,False,0,0,False,False
A2,170,0.0033844057404728905,0.0,True,mid_data_txn,1306,0,False,False,0,0,False,False
A2,171,0.0007480070889757116,0.0,True,<start>,0,0,False,False,0,0,False,True
A2,172,0.0006210327130181227,0.0,True,<start>,0,0,False,False,0,0,False,True
A2,173,0.004925482770345004,0.0,True,mid_data_txn,1224,0,False,False,0,0,False,False
A2,174,0.0029438103131731994,0.0,True,mid_data_txn,1326,0,False,False,0,0,False,False
A2,175,0.005291048456286337,0.0,True,after_wm_commit,1325,0,False,False,0,0,False,False
A2,176,0.00259560125322375,0.0,True,after_wm_commit,1230,0,False,False,0,0,False,False
A2,177,0.0037592582851593828,0.0,True,mid_data_txn,1258,0,False,False,0,0,False,False
A2,178,0.0006335129848960676,0.0,True,<start>,0,0,False,False,0,0,False,True
A2,179,0.0005960565137734088,0.0,True,<start>,0,0,False,False,0,0,False,True
A2,180,0.0022964066676761266,0.0,True,after_extract,0,0,False,False,0,0,False,True
A2,181,0.0041795868222332675,0.0,True,mid_data_txn,1352,0,False,False,0,0,False,False
A2,182,0.005290156968892713,0.0,True,mid_data_txn,1206,0,False,False,0,0,False,False
A2,183,0.0027484487285939644,0.0,True,mid_data_txn,1270,0,False,False,0,0,False,False
A2,184,0.004647516222689969,0.0,True,mid_data_txn,1214,0,False,False,0,0,False,False
A2,185,0.003928752077378128,0.0,True,after_extract,0,0,False,False,0,0,False,True
A2,186,0.0044208781142969136,0.0,True,after_wm_commit,1182,0,False,False,0,0,False,False
A2,187,0.0017142163039025097,0.0,True,after_extract,0,0,False,False,0,0,False,True
A2,188,0.0005933043558426962,0.0,True,<start>,0,0,False,False,0,0,False,True
A2,189,0.003819921463174404,0.0,True,after_wm_commit,1245,0,False,False,0,0,False,False
A2,190,0.001801933456405041,0.0,True,after_extract,0,0,False,False,0,0,False,True
A2,191,0.0018415776724071773,0.0,True,after_extract,0,0,False,False,0,0,False,True
A2,192,0.000604913750823679,0.0,True,<start>,0,0,False,False,0,0,False,True
A2,193,0.0013942361393738912,0.0,True,after_extract,0,0,False,False,0,0,False,True
A2,194,0.00343230545717046,0.0,True,after_extract,0,0,False,False,0,0,False,True
A2,195,0.002278111615184325,0.0,True,<start>,0,0,False,False,0,0,False,True
A2,196,0.001953269468812847,0.0,True,after_extract,0,0,False,False,0,0,False,True
A2,197,0.001786372020663852,0.0,True,after_extract,0,0,False,False,0,0,False,True
A2,198,0.000138284471798608,0.0,True,<start>,0,0,False,False,0,0,False,True
A2,199,0.0025958876267880263,0.0,True,after_extract,0,0,False,False,0,0,False,True
A3,0,0.0049736073280027175,0.0,True,mid_data_txn,0,0,False,False,0,0,False,True
A3,1,0.002071730940545513,0.0,True,after_extract,0,0,False,False,0,0,False,True
A3,2,0.003606650647327632,0.0,True,after_extract,0,0,False,False,0,0,False,True
A3,3,0.00012044985133021537,0.0,True,<start>,0,0,False,False,0,0,False,True
A3,4,0.0008037376550783972,0.0,True,<start>,0,0,False,False,0,0,False,True
A3,5,0.004922825728589225,0.0,True,after_data_commit,0,0,False,False,0,0,False,True
A3,6,0.0003527321642807143,0.0,True,mid_data_txn,0,0,False,False,0,0,False,True
A3,7,0.0024842460752037155,0.0,True,mid_data_txn,0,0,False,False,0,0,False,True
A3,8,0.005203324862669991,0.0,True,after_extract,0,0,False,False,0,0,False,True
A3,9,0.0015057860644775275,0.0,True,after_extract,0,0,False,False,0,0,False,True
A3,10,0.004412276974137409,0.0,True,mid_data_txn,0,0,False,False,0,0,False,True
A3,11,0.003417985695070172,0.0,True,mid_data_txn,0,0,False,False,0,0,False,True
A3,12,0.0010008791075013115,0.0,True,<start>,0,0,False,False,0,0,False,True
A3,13,0.0028552354000915955,0.0,True,mid_data_txn,0,0,False,False,0,0,False,True
A3,14,0.0026593470509097207,0.0,True,mid_data_txn,0,0,False,False,0,0,False,True
A3,15,0.0034928445465528886,0.0,True,mid_data_txn,0,0,False,False,0,0,False,True
A3,16,0.0009637184867820155,0.0,True,after_extract,0,0,False,False,0,0,False,True
A3,17,0.003567032311494938,0.0,True,mid_data_txn,0,0,False,False,0,0,False,True
A3,18,0.0022797014375953036,0.0,True,mid_data_txn,0,0,False,False,0,0,False,True
A3,19,0.00039727125570115826,0.0,True,<start>,0,0,False,False,0,0,False,True
A3,20,0.00024440610627320217,0.0,True,<start>,0,0,False,False,0,0,False,True
A3,21,0.0017851698992986016,0.0,True,<start>,0,0,False,False,0,0,False,True
A3,22,0.002469195118320045,0.0,True,mid_data_txn,0,0,False,False,0,0,False,True
A3,23,0.0018688738147167574,0.0,True,<start>,0,0,False,False,0,0,False,True
A3,24,0.005979790733018655,0.005306,False,after_wm_commit,0,0,False,False,0,0,False,True
A3,25,0.0021610663994597328,0.0,True,after_extract,0,0,False,False,0,0,False,True
A3,26,0.00450880034696239,0.0,True,mid_data_txn,0,0,False,False,0,0,False,True
A3,27,0.004638139381116957,0.0,True,after_data_commit,0,0,False,False,0,0,False,True
A3,28,0.0012321898796724148,0.0,True,<start>,0,0,False,False,0,0,False,True
A3,29,0.004647261652407105,0.0,True,after_data_commit,0,0,False,False,0,0,False,True
A3,30,0.0019588137734864565,0.0,True,after_extract,0,0,False,False,0,0,False,True
A3,31,0.004819124904660801,0.0,True,after_data_commit,0,0,False,False,0,0,False,True
A3,32,0.0024192098663924494,0.0,True,mid_data_txn,0,0,False,False,0,0,False,True
A3,33,0.005102534737747558,0.0,True,after_wm_commit,0,0,False,False,0,0,False,True
A3,34,0.005636663321141516,0.004469,False,after_wm_commit,0,0,False,False,0,0,False,True
A3,35,0.003654973899752622,0.0,True,mid_data_txn,0,0,False,False,0,0,False,True
A3,36,0.002869588130235375,0.0,True,mid_data_txn,0,0,False,False,0,0,False,True
A3,37,0.000894437272172852,0.0,True,<start>,0,0,False,False,0,0,False,True
A3,38,0.0006496450358661336,0.0,True,<start>,0,0,False,False,0,0,False,True
A3,39,0.006050267459956177,0.005864,False,after_wm_commit,0,0,False,False,0,0,False,True
A3,40,0.0004325598482556497,0.0,True,<start>,0,0,False,False,0,0,False,True
A3,41,0.002657408297807457,0.0,True,mid_data_txn,0,0,False,False,0,0,False,True
A3,42,0.004378532695925322,0.0,True,mid_data_txn,0,0,False,False,0,0,False,True
A3,43,0.00018281202785892464,0.0,True,<start>,0,0,False,False,0,0,False,True
A3,44,0.004181479879496599,0.0,True,after_data_commit,0,0,False,False,0,0,False,True
A3,45,0.00274884424019339,0.0,True,mid_data_txn,0,0,False,False,0,0,False,True
A3,46,4.829117256728492e-05,0.0,True,<start>,0,0,False,False,0,0,False,True
A3,47,0.004067524783598638,0.0,True,after_data_commit,0,0,False,False,0,0,False,True
A3,48,0.0005966899215745449,0.0,True,<start>,0,0,False,False,0,0,False,True
A3,49,5.196232113705663e-05,0.0,True,<start>,0,0,False,False,0,0,False,True
A3,50,0.0008248546967589046,0.0,True,mid_data_txn,0,0,False,False,0,0,False,True
A3,51,0.0020466969237417287,0.0,True,after_extract,0,0,False,False,0,0,False,True
A3,52,0.004091327087109297,0.0,True,mid_data_txn,0,0,False,False,0,0,False,True
A3,53,0.0043149894131133135,0.0,True,after_data_commit,0,0,False,False,0,0,False,True
A3,54,0.0015600304135249166,0.0,True,after_extract,0,0,False,False,0,0,False,True
A3,55,0.001796652493272066,0.0,True,after_extract,0,0,False,False,0,0,False,True
A3,56,0.0002385037459862857,0.0,True,<start>,0,0,False,False,0,0,False,True
A3,57,0.004191875343392874,0.0,True,after_data_commit,0,0,False,False,0,0,False,True
A3,58,0.0007377188488517218,0.0,True,<start>,0,0,False,False,0,0,False,True
A3,59,0.005914766206425825,0.0,True,after_data_commit,0,0,False,False,0,0,False,True
A3,60,0.004654652044481092,0.005235,False,after_wm_commit,0,0,False,False,0,0,False,True
A3,61,0.0021188108383507482,0.0,True,mid_data_txn,0,0,False,False,0,0,False,True
A3,62,0.00076288581744488,0.0,True,<start>,0,0,False,False,0,0,False,True
A3,63,0.004448691010817725,0.0,True,after_data_commit,0,0,False,False,0,0,False,True
A3,64,0.004179467259321951,0.0,True,mid_data_txn,0,0,False,False,0,0,False,True
A3,65,0.0011276356183032904,0.0,True,after_extract,0,0,False,False,0,0,False,True
A3,66,0.004868860883096278,0.0,True,mid_data_txn,0,0,False,False,0,0,False,True
A3,67,0.00023804771328869777,0.0,True,<start>,0,0,False,False,0,0,False,True
A3,68,0.0006832408102206296,0.0,True,<start>,0,0,False,False,0,0,False,True
A3,69,0.0052608461550305834,0.0,True,mid_data_txn,0,0,False,False,0,0,False,True
A3,70,0.00594098886220878,0.007606,False,after_wm_commit,0,0,False,False,0,0,False,True
A3,71,0.0023016245194078153,0.0,True,mid_data_txn,0,0,False,False,0,0,False,True
A3,72,0.0030346622093524486,0.0,True,mid_data_txn,0,0,False,False,0,0,False,True
A3,73,0.003937179485878191,0.0,True,after_data_commit,0,0,False,False,0,0,False,True
A3,74,0.0033064333045096806,0.0,True,mid_data_txn,0,0,False,False,0,0,False,True
A3,75,0.0033161884651598276,0.0,True,after_data_commit,0,0,False,False,0,0,False,True
A3,76,0.003042793183369281,0.0,True,mid_data_txn,0,0,False,False,0,0,False,True
A3,77,0.0038735610636259545,0.0,True,mid_data_txn,0,0,False,False,0,0,False,True
A3,78,0.0040634219885216935,0.0,True,mid_data_txn,0,0,False,False,0,0,False,True
A3,79,0.0006169690499437258,0.0,True,<start>,0,0,False,False,0,0,False,True
A3,80,0.0028454231717100808,0.0,True,mid_data_txn,0,0,False,False,0,0,False,True
A3,81,0.001523658896277545,0.0,True,after_extract,0,0,False,False,0,0,False,True
A3,82,0.004228778466296899,0.0,True,mid_data_txn,0,0,False,False,0,0,False,True
A3,83,0.0021169574908747753,0.0,True,mid_data_txn,0,0,False,False,0,0,False,True
A3,84,0.003941281954882724,0.0,True,after_data_commit,0,0,False,False,0,0,False,True
A3,85,0.0005301610969895325,0.0,True,<start>,0,0,False,False,0,0,False,True
A3,86,0.002494476417864991,0.0,True,mid_data_txn,0,0,False,False,0,0,False,True
A3,87,0.002354850405552228,0.0,True,after_extract,0,0,False,False,0,0,False,True
A3,88,0.004346815644003006,0.0,True,after_data_commit,0,0,False,False,0,0,False,True
A3,89,0.0004038772790190532,0.0,True,<start>,0,0,False,False,0,0,False,True
A3,90,0.001265698489846958,0.0,True,after_extract,0,0,False,False,0,0,False,True
A3,91,0.002411740521155783,0.0,True,mid_data_txn,0,0,False,False,0,0,False,True
A3,92,0.0011358545304330408,0.0,True,<start>,0,0,False,False,0,0,False,True
A3,93,0.003448211120210139,0.0,True,mid_data_txn,0,0,False,False,0,0,False,True
A3,94,0.0016069113183541626,0.0,True,after_extract,0,0,False,False,0,0,False,True
A3,95,0.0038670204993930713,0.0,True,mid_data_txn,0,0,False,False,0,0,False,True
A3,96,0.004616394766964774,0.0,True,mid_data_txn,0,0,False,False,0,0,False,True
A3,97,9.329298018567198e-06,0.0,True,<start>,0,0,False,False,0,0,False,True
A3,98,0.0004402120464983541,0.0,True,<start>,0,0,False,False,0,0,False,True
A3,99,0.004438685935389255,0.0,True,after_data_commit,0,0,False,False,0,0,False,True
A3,100,0.00536357831470686,0.0,True,mid_data_txn,0,0,False,False,0,0,False,True
A3,101,0.002505118897613539,0.0,True,after_extract,0,0,False,False,0,0,False,True
A3,102,0.00034283693293552767,0.0,True,<start>,0,0,False,False,0,0,False,True
A3,103,0.0059488238714113855,0.004566,False,after_wm_commit,0,0,False,False,0,0,False,True
A3,104,0.005735512241323976,0.005709,False,after_wm_commit,0,0,False,False,0,0,False,True
A3,105,0.0005382762543626389,0.0,True,<start>,0,0,False,False,0,0,False,True
A3,106,0.005280364068845558,0.005209,False,after_wm_commit,0,0,False,False,0,0,False,True
A3,107,0.006054299081776929,0.0,True,mid_data_txn,0,0,False,False,0,0,False,True
A3,108,0.005257779318613559,0.004811,False,after_wm_commit,0,0,False,False,0,0,False,True
A3,109,0.005606442056327621,0.00507,False,after_wm_commit,0,0,False,False,0,0,False,True
A3,110,0.005163561508364195,0.004194,False,after_wm_commit,0,0,False,False,0,0,False,True
A3,111,0.00268527813160183,0.0,True,mid_data_txn,0,0,False,False,0,0,False,True
A3,112,0.003982461091142076,0.0,True,after_data_commit,0,0,False,False,0,0,False,True
A3,113,0.0021754950951802556,0.0,True,mid_data_txn,0,0,False,False,0,0,False,True
A3,114,0.003431017818146305,0.0,True,mid_data_txn,0,0,False,False,0,0,False,True
A3,115,0.0009912519017717012,0.0,True,<start>,0,0,False,False,0,0,False,True
A3,116,0.005151059088721216,0.004472,False,after_wm_commit,0,0,False,False,0,0,False,True
A3,117,0.0006568268895563042,0.0,True,<start>,0,0,False,False,0,0,False,True
A3,118,0.0036847889063483397,0.0,True,mid_data_txn,0,0,False,False,0,0,False,True
A3,119,0.005165159347227004,0.004746,False,after_wm_commit,0,0,False,False,0,0,False,True
A3,120,0.0008572197810951487,0.0,True,<start>,0,0,False,False,0,0,False,True
A3,121,0.00029249355208534267,0.0,True,<start>,0,0,False,False,0,0,False,True
A3,122,0.001608825330302379,0.0,True,<start>,0,0,False,False,0,0,False,True
A3,123,0.001534295427668033,0.0,True,<start>,0,0,False,False,0,0,False,True
A3,124,0.0032828815614148106,0.0,True,after_extract,0,0,False,False,0,0,False,True
A3,125,0.0011288113015316065,0.0,True,mid_data_txn,0,0,False,False,0,0,False,True
A3,126,0.0002910128022969585,0.0,True,<start>,0,0,False,False,0,0,False,True
A3,127,0.0011160471234987809,0.0,True,after_extract,0,0,False,False,0,0,False,True
A3,128,0.00328228384628865,0.0,True,after_extract,0,0,False,False,0,0,False,True
A3,129,0.0030995928666833314,0.0,True,mid_data_txn,0,0,False,False,0,0,False,True
A3,130,0.004941156411212894,0.0,True,after_data_commit,0,0,False,False,0,0,False,True
A3,131,0.0011365913125194948,0.0,True,after_extract,0,0,False,False,0,0,False,True
A3,132,0.0012240721785458284,0.0,True,<start>,0,0,False,False,0,0,False,True
A3,133,0.0051096817362967974,0.004793,False,after_wm_commit,0,0,False,False,0,0,False,True
A3,134,0.004181571093320292,0.0,True,mid_data_txn,0,0,False,False,0,0,False,True
A3,135,0.0036927261394908172,0.0,True,<start>,0,0,False,False,0,0,False,True
A3,136,0.0009648327269327531,0.0,True,<start>,0,0,False,False,0,0,False,True
A3,137,0.004597369299914303,0.0,True,mid_data_txn,0,0,False,False,0,0,False,True
A3,138,0.0013172957045102817,0.0,True,after_extract,0,0,False,False,0,0,False,True
A3,139,0.0007824466196159956,0.0,True,mid_data_txn,0,0,False,False,0,0,False,True
A3,140,0.002403046435018328,0.0,True,mid_data_txn,0,0,False,False,0,0,False,True
A3,141,0.00331389054242854,0.0,True,mid_data_txn,0,0,False,False,0,0,False,True
A3,142,0.0007253146726926024,0.0,True,<start>,0,0,False,False,0,0,False,True
A3,143,0.005175094121847304,0.005177,False,after_wm_commit,0,0,False,False,0,0,False,True
A3,144,0.0033061808694664456,0.0,True,mid_data_txn,0,0,False,False,0,0,False,True
A3,145,0.002918099504494293,0.0,True,mid_data_txn,0,0,False,False,0,0,False,True
A3,146,0.003308453138660615,0.0,True,mid_data_txn,0,0,False,False,0,0,False,True
A3,147,0.0003300022985569719,0.0,True,<start>,0,0,False,False,0,0,False,True
A3,148,0.0008219147052612009,0.0,True,<start>,0,0,False,False,0,0,False,True
A3,149,0.00373091466187864,0.0,True,after_data_commit,0,0,False,False,0,0,False,True
A3,150,0.003182225602989842,0.0,True,mid_data_txn,0,0,False,False,0,0,False,True
A3,151,0.001738046246599594,0.0,True,after_extract,0,0,False,False,0,0,False,True
A3,152,0.005845571349014268,0.004417,False,after_wm_commit,0,0,False,False,0,0,False,True
A3,153,0.004945443020020208,0.004882,False,after_wm_commit,0,0,False,False,0,0,False,True
A3,154,0.0029073136157894324,0.0,True,mid_data_txn,0,0,False,False,0,0,False,True
A3,155,0.005522224703876662,0.0,True,after_data_commit,0,0,False,False,0,0,False,True
A3,156,0.005575929759754769,0.005276,False,after_wm_commit,0,0,False,False,0,0,False,True
A3,157,0.0017299137262116343,0.0,True,after_extract,0,0,False,False,0,0,False,True
A3,158,0.00495544662270457,0.0,True,after_data_commit,0,0,False,False,0,0,False,True
A3,159,0.001465174986899997,0.0,True,after_extract,0,0,False,False,0,0,False,True
A3,160,0.0007104982950584509,0.0,True,<start>,0,0,False,False,0,0,False,True
A3,161,0.001222565599323313,0.0,True,<start>,0,0,False,False,0,0,False,True
A3,162,0.0026625135087421114,0.0,True,mid_data_txn,0,0,False,False,0,0,False,True
A3,163,0.004580491647338951,0.0,True,mid_data_txn,0,0,False,False,0,0,False,True
A3,164,0.0009473015034355971,0.0,True,<start>,0,0,False,False,0,0,False,True
A3,165,0.00048781212309199543,0.0,True,<start>,0,0,False,False,0,0,False,True
A3,166,0.006019726818313881,0.0,True,mid_data_txn,0,0,False,False,0,0,False,True
A3,167,0.0032148269844938086,0.0,True,mid_data_txn,0,0,False,False,0,0,False,True
A3,168,0.000383709814951209,0.0,True,<start>,0,0,False,False,0,0,False,True
A3,169,0.0026675335018306844,0.0,True,mid_data_txn,0,0,False,False,0,0,False,True
A3,170,0.0019008112545016804,0.0,True,<start>,0,0,False,False,0,0,False,True
A3,171,0.004506376729280991,0.0,True,after_data_commit,0,0,False,False,0,0,False,True
A3,172,0.00018882790648969385,0.0,True,<start>,0,0,False,False,0,0,False,True
A3,173,0.003309151867817371,0.004894,False,after_wm_commit,0,0,False,False,0,0,False,True
A3,174,0.0035665619117783384,0.0,True,mid_data_txn,0,0,False,False,0,0,False,True
A3,175,0.00555174429694525,0.0,True,after_data_commit,0,0,False,False,0,0,False,True
A3,176,0.005431296427973642,0.00576,False,after_wm_commit,0,0,False,False,0,0,False,True
A3,177,0.003845225212388263,0.0,True,mid_data_txn,0,0,False,False,0,0,False,True
A3,178,0.005126025160904749,0.0,True,after_extract,0,0,False,False,0,0,False,True
A3,179,0.0028881376375264195,0.0,True,mid_data_txn,0,0,False,False,0,0,False,True
A3,180,0.005760159633371696,0.0,True,mid_data_txn,0,0,False,False,0,0,False,True
A3,181,0.0033082777593322326,0.0,True,mid_data_txn,0,0,False,False,0,0,False,True
A3,182,0.0051085928167645105,0.004236,False,after_wm_commit,0,0,False,False,0,0,False,True
A3,183,0.0011939386707364508,0.0,True,<start>,0,0,False,False,0,0,False,True
A3,184,0.0051380846296964254,0.0,True,mid_data_txn,0,0,False,False,0,0,False,True
A3,185,0.00032807184286528515,0.0,True,<start>,0,0,False,False,0,0,False,True
A3,186,0.0014050133989039733,0.0,True,after_extract,0,0,False,False,0,0,False,True
A3,187,0.0019771172036675555,0.0,True,after_extract,0,0,False,False,0,0,False,True
A3,188,0.0046693784342016825,0.0,True,after_data_commit,0,0,False,False,0,0,False,True
A3,189,0.004170351761254611,0.005001,False,after_wm_commit,0,0,False,False,0,0,False,True
A3,190,0.005792017002219482,0.004876,False,after_wm_commit,0,0,False,False,0,0,False,True
A3,191,0.0038953537932515116,0.0,True,after_data_commit,0,0,False,False,0,0,False,True
A3,192,0.0045441740129547525,0.0,True,after_data_commit,0,0,False,False,0,0,False,True
A3,193,0.0045211038771390995,0.0,True,after_data_commit,0,0,False,False,0,0,False,True
A3,194,0.00537256119026128,0.004452,False,after_wm_commit,0,0,False,False,0,0,False,True
A3,195,0.0057617063468667585,0.005246,False,after_wm_commit,0,0,False,False,0,0,False,True
A3,196,0.0012019951549216519,0.0,True,<start>,0,0,False,False,0,0,False,True
A3,197,0.00500308210565057,0.0,True,after_data_commit,0,0,False,False,0,0,False,True
A3,198,0.0002616731356188439,0.0,True,<start>,0,0,False,False,0,0,False,True
A3,199,0.0004742850620670101,0.0,True,<start>,0,0,False,False,0,0,False,True
A4,0,0.001163479257943561,0.0,True,after_extract,0,0,False,False,0,0,False,True
A4,1,0.004286409665372366,0.0,True,mid_txn,0,0,False,False,0,0,False,True
A4,2,0.0005077198608710602,0.0,True,mid_txn,0,0,False,False,0,0,False,True
A4,3,0.003948960691678509,0.0,True,mid_txn,0,0,False,False,0,0,False,True
A4,4,0.001795591676299896,0.0,True,after_extract,0,0,False,False,0,0,False,True
A4,5,2.3387024486448743e-06,0.0,True,<start>,0,0,False,False,0,0,False,True
A4,6,0.004478302636373098,0.003949,False,after_commit,0,0,False,False,0,0,False,True
A4,7,0.0019221321096882843,0.0,True,after_extract,0,0,False,False,0,0,False,True
A4,8,0.0007356212434226146,0.0,True,<start>,0,0,False,False,0,0,False,True
A4,9,0.0018911809479569975,0.0,True,mid_txn,0,0,False,False,0,0,False,True
A4,10,0.004170645513661562,0.00426,False,after_commit,0,0,False,False,0,0,False,True
A4,11,0.004695523265202094,0.003815,False,after_commit,0,0,False,False,0,0,False,True
A4,12,0.00015305771598676335,0.0,True,<start>,0,0,False,False,0,0,False,True
A4,13,0.004430162646161491,0.003534,False,after_commit,0,0,False,False,0,0,False,True
A4,14,0.0020190721225210504,0.0,True,after_extract,0,0,False,False,0,0,False,True
A4,15,0.00125849114392323,0.0,True,mid_txn,0,0,False,False,0,0,False,True
A4,16,0.002995752535004897,0.0,True,mid_txn,0,0,False,False,0,0,False,True
A4,17,0.003225522546791526,0.0,True,mid_txn,0,0,False,False,0,0,False,True
A4,18,0.0038860238328673594,0.0,True,mid_txn,0,0,False,False,0,0,False,True
A4,19,0.003132705516312168,0.0,True,mid_txn,0,0,False,False,0,0,False,True
A4,20,0.001964667852471457,0.0,True,after_extract,0,0,False,False,0,0,False,True
A4,21,0.004541825079136263,0.004342,False,after_commit,0,0,False,False,0,0,False,True
A4,22,0.0013526820867760072,0.0,True,after_extract,0,0,False,False,0,0,False,True
A4,23,0.0027934983567692354,0.0,True,mid_txn,0,0,False,False,0,0,False,True
A4,24,0.0032043620307217052,0.003727,False,after_commit,0,0,False,False,0,0,False,True
A4,25,0.003867558635998168,0.0,True,mid_txn,0,0,False,False,0,0,False,True
A4,26,0.0024390878324268236,0.0,True,after_extract,0,0,False,False,0,0,False,True
A4,27,0.004787022576994686,0.004656,False,after_commit,0,0,False,False,0,0,False,True
A4,28,0.002919216490605642,0.0,True,mid_txn,0,0,False,False,0,0,False,True
A4,29,0.0008323121690272224,0.0,True,<start>,0,0,False,False,0,0,False,True
A4,30,0.002775674680878182,0.0,True,mid_txn,0,0,False,False,0,0,False,True
A4,31,0.0026682938002493568,0.0,True,mid_txn,0,0,False,False,0,0,False,True
A4,32,0.0018260730197332917,0.0,True,after_extract,0,0,False,False,0,0,False,True
A4,33,0.003911755581699091,0.0,True,mid_txn,0,0,False,False,0,0,False,True
A4,34,0.0031530277741679234,0.0,True,mid_txn,0,0,False,False,0,0,False,True
A4,35,0.001695492044694525,0.0,True,after_extract,0,0,False,False,0,0,False,True
A4,36,0.0026791003913609105,0.0,True,mid_txn,0,0,False,False,0,0,False,True
A4,37,0.0010854426459309984,0.0,True,after_extract,0,0,False,False,0,0,False,True
A4,38,0.00010110767669573245,0.0,True,<start>,0,0,False,False,0,0,False,True
A4,39,0.0001591445270173052,0.0,True,<start>,0,0,False,False,0,0,False,True
A4,40,0.004417487589663924,0.0,True,mid_txn,0,0,False,False,0,0,False,True
A4,41,0.0015415055074203463,0.0,True,after_extract,0,0,False,False,0,0,False,True
A4,42,0.0028239681033006064,0.0,True,mid_txn,0,0,False,False,0,0,False,True
A4,43,0.0012864312074987942,0.0,True,<start>,0,0,False,False,0,0,False,True
A4,44,0.0009579871775005529,0.0,True,<start>,0,0,False,False,0,0,False,True
A4,45,0.002617629603747548,0.0,True,mid_txn,0,0,False,False,0,0,False,True
A4,46,0.0018912837059543058,0.0,True,after_extract,0,0,False,False,0,0,False,True
A4,47,0.0006691178617640036,0.0,True,mid_txn,0,0,False,False,0,0,False,True
A4,48,0.004837045460772318,0.003893,False,after_commit,0,0,False,False,0,0,False,True
A4,49,0.0017705554062673017,0.0,True,<start>,0,0,False,False,0,0,False,True
A4,50,0.004093536623589431,0.003379,False,after_commit,0,0,False,False,0,0,False,True
A4,51,0.002370261936083272,0.0,True,mid_txn,0,0,False,False,0,0,False,True
A4,52,0.0036849414887305636,0.0,True,mid_txn,0,0,False,False,0,0,False,True
A4,53,0.0023695264976914274,0.0,True,mid_txn,0,0,False,False,0,0,False,True
A4,54,0.001217516469974474,0.0,True,<start>,0,0,False,False,0,0,False,True
A4,55,0.0038244641140803737,0.0,True,mid_txn,0,0,False,False,0,0,False,True
A4,56,0.00040690927167827385,0.0,True,<start>,0,0,False,False,0,0,False,True
A4,57,3.835279620585926e-05,0.0,True,<start>,0,0,False,False,0,0,False,True
A4,58,0.002225893527707428,0.0,True,after_extract,0,0,False,False,0,0,False,True
A4,59,0.0048339411855354425,0.003576,False,after_commit,0,0,False,False,0,0,False,True
A4,60,0.004137551683841228,0.0,True,after_extract,0,0,False,False,0,0,False,True
A4,61,0.0007015305430360658,0.0,True,<start>,0,0,False,False,0,0,False,True
A4,62,0.0004661425955457547,0.0,True,<start>,0,0,False,False,0,0,False,True
A4,63,0.0021238202761463387,0.0,True,after_extract,0,0,False,False,0,0,False,True
A4,64,0.0009500764769317984,0.0,True,<start>,0,0,False,False,0,0,False,True
A4,65,0.004593109356565999,0.004446,False,after_commit,0,0,False,False,0,0,False,True
A4,66,0.0015710275864826203,0.0,True,after_extract,0,0,False,False,0,0,False,True
A4,67,0.004457607623798436,0.004372,False,after_commit,0,0,False,False,0,0,False,True
A4,68,0.0027636104316783637,0.0,True,mid_txn,0,0,False,False,0,0,False,True
A4,69,0.001254802496485423,0.0,True,after_extract,0,0,False,False,0,0,False,True
A4,70,0.0026883318912666737,0.0,True,mid_txn,0,0,False,False,0,0,False,True
A4,71,0.0005873923010970026,0.0,True,<start>,0,0,False,False,0,0,False,True
A4,72,0.002801062388743822,0.0,True,mid_txn,0,0,False,False,0,0,False,True
A4,73,0.0036928223496196107,0.0,True,mid_txn,0,0,False,False,0,0,False,True
A4,74,0.0023438631862837023,0.0,True,after_extract,0,0,False,False,0,0,False,True
A4,75,0.002525106654689895,0.0,True,mid_txn,0,0,False,False,0,0,False,True
A4,76,0.00440716809033629,0.003773,False,after_commit,0,0,False,False,0,0,False,True
A4,77,0.0018068970984468566,0.0,True,mid_txn,0,0,False,False,0,0,False,True
A4,78,0.004707500185832151,0.0,True,mid_txn,0,0,False,False,0,0,False,True
A4,79,0.001026902250551811,0.0,True,<start>,0,0,False,False,0,0,False,True
A4,80,0.0038696883794653125,0.003752,False,after_commit,0,0,False,False,0,0,False,True
A4,81,0.002864940441215319,0.0,True,mid_txn,0,0,False,False,0,0,False,True
A4,82,0.0005289509406813361,0.0,True,mid_txn,0,0,False,False,0,0,False,True
A4,83,0.00016643785635746413,0.0,True,<start>,0,0,False,False,0,0,False,True
A4,84,0.00013329793883446825,0.0,True,<start>,0,0,False,False,0,0,False,True
A4,85,0.00452944583382836,0.0,True,mid_txn,0,0,False,False,0,0,False,True
A4,86,0.0035871541635841375,0.0,True,mid_txn,0,0,False,False,0,0,False,True
A4,87,0.004263384330650053,0.004232,False,after_commit,0,0,False,False,0,0,False,True
A4,88,0.0009596148919843021,0.0,True,<start>,0,0,False,False,0,0,False,True
A4,89,0.0031644133945819618,0.0,True,mid_txn,0,0,False,False,0,0,False,True
A4,90,0.0016251120453978569,0.0,True,mid_txn,0,0,False,False,0,0,False,True
A4,91,0.0046579041606079775,0.0,True,mid_txn,0,0,False,False,0,0,False,True
A4,92,0.0002959278289109131,0.0,True,<start>,0,0,False,False,0,0,False,True
A4,93,0.0015118297004290595,0.0,True,after_extract,0,0,False,False,0,0,False,True
A4,94,0.002757315390219155,0.0,True,mid_txn,0,0,False,False,0,0,False,True
A4,95,0.0003335005780109857,0.0,True,<start>,0,0,False,False,0,0,False,True
A4,96,0.002997813977363751,0.003506,False,after_commit,0,0,False,False,0,0,False,True
A4,97,0.0034320661511570046,0.005877,False,after_commit,0,0,False,False,0,0,False,True
A4,98,0.0018586074313357397,0.0,True,after_extract,0,0,False,False,0,0,False,True
A4,99,0.003606514343028377,0.0,True,mid_txn,0,0,False,False,0,0,False,True
A4,100,0.004064933620741046,0.0,True,mid_txn,0,0,False,False,0,0,False,True
A4,101,0.002772043666460263,0.0,True,mid_txn,0,0,False,False,0,0,False,True
A4,102,0.00039905015275434994,0.0,True,<start>,0,0,False,False,0,0,False,True
A4,103,0.0013753355982768433,0.0,True,after_extract,0,0,False,False,0,0,False,True
A4,104,0.004352187971494837,0.004108,False,after_commit,0,0,False,False,0,0,False,True
A4,105,0.00045222678348879393,0.0,True,<start>,0,0,False,False,0,0,False,True
A4,106,0.002340337864989015,0.0,True,mid_txn,0,0,False,False,0,0,False,True
A4,107,0.0009343286640801596,0.0,True,mid_txn,0,0,False,False,0,0,False,True
A4,108,0.0019579048439994787,0.0,True,after_extract,0,0,False,False,0,0,False,True
A4,109,0.0021052522406579794,0.0,True,after_extract,0,0,False,False,0,0,False,True
A4,110,0.0015482809476481487,0.0,True,after_extract,0,0,False,False,0,0,False,True
A4,111,0.003981871414279949,0.0,True,mid_txn,0,0,False,False,0,0,False,True
A4,112,0.002796992767389733,0.0,True,mid_txn,0,0,False,False,0,0,False,True
A4,113,0.003660549972964569,0.0,True,after_extract,0,0,False,False,0,0,False,True
A4,114,0.00314668615372966,0.0,True,mid_txn,0,0,False,False,0,0,False,True
A4,115,0.0016328146745984433,0.0,True,after_commit,0,0,False,False,0,0,False,True
A4,116,0.003781540488884778,0.0,True,mid_txn,0,0,False,False,0,0,False,True
A4,117,0.0030276139600024458,0.0,True,mid_txn,0,0,False,False,0,0,False,True
A4,118,0.004306864128787605,0.003332,False,after_commit,0,0,False,False,0,0,False,True
A4,119,0.001793292077311573,0.0,True,after_extract,0,0,False,False,0,0,False,True
A4,120,0.0007150396793751161,0.0,True,<start>,0,0,False,False,0,0,False,True
A4,121,0.0001334383983826377,0.0,True,<start>,0,0,False,False,0,0,False,True
A4,122,0.003456408432946406,0.0,True,mid_txn,0,0,False,False,0,0,False,True
A4,123,0.0033779727932294495,0.0,True,mid_txn,0,0,False,False,0,0,False,True
A4,124,0.0036608658351426375,0.0,True,mid_txn,0,0,False,False,0,0,False,True
A4,125,0.0038766245848161503,0.003712,False,after_commit,0,0,False,False,0,0,False,True
A4,126,0.0008697148949017015,0.0,True,<start>,0,0,False,False,0,0,False,True
A4,127,0.0002842578678171305,0.0,True,<start>,0,0,False,False,0,0,False,True
A4,128,0.003869126589557358,0.003805,False,after_commit,0,0,False,False,0,0,False,True
A4,129,0.0012860834928523025,0.0,True,<start>,0,0,False,False,0,0,False,True
A4,130,0.003314743203384022,0.0,True,mid_txn,0,0,False,False,0,0,False,True
A4,131,0.0029168237735384328,0.0,True,mid_txn,0,0,False,False,0,0,False,True
A4,132,0.00412177624172433,0.003623,False,after_commit,0,0,False,False,0,0,False,True
A4,133,0.001356108290129904,0.0,True,after_extract,0,0,False,False,0,0,False,True
A4,134,0.0008601414614566893,0.0,True,mid_txn,0,0,False,False,0,0,False,True
A4,135,0.004525861426302092,0.003708,False,after_commit,0,0,False,False,0,0,False,True
A4,136,0.0039002693669767294,0.0,True,mid_txn,0,0,False,False,0,0,False,True
A4,137,0.0017483846226179847,0.0,True,after_extract,0,0,False,False,0,0,False,True
A4,138,0.001240737881990369,0.0,True,after_extract,0,0,False,False,0,0,False,True
A4,139,0.0004917843698907263,0.0,True,<start>,0,0,False,False,0,0,False,True
A4,140,0.0016527367304830006,0.0,True,after_extract,0,0,False,False,0,0,False,True
A4,141,0.0039333501989393576,0.003816,False,after_commit,0,0,False,False,0,0,False,True
A4,142,0.0019512462341205808,0.0,True,after_extract,0,0,False,False,0,0,False,True
A4,143,0.00046606406481994897,0.0,True,<start>,0,0,False,False,0,0,False,True
A4,144,0.0033114734104926348,0.0,True,mid_txn,0,0,False,False,0,0,False,True
A4,145,0.002559230914396559,0.0,True,after_extract,0,0,False,False,0,0,False,True
A4,146,0.00047807206335630454,0.0,True,<start>,0,0,False,False,0,0,False,True
A4,147,0.00022571562939642853,0.0,True,<start>,0,0,False,False,0,0,False,True
A4,148,0.0021440599604919445,0.004041,False,after_commit,0,0,False,False,0,0,False,True
A4,149,0.0016620131185667427,0.0,True,after_extract,0,0,False,False,0,0,False,True
A4,150,0.0031218922712018373,0.0,True,after_extract,0,0,False,False,0,0,False,True
A4,151,0.0035021399713239193,0.0,True,mid_txn,0,0,False,False,0,0,False,True
A4,152,0.000285481318225324,0.0,True,<start>,0,0,False,False,0,0,False,True
A4,153,0.0013773735502114485,0.0,True,after_extract,0,0,False,False,0,0,False,True
A4,154,0.0038848886411914137,0.0,True,mid_txn,0,0,False,False,0,0,False,True
A4,155,0.002080977958768639,0.0,True,after_extract,0,0,False,False,0,0,False,True
A4,156,0.0033750152665014744,0.0,True,mid_txn,0,0,False,False,0,0,False,True
A4,157,0.004250945237584516,0.003353,False,after_commit,0,0,False,False,0,0,False,True
A4,158,0.001467097940431004,0.0,True,after_extract,0,0,False,False,0,0,False,True
A4,159,0.0031774301570701787,0.0,True,mid_txn,0,0,False,False,0,0,False,True
A4,160,0.0001738469101150901,0.0,True,mid_txn,0,0,False,False,0,0,False,True
A4,161,0.00011723754532240483,0.0,True,<start>,0,0,False,False,0,0,False,True
A4,162,0.0034602588224260976,0.0,True,mid_txn,0,0,False,False,0,0,False,True
A4,163,0.0020073794989143435,0.0,True,after_extract,0,0,False,False,0,0,False,True
A4,164,0.0024970260397490433,0.0,True,mid_txn,0,0,False,False,0,0,False,True
A4,165,0.00079637023667576,0.0,True,<start>,0,0,False,False,0,0,False,True
A4,166,9.925789369915861e-05,0.0,True,<start>,0,0,False,False,0,0,False,True
A4,167,0.0030668897997131427,0.0,True,mid_txn,0,0,False,False,0,0,False,True
A4,168,0.0015089731037343642,0.0,True,after_extract,0,0,False,False,0,0,False,True
A4,169,0.002677298465850319,0.0,True,mid_txn,0,0,False,False,0,0,False,True
A4,170,0.0044487374950223785,0.004446,False,after_commit,0,0,False,False,0,0,False,True
A4,171,0.001920078940567658,0.0,True,after_extract,0,0,False,False,0,0,False,True
A4,172,0.001874556562816332,0.0,True,after_extract,0,0,False,False,0,0,False,True
A4,173,0.003726219755803877,0.003125,False,after_commit,0,0,False,False,0,0,False,True
A4,174,0.0038682308403446505,0.0,True,mid_txn,0,0,False,False,0,0,False,True
A4,175,0.003042949973189267,0.0,True,mid_txn,0,0,False,False,0,0,False,True
A4,176,0.002493833917077994,0.0,True,mid_txn,0,0,False,False,0,0,False,True
A4,177,0.002552442296004662,0.0,True,mid_txn,0,0,False,False,0,0,False,True
A4,178,0.000820501446148673,0.0,True,<start>,0,0,False,False,0,0,False,True
A4,179,0.0006635085682621172,0.0,True,<start>,0,0,False,False,0,0,False,True
A4,180,0.002026699698060949,0.0,True,after_extract,0,0,False,False,0,0,False,True
A4,181,0.004806278483496381,0.004109,False,after_commit,0,0,False,False,0,0,False,True
A4,182,0.0033006406017340004,0.003441,False,after_commit,0,0,False,False,0,0,False,True
A4,183,0.004146435406434231,0.0,True,mid_txn,0,0,False,False,0,0,False,True
A4,184,0.002165857936391664,0.0,True,after_extract,0,0,False,False,0,0,False,True
A4,185,0.002730221746841996,0.0,True,mid_txn,0,0,False,False,0,0,False,True
A4,186,0.0010562925211593105,0.0,True,<start>,0,0,False,False,0,0,False,True
A4,187,0.0004769238242434775,0.0,True,<start>,0,0,False,False,0,0,False,True
A4,188,0.0002893047144652509,0.0,True,<start>,0,0,False,False,0,0,False,True
A4,189,0.004405220701056649,0.003878,False,after_commit,0,0,False,False,0,0,False,True
A4,190,0.0031824247898702388,0.0,True,mid_txn,0,0,False,False,0,0,False,True
A4,191,0.003151268086714766,0.0,True,mid_txn,0,0,False,False,0,0,False,True
A4,192,0.0029118985386277726,0.0,True,mid_txn,0,0,False,False,0,0,False,True
A4,193,0.004489092342693467,0.0,True,after_commit,0,0,False,False,0,0,False,True
A4,194,0.00027406680922611244,0.0,True,<start>,0,0,False,False,0,0,False,True
A4,195,0.0023912161381404165,0.0,True,after_extract,0,0,False,False,0,0,False,True
A4,196,0.0013443703045592035,0.0,True,<start>,0,0,False,False,0,0,False,True
A4,197,0.0008770199572570797,0.0,True,<start>,0,0,False,False,0,0,False,True
A4,198,0.0024639081921554286,0.0,True,mid_txn,0,0,False,False,0,0,False,True
A4,199,0.001976711765473607,0.0,True,after_commit,0,0,False,False,0,0,False,True
M1,0,0.0036523238760818744,0.0,True,mid_data_txn,0,0,False,False,0,0,False,True
M1,1,0.003309307354988737,0.0,True,after_data_commit,0,0,False,False,0,0,False,True
M1,2,0.003574662169634305,0.0,True,after_extract,0,0,False,False,0,0,False,True
M1,3,0.004044173844552614,0.0,True,after_data_commit,0,0,False,False,0,0,False,True
M1,4,0.0024236620606343075,0.0,True,after_extract,0,0,False,False,0,0,False,True
M1,5,0.00015208103346565948,0.0,True,<start>,0,0,False,False,0,0,False,True
M1,6,0.0030189287716700787,0.0,True,mid_data_txn,0,0,False,False,0,0,False,True
M1,7,0.005327459519240009,0.0,True,mid_data_txn,0,0,False,False,0,0,False,True
M1,8,0.004323296107951432,0.0,True,after_data_commit,0,0,False,False,0,0,False,True
M1,9,0.003483283557295592,0.0,True,after_extract,0,0,False,False,0,0,False,True
M1,10,0.004845340028045563,0.005064,False,after_wm_commit,0,0,False,False,0,0,False,True
M1,11,0.0020001248724423933,0.0,True,mid_data_txn,0,0,False,False,0,0,False,True
M1,12,0.0010822667128888102,0.0,True,mid_data_txn,0,0,False,False,0,0,False,True
M1,13,0.0027980011199332804,0.0,True,mid_data_txn,0,0,False,False,0,0,False,True
M1,14,0.0033627336616472115,0.0,True,after_data_commit,0,0,False,False,0,0,False,True
M1,15,0.00554771096812013,0.005264,False,after_wm_commit,0,0,False,False,0,0,False,True
M1,16,0.0019127339311729654,0.0,True,after_extract,0,0,False,False,0,0,False,True
M1,17,0.005051218592719378,0.0,True,mid_data_txn,0,0,False,False,0,0,False,True
M1,18,0.00395211846266101,0.0,True,mid_data_txn,0,0,False,False,0,0,False,True
M1,19,0.0007762484272182187,0.0,True,mid_data_txn,0,0,False,False,0,0,False,True
M1,20,0.004874838039379776,0.0,True,after_data_commit,0,0,False,False,0,0,False,True
M1,21,0.0005791577174716353,0.0,True,<start>,0,0,False,False,0,0,False,True
M1,22,0.0018565731788380336,0.0,True,after_extract,0,0,False,False,0,0,False,True
M1,23,0.0021323725266105074,0.0,True,<start>,0,0,False,False,0,0,False,True
M1,24,0.0017265008430704094,0.0,True,after_extract,0,0,False,False,0,0,False,True
M1,25,0.005768617655138341,0.004963,False,after_wm_commit,0,0,False,False,0,0,False,True
M1,26,0.004238244683059143,0.0,True,mid_data_txn,0,0,False,False,0,0,False,True
M1,27,0.0002620527941439538,0.0,True,<start>,0,0,False,False,0,0,False,True
M1,28,0.0039830934742942714,0.0,True,after_data_commit,0,0,False,False,0,0,False,True
M1,29,0.0004672085022352137,0.0,True,<start>,0,0,False,False,0,0,False,True
M1,30,0.0004911078946866919,0.0,True,<start>,0,0,False,False,0,0,False,True
M1,31,0.006113266158679562,0.0,True,after_data_commit,0,0,False,False,0,0,False,True
M1,32,0.006333687722958791,0.005243,False,after_wm_commit,0,0,False,False,0,0,False,True
M1,33,0.004354194267473307,0.0,True,mid_data_txn,0,0,False,False,0,0,False,True
M1,34,0.0026373353584193903,0.0,True,mid_data_txn,0,0,False,False,0,0,False,True
M1,35,0.0009489556459472618,0.0,True,<start>,0,0,False,False,0,0,False,True
M1,36,0.0023277922531330588,0.0,True,<start>,0,0,False,False,0,0,False,True
M1,37,0.003746188775144128,0.0,True,after_extract,0,0,False,False,0,0,False,True
M1,38,0.004277806971244377,0.0,True,after_data_commit,0,0,False,False,0,0,False,True
M1,39,0.004916408324228652,0.0,True,after_data_commit,0,0,False,False,0,0,False,True
M1,40,0.005942148227603983,0.005203,False,after_wm_commit,0,0,False,False,0,0,False,True
M1,41,0.005380920189273726,0.005511,False,after_wm_commit,0,0,False,False,0,0,False,True
M1,42,0.0018162717050592982,0.0,True,mid_data_txn,0,0,False,False,0,0,False,True
M1,43,0.003431891667551916,0.0,True,mid_data_txn,0,0,False,False,0,0,False,True
M1,44,0.002223283501207274,0.0,True,after_extract,0,0,False,False,0,0,False,True
M1,45,0.0032670979506379673,0.0,True,mid_data_txn,0,0,False,False,0,0,False,True
M1,46,0.005462576929401335,0.0,True,after_data_commit,0,0,False,False,0,0,False,True
M1,47,0.0028432978706178502,0.0,True,mid_data_txn,0,0,False,False,0,0,False,True
M1,48,0.00032867969403107096,0.0,True,<start>,0,0,False,False,0,0,False,True
M1,49,0.004435065812666377,0.0,True,mid_data_txn,0,0,False,False,0,0,False,True
M1,50,0.003501593665477727,0.0,True,mid_data_txn,0,0,False,False,0,0,False,True
M1,51,0.003504954064820911,0.0,True,mid_data_txn,0,0,False,False,0,0,False,True
M1,52,0.001448968129390086,0.0,True,after_extract,0,0,False,False,0,0,False,True
M1,53,0.0028921018217414763,0.0,True,mid_data_txn,0,0,False,False,0,0,False,True
M1,54,0.0018172043495126879,0.0,True,after_extract,0,0,False,False,0,0,False,True
M1,55,0.0004961006998160342,0.0,True,<start>,0,0,False,False,0,0,False,True
M1,56,0.004145170746449208,0.0,True,after_data_commit,0,0,False,False,0,0,False,True
M1,57,0.005462417388392077,0.0,True,mid_data_txn,0,0,False,False,0,0,False,True
M1,58,0.006273983190201023,0.0,True,after_data_commit,0,0,False,False,0,0,False,True
M1,59,0.0006553044233557883,0.0,True,<start>,0,0,False,False,0,0,False,True
M1,60,0.0017672006010878555,0.0,True,mid_data_txn,0,0,False,False,0,0,False,True
M1,61,0.0033430648039600827,0.0,True,after_extract,0,0,False,False,0,0,False,True
M1,62,0.003197014160355353,0.0,True,mid_data_txn,0,0,False,False,0,0,False,True
M1,63,0.0030206375403366626,0.0,True,mid_data_txn,0,0,False,False,0,0,False,True
M1,64,0.0005358730976323002,0.0,True,<start>,0,0,False,False,0,0,False,True
M1,65,0.0024480814839701135,0.0,True,mid_data_txn,0,0,False,False,0,0,False,True
M1,66,0.0054730857399662046,0.0,True,mid_data_txn,0,0,False,False,0,0,False,True
M1,67,0.004961952650411464,0.0,True,after_data_commit,0,0,False,False,0,0,False,True
M1,68,0.004288048349985253,0.0,True,after_data_commit,0,0,False,False,0,0,False,True
M1,69,0.004820127704828776,0.0,True,after_data_commit,0,0,False,False,0,0,False,True
M1,70,0.002149040994398265,0.0,True,after_extract,0,0,False,False,0,0,False,True
M1,71,0.0035605754015492924,0.0,True,mid_data_txn,0,0,False,False,0,0,False,True
M1,72,0.003707049267015328,0.0,True,after_data_commit,0,0,False,False,0,0,False,True
M1,73,0.002724239451732988,0.0,True,mid_data_txn,0,0,False,False,0,0,False,True
M1,74,0.00520648841031767,0.0,True,after_data_commit,0,0,False,False,0,0,False,True
M1,75,0.00019877655341257475,0.0,True,<start>,0,0,False,False,0,0,False,True
M1,76,0.0025467390958997783,0.0,True,mid_data_txn,0,0,False,False,0,0,False,True
M1,77,0.004083963831921345,0.0,True,mid_data_txn,0,0,False,False,0,0,False,True
M1,78,0.005301340240854799,0.004075,False,after_wm_commit,0,0,False,False,0,0,False,True
M1,79,0.001947787613963147,0.0,True,<start>,0,0,False,False,0,0,False,True
M1,80,0.005483967873007745,0.0,True,mid_data_txn,0,0,False,False,0,0,False,True
M1,81,2.7463018664797702e-05,0.0,True,<start>,0,0,False,False,0,0,False,True
M1,82,0.0062231401708960875,0.006198,False,after_wm_commit,0,0,False,False,0,0,False,True
M1,83,0.00044337112405775904,0.0,True,<start>,0,0,False,False,0,0,False,True
M1,84,0.00023205047371134565,0.0,True,<start>,0,0,False,False,0,0,False,True
M1,85,0.003906532461443552,0.0,True,mid_data_txn,0,0,False,False,0,0,False,True
M1,86,0.0031698813978907744,0.0,True,mid_data_txn,0,0,False,False,0,0,False,True
M1,87,0.0004316233546477263,0.0,True,<start>,0,0,False,False,0,0,False,True
M1,88,0.0006684148742985823,0.0,True,<start>,0,0,False,False,0,0,False,True
M1,89,0.00025957035945645905,0.0,True,<start>,0,0,False,False,0,0,False,True
M1,90,0.006064273011192042,0.0,True,after_data_commit,0,0,False,False,0,0,False,True
M1,91,0.004728221198976822,0.0,True,after_data_commit,0,0,False,False,0,0,False,True
M1,92,0.004665937904332711,0.004738,False,after_wm_commit,0,0,False,False,0,0,False,True
M1,93,0.003883887129587522,0.0,True,after_data_commit,0,0,False,False,0,0,False,True
M1,94,4.48250435880302e-05,0.0,True,<start>,0,0,False,False,0,0,False,True
M1,95,0.005633303613580834,0.0,True,mid_data_txn,0,0,False,False,0,0,False,True
M1,96,0.0026451111981047916,0.0,True,after_extract,0,0,False,False,0,0,False,True
M1,97,0.005665317304933926,0.0,True,after_data_commit,0,0,False,False,0,0,False,True
M1,98,0.006152982223066198,0.005816,False,after_wm_commit,0,0,False,False,0,0,False,True
M1,99,0.000373029243525012,0.0,True,<start>,0,0,False,False,0,0,False,True
M1,100,0.00036147301704307703,0.0,True,<start>,0,0,False,False,0,0,False,True
M1,101,0.0057805377455408405,0.004736,False,after_wm_commit,0,0,False,False,0,0,False,True
M1,102,0.0007773810721806417,0.0,True,<start>,0,0,False,False,0,0,False,True
M1,103,0.001527724362003361,0.0,True,<start>,0,0,False,False,0,0,False,True
M1,104,0.000806996710014097,0.0,True,<start>,0,0,False,False,0,0,False,True
M1,105,0.004393509975219313,0.0,True,mid_data_txn,0,0,False,False,0,0,False,True
M1,106,0.0011156822173257579,0.0,True,<start>,0,0,False,False,0,0,False,True
M1,107,0.004763877669628047,0.0,True,mid_data_txn,0,0,False,False,0,0,False,True
M1,108,0.0026717883153923234,0.0,True,after_extract,0,0,False,False,0,0,False,True
M1,109,0.0043949247783457625,0.0,True,after_data_commit,0,0,False,False,0,0,False,True
M1,110,0.0027901502958687053,0.0,True,mid_data_txn,0,0,False,False,0,0,False,True
M1,111,0.006135269655202388,0.005457,False,after_wm_commit,0,0,False,False,0,0,False,True
M1,112,0.0021044383898933647,0.0,True,mid_data_txn,0,0,False,False,0,0,False,True
M1,113,0.006165347765169492,0.004784,False,after_wm_commit,0,0,False,False,0,0,False,True
M1,114,0.0008146541797366473,0.0,True,<start>,0,0,False,False,0,0,False,True
M1,115,0.00416820681477871,0.0,True,after_data_commit,0,0,False,False,0,0,False,True
M1,116,0.000749055602965213,0.0,True,<start>,0,0,False,False,0,0,False,True
M1,117,0.0010879432451099819,0.0,True,<start>,0,0,False,False,0,0,False,True
M1,118,0.002156850188076889,0.0,True,after_data_commit,0,0,False,False,0,0,False,True
M1,119,0.004783294962465941,0.0,True,after_data_commit,0,0,False,False,0,0,False,True
M1,120,0.005300746144509616,0.0,True,mid_data_txn,0,0,False,False,0,0,False,True
M1,121,0.00537979048049449,0.0,True,after_data_commit,0,0,False,False,0,0,False,True
M1,122,0.0008858281810303076,0.0,True,<start>,0,0,False,False,0,0,False,True
M1,123,0.004675654453631571,0.005816,False,after_wm_commit,0,0,False,False,0,0,False,True
M1,124,0.005901243992031472,0.005357,False,after_wm_commit,0,0,False,False,0,0,False,True
M1,125,0.0036240969027419158,0.0,True,after_data_commit,0,0,False,False,0,0,False,True
M1,126,0.003835181007352181,0.0,True,after_data_commit,0,0,False,False,0,0,False,True
M1,127,0.0038751411005252235,0.0,True,mid_data_txn,0,0,False,False,0,0,False,True
M1,128,0.0023393420912312646,0.0,True,after_extract,0,0,False,False,0,0,False,True
M1,129,0.005785798086384515,0.005055,False,after_wm_commit,0,0,False,False,0,0,False,True
M1,130,0.0019250160941489752,0.0,True,mid_data_txn,0,0,False,False,0,0,False,True
M1,131,0.001140218566238711,0.0,True,after_extract,0,0,False,False,0,0,False,True
M1,132,0.003082231677386221,0.0,True,after_extract,0,0,False,False,0,0,False,True
M1,133,0.004093246484865367,0.0,True,after_data_commit,0,0,False,False,0,0,False,True
M1,134,0.0006155606345699614,0.0,True,<start>,0,0,False,False,0,0,False,True
M1,135,0.0007028765886719741,0.0,True,<start>,0,0,False,False,0,0,False,True
M1,136,0.0034858644523767775,0.0,True,mid_data_txn,0,0,False,False,0,0,False,True
M1,137,0.0030188181150377544,0.0,True,mid_data_txn,0,0,False,False,0,0,False,True
M1,138,0.0004112400440339818,0.0,True,<start>,0,0,False,False,0,0,False,True
M1,139,0.0011809154499269419,0.0,True,<start>,0,0,False,False,0,0,False,True
M1,140,0.003813565004723504,0.0,True,mid_data_txn,0,0,False,False,0,0,False,True
M1,141,0.0014209256444284166,0.0,True,mid_data_txn,0,0,False,False,0,0,False,True
M1,142,0.0015272403755319463,0.0,True,<start>,0,0,False,False,0,0,False,True
M1,143,0.0025793604645949135,0.0,True,mid_data_txn,0,0,False,False,0,0,False,True
M1,144,0.00228812306139217,0.0,True,mid_data_txn,0,0,False,False,0,0,False,True
M1,145,0.0007457649222660667,0.0,True,after_extract,0,0,False,False,0,0,False,True
M1,146,0.004220377291633479,0.0,True,mid_data_txn,0,0,False,False,0,0,False,True
M1,147,0.0022888736044860704,0.0,True,after_extract,0,0,False,False,0,0,False,True
M1,148,0.0018501887480943144,0.0,True,after_extract,0,0,False,False,0,0,False,True
M1,149,0.0031421391640445158,0.0,True,mid_data_txn,0,0,False,False,0,0,False,True
M1,150,0.003012171037865174,0.0,True,mid_data_txn,0,0,False,False,0,0,False,True
M1,151,0.0062575037339319085,0.005043,False,after_wm_commit,0,0,False,False,0,0,False,True
M1,152,0.0012918753325614138,0.0,True,after_extract,0,0,False,False,0,0,False,True
M1,153,0.0001636078074828881,0.0,True,<start>,0,0,False,False,0,0,False,True
M1,154,0.0024139816529999453,0.0,True,mid_data_txn,0,0,False,False,0,0,False,True
M1,155,0.004210107921607417,0.0,True,after_data_commit,0,0,False,False,0,0,False,True
M1,156,3.480911674826289e-05,0.0,True,<start>,0,0,False,False,0,0,False,True
M1,157,0.003191851942506368,0.00492,False,after_wm_commit,0,0,False,False,0,0,False,True
M1,158,0.00022166079156890755,0.0,True,<start>,0,0,False,False,0,0,False,True
M1,159,0.002061222140146262,0.0,True,mid_data_txn,0,0,False,False,0,0,False,True
M1,160,0.005407703580826249,0.004549,False,after_wm_commit,0,0,False,False,0,0,False,True
M1,161,0.002172495658724244,0.0,True,after_extract,0,0,False,False,0,0,False,True
M1,162,0.005866807913974439,0.0,True,mid_data_txn,0,0,False,False,0,0,False,True
M1,163,0.0013948698364868487,0.0,True,after_extract,0,0,False,False,0,0,False,True
M1,164,0.0009471546046539836,0.0,True,<start>,0,0,False,False,0,0,False,True
M1,165,0.0037406055806245135,0.0,True,after_data_commit,0,0,False,False,0,0,False,True
M1,166,0.00010405000248165683,0.0,True,<start>,0,0,False,False,0,0,False,True
M1,167,0.0017598199587502536,0.0,True,after_data_commit,0,0,False,False,0,0,False,True
M1,168,0.004220301449508964,0.0,True,mid_data_txn,0,0,False,False,0,0,False,True
M1,169,0.002892466999590729,0.0,True,mid_data_txn,0,0,False,False,0,0,False,True
M1,170,0.0030411501630023844,0.0,True,after_data_commit,0,0,False,False,0,0,False,True
M1,171,0.001460601502267197,0.0,True,after_extract,0,0,False,False,0,0,False,True
M1,172,0.003123016207343666,0.0,True,mid_data_txn,0,0,False,False,0,0,False,True
M1,173,0.006301892962155047,0.0,True,mid_data_txn,0,0,False,False,0,0,False,True
M1,174,0.005421852890123725,0.0,True,after_data_commit,0,0,False,False,0,0,False,True
M1,175,0.000757143754104069,0.0,True,<start>,0,0,False,False,0,0,False,True
M1,176,0.005150524766923797,0.0,True,mid_data_txn,0,0,False,False,0,0,False,True
M1,177,0.0024762566308064574,0.0,True,mid_data_txn,0,0,False,False,0,0,False,True
M1,178,0.0020659027154000115,0.0,True,mid_data_txn,0,0,False,False,0,0,False,True
M1,179,0.002558203263954314,0.0,True,mid_data_txn,0,0,False,False,0,0,False,True
M1,180,0.003054905923437106,0.0,True,mid_data_txn,0,0,False,False,0,0,False,True
M1,181,0.0005942385394959711,0.0,True,<start>,0,0,False,False,0,0,False,True
M1,182,0.0010708262190485865,0.0,True,<start>,0,0,False,False,0,0,False,True
M1,183,0.0012524910122653108,0.0,True,after_extract,0,0,False,False,0,0,False,True
M1,184,0.00589146659687034,0.005152,False,after_wm_commit,0,0,False,False,0,0,False,True
M1,185,0.00027211602130272286,0.0,True,<start>,0,0,False,False,0,0,False,True
M1,186,0.0012138127231584635,0.0,True,after_extract,0,0,False,False,0,0,False,True
M1,187,0.005434932661901488,0.004451,False,after_wm_commit,0,0,False,False,0,0,False,True
M1,188,0.00396397896030847,0.0,True,mid_data_txn,0,0,False,False,0,0,False,True
M1,189,0.00047886288705670867,0.0,True,<start>,0,0,False,False,0,0,False,True
M1,190,0.0044124950246680564,0.0,True,after_data_commit,0,0,False,False,0,0,False,True
M1,191,0.002602504414471566,0.0,True,mid_data_txn,0,0,False,False,0,0,False,True
M1,192,0.0028230661847866295,0.0,True,after_data_commit,0,0,False,False,0,0,False,True
M1,193,0.0022646064324586836,0.0,True,mid_data_txn,0,0,False,False,0,0,False,True
M1,194,0.004525464539202662,0.0,True,after_data_commit,0,0,False,False,0,0,False,True
M1,195,0.0016605893051312008,0.0,True,after_extract,0,0,False,False,0,0,False,True
M1,196,0.0019888424716241835,0.0,True,after_extract,0,0,False,False,0,0,False,True
M1,197,0.003132857802458809,0.0,True,mid_data_txn,0,0,False,False,0,0,False,True
M1,198,0.002808604652137225,0.0,True,mid_data_txn,0,0,False,False,0,0,False,True
M1,199,0.005343409776012649,0.0,True,mid_data_txn,0,0,False,False,0,0,False,True
M2,0,0.00022339828240203525,0.0,True,<start>,0,0,False,False,0,0,False,True
M2,1,0.0003269377438344832,0.0,True,<start>,0,0,False,False,0,0,False,True
M2,2,0.0032204415224039245,0.0,True,mid_txn,0,0,False,False,0,0,False,True
M2,3,0.004672583499109399,0.004545,False,after_commit,0,0,False,False,0,0,False,True
M2,4,0.004498849986228016,0.004378,False,after_commit,0,0,False,False,0,0,False,True
M2,5,0.0006985927327538488,0.0,True,<start>,0,0,False,False,0,0,False,True
M2,6,0.004556091907898936,0.0,True,mid_txn,0,0,False,False,0,0,False,True
M2,7,0.002778912564407294,0.0,True,<start>,0,0,False,False,0,0,False,True
M2,8,0.0007765654664935294,0.0,True,<start>,0,0,False,False,0,0,False,True
M2,9,0.003296030661141651,0.0,True,after_extract,0,0,False,False,0,0,False,True
M2,10,0.003039798291514538,0.0,True,mid_txn,0,0,False,False,0,0,False,True
M2,11,0.0033723662749213248,0.0,True,mid_txn,0,0,False,False,0,0,False,True
M2,12,0.0036906126994872787,0.003685,False,after_commit,0,0,False,False,0,0,False,True
M2,13,0.00385153803680178,0.003699,False,after_commit,0,0,False,False,0,0,False,True
M2,14,0.002750683074149876,0.0,True,mid_txn,0,0,False,False,0,0,False,True
M2,15,0.0014599174826088453,0.0,True,after_extract,0,0,False,False,0,0,False,True
M2,16,0.0032696940988987608,0.0,True,mid_txn,0,0,False,False,0,0,False,True
M2,17,0.0032774534331941677,0.0,True,mid_txn,0,0,False,False,0,0,False,True
M2,18,0.00015572230046780286,0.0,True,<start>,0,0,False,False,0,0,False,True
M2,19,0.0029359537342459516,0.0,True,mid_txn,0,0,False,False,0,0,False,True
M2,20,0.0020077255976797192,0.0,True,after_extract,0,0,False,False,0,0,False,True
M2,21,0.00041776098822919345,0.0,True,<start>,0,0,False,False,0,0,False,True
M2,22,0.002924203200757291,0.0,True,mid_txn,0,0,False,False,0,0,False,True
M2,23,0.004452673504009781,0.004599,False,after_commit,0,0,False,False,0,0,False,True
M2,24,0.004421475267804417,0.0,True,mid_txn,0,0,False,False,0,0,False,True
M2,25,0.0034694092196313107,0.0,True,mid_txn,0,0,False,False,0,0,False,True
M2,26,0.0040387865536489955,0.003628,False,after_commit,0,0,False,False,0,0,False,True
M2,27,0.0022763783946411907,0.0,True,mid_txn,0,0,False,False,0,0,False,True
M2,28,0.0006624475495984326,0.0,True,<start>,0,0,False,False,0,0,False,True
M2,29,0.001631131528145054,0.0,True,after_extract,0,0,False,False,0,0,False,True
M2,30,0.001340382408995836,0.0,True,after_extract,0,0,False,False,0,0,False,True
M2,31,0.004566243487097088,0.0,True,mid_txn,0,0,False,False,0,0,False,True
M2,32,0.00030747361229205896,0.0,True,<start>,0,0,False,False,0,0,False,True
M2,33,0.004390185844189533,0.0,True,mid_txn,0,0,False,False,0,0,False,True
M2,34,0.0009728310225360635,0.0,True,<start>,0,0,False,False,0,0,False,True
M2,35,0.003212203615841137,0.0,True,mid_txn,0,0,False,False,0,0,False,True
M2,36,0.002583646564708143,0.0,True,mid_txn,0,0,False,False,0,0,False,True
M2,37,0.0044953874966579726,0.0,True,mid_txn,0,0,False,False,0,0,False,True
M2,38,0.0025402907283482686,0.0,True,mid_txn,0,0,False,False,0,0,False,True
M2,39,0.004214766841340932,0.003606,False,after_commit,0,0,False,False,0,0,False,True
M2,40,0.00313857591933425,0.0,True,mid_txn,0,0,False,False,0,0,False,True
M2,41,0.002928917856032366,0.0,True,mid_txn,0,0,False,False,0,0,False,True
M2,42,0.004577665664410451,0.003896,False,after_commit,0,0,False,False,0,0,False,True
M2,43,0.000982068777015433,0.0,True,<start>,0,0,False,False,0,0,False,True
M2,44,0.0031929892337574993,0.0,True,mid_txn,0,0,False,False,0,0,False,True
M2,45,0.0004323501408370087,0.0,True,<start>,0,0,False,False,0,0,False,True
M2,46,0.0042105326543073595,0.00396,False,after_commit,0,0,False,False,0,0,False,True
M2,47,0.0013913192729888134,0.0,True,<start>,0,0,False,False,0,0,False,True
M2,48,0.00048489546424843304,0.0,True,<start>,0,0,False,False,0,0,False,True
M2,49,0.004424908677235261,0.003969,False,after_commit,0,0,False,False,0,0,False,True
M2,50,0.004174828834186657,0.0,True,mid_txn,0,0,False,False,0,0,False,True
M2,51,0.0045876578740229575,0.003979,False,after_commit,0,0,False,False,0,0,False,True
M2,52,0.0008168633115001492,0.0,True,<start>,0,0,False,False,0,0,False,True
M2,53,0.0020917408540626235,0.0,True,<start>,0,0,False,False,0,0,False,True
M2,54,0.002232667973683056,0.003935,False,after_commit,0,0,False,False,0,0,False,True
M2,55,0.004161839097530808,0.003515,False,after_commit,0,0,False,False,0,0,False,True
M2,56,0.0012621775030931576,0.0,True,<start>,0,0,False,False,0,0,False,True
M2,57,0.0023021290309713787,0.0,True,mid_txn,0,0,False,False,0,0,False,True
M2,58,0.0003628554978213524,0.0,True,<start>,0,0,False,False,0,0,False,True
M2,59,0.002925508225300175,0.0,True,mid_txn,0,0,False,False,0,0,False,True
M2,60,0.004561193326543826,0.0,True,mid_txn,0,0,False,False,0,0,False,True
M2,61,0.002620748886687515,0.0,True,mid_txn,0,0,False,False,0,0,False,True
M2,62,0.003441375526363082,0.0,True,mid_txn,0,0,False,False,0,0,False,True
M2,63,0.0029610243442340163,0.0,True,mid_txn,0,0,False,False,0,0,False,True
M2,64,0.004668751690939723,0.004037,False,after_commit,0,0,False,False,0,0,False,True
M2,65,0.0036121249776753547,0.0,True,mid_txn,0,0,False,False,0,0,False,True
M2,66,0.0028080839001909724,0.0,True,mid_txn,0,0,False,False,0,0,False,True
M2,67,0.0031581186095822706,0.0,True,mid_txn,0,0,False,False,0,0,False,True
M2,68,0.003886678513830074,0.0,True,mid_txn,0,0,False,False,0,0,False,True
M2,69,0.00012501371356088404,0.0,True,<start>,0,0,False,False,0,0,False,True
M2,70,0.004847370867347438,0.0035,False,after_commit,0,0,False,False,0,0,False,True
M2,71,0.004728304709962953,0.0,True,mid_txn,0,0,False,False,0,0,False,True
M2,72,0.003623313011711199,0.0,True,mid_txn,0,0,False,False,0,0,False,True
M2,73,0.0025592518168017883,0.0,True,mid_txn,0,0,False,False,0,0,False,True
M2,74,0.0014607277478066838,0.0,True,after_extract,0,0,False,False,0,0,False,True
M2,75,0.003192655882552371,0.0,True,mid_txn,0,0,False,False,0,0,False,True
M2,76,0.004817599013774411,0.003146,False,after_commit,0,0,False,False,0,0,False,True
M2,77,0.0004052134228032062,0.0,True,<start>,0,0,False,False,0,0,False,True
M2,78,0.0032535773957333316,0.0,True,mid_txn,0,0,False,False,0,0,False,True
M2,79,0.0017754524832265112,0.0,True,after_extract,0,0,False,False,0,0,False,True
M2,80,0.0027795368318207256,0.0,True,after_extract,0,0,False,False,0,0,False,True
M2,81,0.00296418502957588,0.0,True,mid_txn,0,0,False,False,0,0,False,True
M2,82,0.0007253420759814363,0.0,True,<start>,0,0,False,False,0,0,False,True
M2,83,0.0025322647875843742,0.003687,False,after_commit,0,0,False,False,0,0,False,True
M2,84,0.0013532809930153265,0.0,True,after_extract,0,0,False,False,0,0,False,True
M2,85,0.0018963822873260985,0.0,True,<start>,0,0,False,False,0,0,False,True
M2,86,0.00242851417659939,0.0,True,mid_txn,0,0,False,False,0,0,False,True
M2,87,0.0024956236298369,0.0,True,after_extract,0,0,False,False,0,0,False,True
M2,88,0.0030232334965868426,0.0,True,mid_txn,0,0,False,False,0,0,False,True
M2,89,0.0036209279575975567,0.0,True,mid_txn,0,0,False,False,0,0,False,True
M2,90,0.0023152964659024933,0.0,True,mid_txn,0,0,False,False,0,0,False,True
M2,91,0.004460969272198873,0.0,True,mid_txn,0,0,False,False,0,0,False,True
M2,92,0.0007864172210234923,0.0,True,<start>,0,0,False,False,0,0,False,True
M2,93,0.00435459358854128,0.003623,False,after_commit,0,0,False,False,0,0,False,True
M2,94,0.0032864980166805364,0.0,True,mid_txn,0,0,False,False,0,0,False,True
M2,95,0.003084178136612329,0.0,True,mid_txn,0,0,False,False,0,0,False,True
M2,96,0.0017983316907890126,0.0,True,after_extract,0,0,False,False,0,0,False,True
M2,97,0.003680362510920695,0.0,True,mid_txn,0,0,False,False,0,0,False,True
M2,98,0.0025224554298012435,0.0,True,mid_txn,0,0,False,False,0,0,False,True
M2,99,0.0020850779804083416,0.0,True,mid_txn,0,0,False,False,0,0,False,True
M2,100,0.0005266673870880751,0.0,True,<start>,0,0,False,False,0,0,False,True
M2,101,0.00282257827548065,0.0,True,mid_txn,0,0,False,False,0,0,False,True
M2,102,0.00184513471357198,0.0,True,<start>,0,0,False,False,0,0,False,True
M2,103,0.0010190485391081078,0.0,True,<start>,0,0,False,False,0,0,False,True
M2,104,0.0024970762065904192,0.0,True,mid_txn,0,0,False,False,0,0,False,True
M2,105,0.003390345766467697,0.0,True,mid_txn,0,0,False,False,0,0,False,True
M2,106,0.003297707681044377,0.0,True,after_extract,0,0,False,False,0,0,False,True
M2,107,0.0034993000632429394,0.0,True,mid_txn,0,0,False,False,0,0,False,True
M2,108,0.0021100797442556597,0.0,True,after_commit,0,0,False,False,0,0,False,True
M2,109,0.0005958245396356501,0.0,True,<start>,0,0,False,False,0,0,False,True
M2,110,0.0007907929969670002,0.0,True,<start>,0,0,False,False,0,0,False,True
M2,111,0.0021017068636295672,0.0,True,after_extract,0,0,False,False,0,0,False,True
M2,112,0.0005361183241980237,0.0,True,<start>,0,0,False,False,0,0,False,True
M2,113,0.0013798325713075344,0.0,True,<start>,0,0,False,False,0,0,False,True
M2,114,0.0003109873144148391,0.0,True,<start>,0,0,False,False,0,0,False,True
M2,115,0.002171507321139618,0.0,True,after_extract,0,0,False,False,0,0,False,True
M2,116,0.0009494048819150335,0.0,True,<start>,0,0,False,False,0,0,False,True
M2,117,0.004044124422410635,0.0,True,mid_txn,0,0,False,False,0,0,False,True
M2,118,0.0013480702385266416,0.0,True,after_extract,0,0,False,False,0,0,False,True
M2,119,0.0036606564536240155,0.0,True,mid_txn,0,0,False,False,0,0,False,True
M2,120,0.0026345596864298004,0.0,True,mid_txn,0,0,False,False,0,0,False,True
M2,121,0.0014859873321734223,0.0,True,after_extract,0,0,False,False,0,0,False,True
M2,122,0.004909239042947059,0.004221,False,after_commit,0,0,False,False,0,0,False,True
M2,123,0.0011381315478112741,0.0,True,<start>,0,0,False,False,0,0,False,True
M2,124,0.001038932322612294,0.0,True,<start>,0,0,False,False,0,0,False,True
M2,125,0.001876578955919486,0.0,True,after_extract,0,0,False,False,0,0,False,True
M2,126,0.001210013212783961,0.0,True,after_extract,0,0,False,False,0,0,False,True
M2,127,0.0028498520171606548,0.0,True,mid_txn,0,0,False,False,0,0,False,True
M2,128,0.0016129249606240785,0.0,True,mid_txn,0,0,False,False,0,0,False,True
M2,129,0.0007872904822994458,0.0,True,<start>,0,0,False,False,0,0,False,True
M2,130,0.0020582331098120106,0.0,True,mid_txn,0,0,False,False,0,0,False,True
M2,131,0.0032971965234043,0.0,True,mid_txn,0,0,False,False,0,0,False,True
M2,132,0.0021934771689544733,0.0,True,after_extract,0,0,False,False,0,0,False,True
M2,133,0.0032962247650761434,0.0,True,mid_txn,0,0,False,False,0,0,False,True
M2,134,0.000492917096971574,0.0,True,<start>,0,0,False,False,0,0,False,True
M2,135,0.001243710153772805,0.0,True,after_extract,0,0,False,False,0,0,False,True
M2,136,0.0013490927187334138,0.0,True,after_extract,0,0,False,False,0,0,False,True
M2,137,0.004005530945773097,0.0,True,mid_txn,0,0,False,False,0,0,False,True
M2,138,0.0025278010187847304,0.0,True,mid_txn,0,0,False,False,0,0,False,True
M2,139,0.00039740766519883917,0.0,True,after_extract,0,0,False,False,0,0,False,True
M2,140,0.004313582315651256,0.0,True,mid_txn,0,0,False,False,0,0,False,True
M2,141,0.0004227587357107954,0.0,True,<start>,0,0,False,False,0,0,False,True
M2,142,0.0028743869173488454,0.0,True,mid_txn,0,0,False,False,0,0,False,True
M2,143,0.003836053134518031,0.0,True,mid_txn,0,0,False,False,0,0,False,True
M2,144,0.004112728444879196,0.0,True,mid_txn,0,0,False,False,0,0,False,True
M2,145,0.003667311903294607,0.003486,False,after_commit,0,0,False,False,0,0,False,True
M2,146,0.00047223139849686467,0.0,True,<start>,0,0,False,False,0,0,False,True
M2,147,0.004548827461167828,0.0,True,after_extract,0,0,False,False,0,0,False,True
M2,148,0.004999713349666947,0.003808,False,after_commit,0,0,False,False,0,0,False,True
M2,149,0.0010467354083581691,0.0,True,<start>,0,0,False,False,0,0,False,True
M2,150,0.0009481788898933098,0.0,True,<start>,0,0,False,False,0,0,False,True
M2,151,0.0043845806418245335,0.004364,False,after_commit,0,0,False,False,0,0,False,True
M2,152,0.0017886865114988945,0.0,True,after_extract,0,0,False,False,0,0,False,True
M2,153,0.0011789051062376737,0.0,True,<start>,0,0,False,False,0,0,False,True
M2,154,0.002142893094360452,0.0,True,<start>,0,0,False,False,0,0,False,True
M2,155,0.0010837895865271994,0.0,True,after_extract,0,0,False,False,0,0,False,True
M2,156,0.0016857474300780435,0.0,True,<start>,0,0,False,False,0,0,False,True
M2,157,0.004304944147393172,0.0,True,mid_txn,0,0,False,False,0,0,False,True
M2,158,0.0023879114912635836,0.0,True,mid_txn,0,0,False,False,0,0,False,True
M2,159,0.0023639040634808343,0.0,True,mid_txn,0,0,False,False,0,0,False,True
M2,160,0.004603187836768847,0.003862,False,after_commit,0,0,False,False,0,0,False,True
M2,161,0.001144973941672289,0.0,True,<start>,0,0,False,False,0,0,False,True
M2,162,0.0029580245425957553,0.004076,False,after_commit,0,0,False,False,0,0,False,True
M2,163,0.00015354026735907962,0.0,True,<start>,0,0,False,False,0,0,False,True
M2,164,3.6490820429429625e-05,0.0,True,<start>,0,0,False,False,0,0,False,True
M2,165,0.004002438702176624,0.0,True,mid_txn,0,0,False,False,0,0,False,True
M2,166,0.0018206791547034104,0.0,True,after_extract,0,0,False,False,0,0,False,True
M2,167,0.0011988001289520516,0.0,True,<start>,0,0,False,False,0,0,False,True
M2,168,0.0040494667768687835,0.004168,False,after_commit,0,0,False,False,0,0,False,True
M2,169,0.0031121572453682877,0.0,True,mid_txn,0,0,False,False,0,0,False,True
M2,170,0.004001218312298662,0.0,True,after_commit,0,0,False,False,0,0,False,True
M2,171,0.0009860078957133055,0.0,True,<start>,0,0,False,False,0,0,False,True
M2,172,0.0008406219136444398,0.0,True,<start>,0,0,False,False,0,0,False,True
M2,173,0.0046377256761500115,0.004014,False,after_commit,0,0,False,False,0,0,False,True
M2,174,0.0005271586913616921,0.0,True,<start>,0,0,False,False,0,0,False,True
M2,175,0.003750630995641139,0.0,True,mid_txn,0,0,False,False,0,0,False,True
M2,176,0.0002741617775734253,0.0,True,<start>,0,0,False,False,0,0,False,True
M2,177,0.0036839503142939876,0.0,True,mid_txn,0,0,False,False,0,0,False,True
M2,178,0.0002883846723293293,0.0,True,<start>,0,0,False,False,0,0,False,True
M2,179,5.9016350513530404e-05,0.0,True,<start>,0,0,False,False,0,0,False,True
M2,180,0.004433500713058352,0.003873,False,after_commit,0,0,False,False,0,0,False,True
M2,181,0.004094145178003068,0.003766,False,after_commit,0,0,False,False,0,0,False,True
M2,182,0.0032080695996424915,0.0036,False,after_commit,0,0,False,False,0,0,False,True
M2,183,0.0048457386302408435,0.003822,False,after_commit,0,0,False,False,0,0,False,True
M2,184,0.00022803604263065886,0.0,True,<start>,0,0,False,False,0,0,False,True
M2,185,0.0011484187699799468,0.0,True,after_extract,0,0,False,False,0,0,False,True
M2,186,0.0028812977448665366,0.0,True,mid_txn,0,0,False,False,0,0,False,True
M2,187,0.002609343364680224,0.0,True,mid_txn,0,0,False,False,0,0,False,True
M2,188,0.0037912806080364738,0.00377,False,after_commit,0,0,False,False,0,0,False,True
M2,189,0.0013585328369434598,0.003515,False,after_commit,0,0,False,False,0,0,False,True
M2,190,0.0024625049696779945,0.004127,False,after_commit,0,0,False,False,0,0,False,True
M2,191,0.00017490166155502735,0.0,True,<start>,0,0,False,False,0,0,False,True
M2,192,0.002713277630337478,0.0,True,mid_txn,0,0,False,False,0,0,False,True
M2,193,0.00264509815488803,0.0,True,mid_txn,0,0,False,False,0,0,False,True
M2,194,0.003336657590132057,0.0,True,after_extract,0,0,False,False,0,0,False,True
M2,195,0.0034878792887696585,0.0,True,mid_txn,0,0,False,False,0,0,False,True
M2,196,0.0017405739714798946,0.0,True,after_extract,0,0,False,False,0,0,False,True
M2,197,0.004446869497975159,0.003154,False,after_commit,0,0,False,False,0,0,False,True
M2,198,0.00029346351543486806,0.0,True,<start>,0,0,False,False,0,0,False,True
M2,199,0.002467821223902523,0.0,True,mid_txn,0,0,False,False,0,0,False,True
P1,0,0.005229691778155664,0.0,True,after_delete_commit,0,0,False,False,0,54,False,True
P1,1,0.0009487537777201892,0.0,True,<start>,0,0,False,False,0,0,False,True
P1,2,0.0022110785186591543,0.0,True,<start>,0,0,False,False,0,0,False,True
P1,3,0.007300916695028115,0.0,True,after_insert_commit,0,0,False,False,0,0,False,True
P1,4,0.0033367814128499244,0.0,True,after_extract,0,0,False,False,0,0,False,True
P1,5,0.008020161780062823,0.0,True,after_insert_commit,0,0,False,False,0,0,False,True
P1,6,0.006265784835148689,0.0,True,mid_insert_txn,0,0,False,False,0,65,False,True
P1,7,0.002159506251778658,0.0,True,<start>,0,0,False,False,0,0,False,True
P1,8,0.0015976103845546335,0.0,True,<start>,0,0,False,False,0,0,False,True
P1,9,0.00666473330922678,0.0,True,after_insert_commit,0,0,False,False,0,0,False,True
P1,10,0.0070358563196317074,0.0,True,after_insert_commit,0,0,False,False,0,0,False,True
P1,11,0.0013813830691799423,0.0,True,<start>,0,0,False,False,0,0,False,True
P1,12,0.004989914401580176,0.0,True,after_extract,0,0,False,False,0,0,False,True
P1,13,0.005793370869000115,0.0,True,after_insert_commit,0,0,False,False,0,0,False,True
P1,14,0.0041069541197379985,0.0,True,after_delete_commit,0,0,False,False,0,70,False,True
P1,15,0.0011845622677246531,0.0,True,<start>,0,0,False,False,0,0,False,True
P1,16,0.003201109096801746,0.0,True,<start>,0,0,False,False,0,0,False,True
P1,17,0.004465998476910947,0.0,True,after_delete_commit,0,0,False,False,0,44,False,True
P1,18,0.005530127257817163,0.0,True,mid_insert_txn,0,0,False,False,0,70,False,True
P1,19,0.00759772578456663,0.0,True,after_delete_commit,0,0,False,False,0,59,False,True
P1,20,0.005964033153687458,0.0,True,after_extract,0,0,False,False,0,0,False,True
P1,21,0.002284544703608925,0.0,True,after_extract,0,0,False,False,0,0,False,True
P1,22,0.0011481222557431976,0.0,True,<start>,0,0,False,False,0,0,False,True
P1,23,0.001844157712183078,0.0,True,after_delete_commit,0,0,False,False,0,65,False,True
P1,24,0.0010942996120975803,0.0,True,<start>,0,0,False,False,0,0,False,True
P1,25,0.004263409351642052,0.0,True,after_delete_commit,0,0,False,False,0,65,False,True
P1,26,0.005507853677655467,0.0,True,mid_insert_txn,0,0,False,False,0,73,False,True
P1,27,0.008178791239696665,0.0,True,mid_insert_txn,0,0,False,False,0,48,False,True
P1,28,0.005628868840517204,0.0,True,mid_insert_txn,0,0,False,False,0,64,False,True
P1,29,0.0005039037576996547,0.0,True,<start>,0,0,False,False,0,0,False,True
P1,30,0.006733183394767661,0.0,True,after_insert_commit,0,0,False,False,0,0,False,True
P1,31,0.0006144732857497825,0.0,True,<start>,0,0,False,False,0,0,False,True
P1,32,0.007284081149901138,0.0,True,after_insert_commit,0,0,False,False,0,0,False,True
P1,33,0.00270027766043702,0.0,True,after_extract,0,0,False,False,0,0,False,True
P1,34,0.003960617989619424,0.0,True,after_insert_commit,0,0,False,False,0,0,False,True
P1,35,0.0002816317721185635,0.0,True,after_extract,0,0,False,False,0,0,False,True
P1,36,0.0012522011958028944,0.0,True,<start>,0,0,False,False,0,0,False,True
P1,37,0.00023730045197453188,0.0,True,<start>,0,0,False,False,0,0,False,True
P1,38,0.004658623309965356,0.0,True,mid_insert_txn,0,0,False,False,0,45,False,True
P1,39,0.005599657075022232,0.0,True,mid_insert_txn,0,0,False,False,0,68,False,True
P1,40,0.0051297865633264704,0.0,True,mid_insert_txn,0,0,False,False,0,63,False,True
P1,41,0.0033324291071267407,0.0,True,after_extract,0,0,False,False,0,0,False,True
P1,42,0.005018862276222772,0.0,True,mid_insert_txn,0,0,False,False,0,79,False,True
P1,43,0.00476763658684386,0.0,True,after_extract,0,0,False,False,0,0,False,True
P1,44,0.002922867272427199,0.0,True,after_extract,0,0,False,False,0,0,False,True
P1,45,0.005165057175315436,0.0,True,mid_insert_txn,0,0,False,False,0,54,False,True
P1,46,0.00859116913381138,0.007045,False,after_wm_commit,0,0,False,False,0,0,False,True
P1,47,0.004528828761064116,0.0,True,after_delete_commit,0,0,False,False,0,62,False,True
P1,48,0.004271452502402428,0.0,True,after_extract,0,0,False,False,0,78,False,True
P1,49,0.0006127596246700823,0.0,True,<start>,0,0,False,False,0,0,False,True
P1,50,0.007642620684185083,0.0,True,after_insert_commit,0,0,False,False,0,0,False,True
P1,51,0.0032579123074679022,0.0,True,after_extract,0,0,False,False,0,0,False,True
P1,52,0.004634104847323481,0.0,True,after_delete_commit,0,0,False,False,0,60,False,True
P1,53,0.005214614711743887,0.0,True,after_extract,0,0,False,False,0,0,False,True
P1,54,0.0006700681246236002,0.0,True,<start>,0,0,False,False,0,0,False,True
P1,55,0.007805595399367022,0.0,True,after_insert_commit,0,0,False,False,0,0,False,True
P1,56,0.005017653139369663,0.0,True,after_delete_commit,0,0,False,False,0,59,False,True
P1,57,0.005174039913773238,0.0,True,after_delete_commit,0,0,False,False,0,63,False,True
P1,58,0.003360230757755737,0.0,True,after_extract,0,0,False,False,0,0,False,True
P1,59,0.0034993665026099843,0.0,True,after_extract,0,0,False,False,0,0,False,True
P1,60,0.00633832844449652,0.0,True,after_extract,0,0,False,False,0,0,False,True
P1,61,0.00036336366249367115,0.0,True,<start>,0,0,False,False,0,0,False,True
P1,62,0.007221531493348018,0.0,True,after_insert_commit,0,0,False,False,0,0,False,True
P1,63,0.0009835529181709043,0.0,True,<start>,0,0,False,False,0,0,False,True
P1,64,0.005814107799196945,0.0,True,after_insert_commit,0,0,False,False,0,0,False,True
P1,65,0.007948657447453402,0.0,True,after_insert_commit,0,0,False,False,0,0,False,True
P1,66,0.004172327109151037,0.0,True,after_extract,0,0,False,False,0,0,False,True
P1,67,0.00019882587218476684,0.0,True,<start>,0,0,False,False,0,0,False,True
P1,68,0.008711808282588107,0.0,True,after_wm_commit,0,0,False,False,0,0,False,True
P1,69,0.008897311035898112,0.007394,False,after_wm_commit,0,0,False,False,0,0,False,True
P1,70,0.004682777863381007,0.0,True,mid_insert_txn,0,0,False,False,0,59,False,True
P1,71,0.008629327917719977,0.008101,False,after_wm_commit,0,0,False,False,0,0,False,True
P1,72,0.005301995330340891,0.0,True,mid_insert_txn,0,0,False,False,0,55,False,True
P1,73,0.0061190624301189454,0.0,True,after_insert_commit,0,0,False,False,0,0,False,True
P1,74,0.004330750981553891,0.0,True,<start>,0,0,False,False,0,0,False,True
P1,75,0.005274595619868576,0.0,True,after_delete_commit,0,0,False,False,0,64,False,True
P1,76,0.005518946835116557,0.0,True,after_extract,0,0,False,False,0,52,False,True
P1,77,0.003889060195262565,0.0,True,after_extract,0,0,False,False,0,0,False,True
P1,78,0.0025637001620468156,0.0,True,after_extract,0,0,False,False,0,0,False,True
P1,79,0.0010682442224219447,0.0,True,<start>,0,0,False,False,0,0,False,True
P1,80,0.007127998102661123,0.0,True,after_extract,0,0,False,False,0,0,False,True
P1,81,0.0009996216946210697,0.0,True,<start>,0,0,False,False,0,0,False,True
P1,82,0.0013729625685797088,0.0,True,<start>,0,0,False,False,0,0,False,True
P1,83,0.004696478799981873,0.0,True,mid_insert_txn,0,0,False,False,0,69,False,True
P1,84,0.00593901415872501,0.0,True,mid_insert_txn,0,0,False,False,0,69,False,True
P1,85,0.008821964920524984,0.007293,False,after_wm_commit,0,0,False,False,0,0,False,True
P1,86,0.003002877409234288,0.0,True,after_extract,0,0,False,False,0,0,False,True
P1,87,0.007903499205186631,0.0,True,mid_insert_txn,0,0,False,False,0,67,False,True
P1,88,0.0005832179368373584,0.0,True,<start>,0,0,False,False,0,0,False,True
P1,89,0.0074792672953161695,0.0,True,after_insert_commit,0,0,False,False,0,0,False,True
P1,90,0.008280355115253926,0.006759,False,after_wm_commit,0,0,False,False,0,0,False,True
P1,91,0.005381066754404144,0.0,True,mid_insert_txn,0,0,False,False,0,73,False,True
P1,92,0.0071236428023064855,0.0,True,mid_insert_txn,0,0,False,False,0,36,False,True
P1,93,0.0048779385922207786,0.0,True,after_delete_commit,0,0,False,False,0,79,False,True
P1,94,0.005879356811633585,0.0,True,after_extract,0,0,False,False,0,0,False,True
P1,95,0.004962834608397387,0.0,True,after_delete_commit,0,0,False,False,0,45,False,True
P1,96,0.0023628105667701954,0.0,True,after_extract,0,0,False,False,0,0,False,True
P1,97,0.0016092308950387318,0.0,True,<start>,0,0,False,False,0,0,False,True
P1,98,0.0007595832856625014,0.0,True,<start>,0,0,False,False,0,0,False,True
P1,99,0.008406591673569393,0.007761,False,after_wm_commit,0,0,False,False,0,0,False,True
P1,100,0.007963929340850426,0.0,True,after_insert_commit,0,0,False,False,0,0,False,True
P1,101,0.008753594687308687,0.007658,False,after_wm_commit,0,0,False,False,0,0,False,True
P1,102,0.003790588040766928,0.0,True,after_extract,0,0,False,False,0,50,False,True
P1,103,0.0012287625446960042,0.0,True,<start>,0,0,False,False,0,0,False,True
P1,104,0.006626936198922655,0.0,True,after_insert_commit,0,0,False,False,0,0,False,True
P1,105,0.0071249373051968075,0.008137,False,after_wm_commit,0,0,False,False,0,0,False,True
P1,106,0.00818995872216384,0.007864,False,after_wm_commit,0,0,False,False,0,0,False,True
P1,107,0.007061498356547739,0.0,True,mid_insert_txn,0,0,False,False,0,61,False,True
P1,108,0.008196271556773453,0.0,True,after_insert_commit,0,0,False,False,0,0,False,True
P1,109,0.0031095669111042457,0.0,True,after_extract,0,0,False,False,0,0,False,True
P1,110,0.0057652816237997095,0.0,True,after_insert_commit,0,0,False,False,0,0,False,True
P1,111,0.005574509884545635,0.0,True,mid_insert_txn,0,0,False,False,0,73,False,True
P1,112,0.004055848032265353,0.0,True,after_extract,0,0,False,False,0,0,False,True
P1,113,0.0048284733368346875,0.0,True,after_delete_commit,0,0,False,False,0,102,False,True
P1,114,0.0017761348393963612,0.0,True,<start>,0,0,False,False,0,0,False,True
P1,115,0.0059402540356315835,0.0,True,after_extract,0,0,False,False,0,0,False,True
P1,116,0.003866589980844875,0.0,True,after_extract,0,0,False,False,0,0,False,True
P1,117,0.004932150665275799,0.0,True,mid_insert_txn,0,0,False,False,0,72,False,True
P1,118,0.003383131851477421,0.0,True,after_extract,0,0,False,False,0,0,False,True
P1,119,0.003669148784016299,0.0,True,after_extract,0,0,False,False,0,0,False,True
P1,120,0.004332427185007226,0.0,True,after_delete_commit,0,0,False,False,0,71,False,True
P1,121,0.005951802725606578,0.0,True,after_insert_commit,0,0,False,False,0,0,False,True
P1,122,0.00524839509640166,0.0,True,mid_insert_txn,0,0,False,False,0,74,False,True
P1,123,0.0026264422461928926,0.0,True,after_extract,0,0,False,False,0,0,False,True
P1,124,0.007829096913192406,0.0,True,after_insert_commit,0,0,False,False,0,0,False,True
P1,125,0.001093461596170341,0.0,True,<start>,0,0,False,False,0,0,False,True
P1,126,0.0011964337623759618,0.0,True,<start>,0,0,False,False,0,0,False,True
P1,127,0.0027970740687015346,0.0,True,after_extract,0,0,False,False,0,0,False,True
P1,128,0.0017897777955968141,0.0,True,<start>,0,0,False,False,0,0,False,True
P1,129,0.00011178742227485872,0.0,True,<start>,0,0,False,False,0,0,False,True
P1,130,2.0218240684980547e-05,0.0,True,<start>,0,0,False,False,0,0,False,True
P1,131,0.002823620712762203,0.0,True,after_extract,0,0,False,False,0,0,False,True
P1,132,0.006818237231367265,0.0,True,after_insert_commit,0,0,False,False,0,0,False,True
P1,133,0.006500504916279883,0.0,True,mid_insert_txn,0,0,False,False,0,51,False,True
P1,134,0.0064633872414649315,0.0,True,after_insert_commit,0,0,False,False,0,0,False,True
P1,135,0.005189559870848507,0.0,True,mid_insert_txn,0,0,False,False,0,53,False,True
P1,136,0.004200992036970549,0.0,True,after_extract,0,0,False,False,0,0,False,True
P1,137,0.00587390205202237,0.0,True,after_extract,0,0,False,False,0,0,False,True
P1,138,0.006707730877189196,0.0,True,mid_insert_txn,0,0,False,False,0,64,False,True
P1,139,0.0039331772075593425,0.0,True,after_delete_commit,0,0,False,False,0,70,False,True
P1,140,0.004107422766545578,0.0,True,after_extract,0,0,False,False,0,73,False,True
P1,141,0.0008052944601843057,0.0,True,after_extract,0,0,False,False,0,0,False,True
P1,142,0.004381231023477981,0.0,True,after_delete_commit,0,0,False,False,0,59,False,True
P1,143,0.0028544236728941046,0.0,True,after_extract,0,0,False,False,0,0,False,True
P1,144,0.0006014498998970151,0.0,True,<start>,0,0,False,False,0,0,False,True
P1,145,0.006064095640923233,0.0,True,after_delete_commit,0,0,False,False,0,79,False,True
P1,146,0.0005530105982502678,0.0,True,<start>,0,0,False,False,0,0,False,True
P1,147,0.006507430917436323,0.0,True,after_insert_commit,0,0,False,False,0,0,False,True
P1,148,0.00029464903109630746,0.0,True,<start>,0,0,False,False,0,0,False,True
P1,149,0.008071279645295776,0.0,True,mid_insert_txn,0,0,False,False,0,53,False,True
P1,150,0.0045587769552362,0.0,True,after_delete_commit,0,0,False,False,0,62,False,True
P1,151,0.005226729271875219,0.0,True,mid_insert_txn,0,0,False,False,0,58,False,True
P1,152,0.005046686320718501,0.0,True,mid_insert_txn,0,0,False,False,0,74,False,True
P1,153,0.0073384104474491,0.0,True,mid_insert_txn,0,0,False,False,0,50,False,True
P1,154,0.007697468756220218,0.0,True,after_insert_commit,0,0,False,False,0,0,False,True
P1,155,0.0027961343737146313,0.0,True,after_extract,0,0,False,False,0,0,False,True
P1,156,0.0011612989576400639,0.0,True,<start>,0,0,False,False,0,0,False,True
P1,157,0.0005524584671529778,0.0,True,<start>,0,0,False,False,0,0,False,True
P1,158,0.0043192922901174975,0.0,True,after_extract,0,0,False,False,0,0,False,True
P1,159,0.002544347393522774,0.0,True,<start>,0,0,False,False,0,0,False,True
P1,160,0.0069667865435062756,0.0,True,after_insert_commit,0,0,False,False,0,0,False,True
P1,161,0.008839898094255992,0.007834,False,after_wm_commit,0,0,False,False,0,0,False,True
P1,162,0.0052916101461013085,0.0,True,after_delete_commit,0,0,False,False,0,78,False,True
P1,163,0.006726015012082708,0.0,True,after_delete_commit,0,0,False,False,0,67,False,True
P1,164,0.002615537427268499,0.0,True,<start>,0,0,False,False,0,0,False,True
P1,165,0.0003039493334300939,0.0,True,<start>,0,0,False,False,0,0,False,True
P1,166,0.004719780135448463,0.0,True,after_extract,0,0,False,False,0,0,False,True
P1,167,0.005354123303857968,0.0,True,mid_insert_txn,0,0,False,False,0,66,False,True
P1,168,0.0020631104601016234,0.0,True,<start>,0,0,False,False,0,0,False,True
P1,169,0.0030796509881644385,0.0,True,after_extract,0,0,False,False,0,0,False,True
P1,170,0.002648331863727272,0.0,True,<start>,0,0,False,False,0,0,False,True
P1,171,0.0070103785306131275,0.0,True,after_extract,0,0,False,False,0,0,False,True
P1,172,0.00510276970368087,0.0,True,after_delete_commit,0,0,False,False,0,41,False,True
P1,173,0.007121804177297222,0.008342,False,after_wm_commit,0,0,False,False,0,0,False,True
P1,174,0.005960768128848937,0.0,True,mid_insert_txn,0,0,False,False,0,38,False,True
P1,175,0.006449751277792632,0.0,True,after_insert_commit,0,0,False,False,0,0,False,True
P1,176,0.0015236932808103771,0.0,True,<start>,0,0,False,False,0,0,False,True
P1,177,0.0059631749228717034,0.0,True,after_insert_commit,0,0,False,False,0,0,False,True
P1,178,0.008488993429726097,0.0,True,after_insert_commit,0,0,False,False,0,0,False,True
P1,179,0.0016192078081199712,0.0,True,<start>,0,0,False,False,0,0,False,True
P1,180,0.001327508672362831,0.0,True,<start>,0,0,False,False,0,0,False,True
P1,181,0.0047473438004730405,0.0,True,after_delete_commit,0,0,False,False,0,92,False,True
P1,182,0.008893478699307693,0.0,True,after_insert_commit,0,0,False,False,0,0,False,True
P1,183,0.004406859811843273,0.0,True,after_delete_commit,0,0,False,False,0,55,False,True
P1,184,0.006774180051171732,0.0,True,after_insert_commit,0,0,False,False,0,0,False,True
P1,185,0.006598340974277532,0.0,True,mid_insert_txn,0,0,False,False,0,46,False,True
P1,186,0.005839475487613958,0.0,True,after_insert_commit,0,0,False,False,0,0,False,True
P1,187,0.008792546841740757,0.008337,False,after_wm_commit,0,0,False,False,0,0,False,True
P1,188,0.0038679291768830364,0.0,True,after_extract,0,0,False,False,0,0,False,True
P1,189,0.0063181080338815645,0.0,True,after_insert_commit,0,0,False,False,0,0,False,True
P1,190,0.005924872351763118,0.0,True,after_insert_commit,0,0,False,False,0,0,False,True
P1,191,0.007707739763669744,0.007193,False,after_wm_commit,0,0,False,False,0,0,False,True
P1,192,0.006656995043956855,0.0,True,after_insert_commit,0,0,False,False,0,0,False,True
P1,193,0.004589566083669229,0.0,True,<start>,0,0,False,False,0,0,False,True
P1,194,0.0018052948369340976,0.0,True,<start>,0,0,False,False,0,0,False,True
P1,195,0.004390977633405928,0.0,True,after_extract,0,0,False,False,0,0,False,True
P1,196,0.00338110414643953,0.0,True,after_extract,0,0,False,False,0,0,False,True
P1,197,0.006403027874676851,0.0,True,after_delete_commit,0,0,False,False,0,64,False,True
P1,198,0.006552017261454786,0.0,True,mid_insert_txn,0,0,False,False,0,54,False,True
P1,199,0.0014170310463484553,0.0,True,<start>,0,0,False,False,0,0,False,True
P2,0,0.0031403423915380814,0.0,True,after_extract,0,0,False,False,0,0,False,True
P2,1,0.0024054478789094814,0.0,True,mid_txn,0,0,False,False,0,0,False,True
P2,2,0.0003988677136619556,0.0,True,<start>,0,0,False,False,0,0,False,True
P2,3,0.0032978108794828854,0.0,True,mid_txn,0,0,False,False,0,0,False,True
P2,4,0.005338286539499658,0.004591,False,after_commit,0,0,False,False,0,0,False,True
P2,5,0.0026108239297128488,0.0,True,after_extract,0,0,False,False,0,0,False,True
P2,6,0.0034678822375008495,0.0,True,after_extract,0,0,False,False,0,0,False,True
P2,7,0.004921148080663055,0.0,True,mid_txn,0,0,False,False,0,0,False,True
P2,8,0.0016889741400946934,0.0,True,<start>,0,0,False,False,0,0,False,True
P2,9,0.0011284210557984799,0.0,True,<start>,0,0,False,False,0,0,False,True
P2,10,0.002989841525836592,0.0,True,after_extract,0,0,False,False,0,0,False,True
P2,11,0.004328938156446651,0.0,True,mid_txn,0,0,False,False,0,0,False,True
P2,12,0.0024552386883469834,0.0,True,after_extract,0,0,False,False,0,0,False,True
P2,13,0.0012664535186604408,0.0,True,<start>,0,0,False,False,0,0,False,True
P2,14,0.005197680284745034,0.005201,False,after_commit,0,0,False,False,0,0,False,True
P2,15,0.0031597234566119415,0.0,True,after_extract,0,0,False,False,0,0,False,True
P2,16,0.003950348160626719,0.0,True,mid_txn,0,0,False,False,0,0,False,True
P2,17,0.004252063634818983,0.0,True,mid_txn,0,0,False,False,0,0,False,True
P2,18,0.00573939577455421,0.004712,False,after_commit,0,0,False,False,0,0,False,True
P2,19,0.003802651392459298,0.0,True,mid_txn,0,0,False,False,0,0,False,True
P2,20,0.005609359257062328,0.0,True,mid_txn,0,0,False,False,0,0,False,True
P2,21,0.00025119987613078974,0.0,True,<start>,0,0,False,False,0,0,False,True
P2,22,0.004369989081246793,0.0,True,mid_txn,0,0,False,False,0,0,False,True
P2,23,0.001463615378252969,0.0,True,<start>,0,0,False,False,0,0,False,True
P2,24,0.002340519226695818,0.0,True,mid_txn,0,0,False,False,0,0,False,True
P2,25,0.005029405878984412,0.0,True,mid_txn,0,0,False,False,0,0,False,True
P2,26,0.004578434934498936,0.0,True,mid_txn,0,0,False,False,0,0,False,True
P2,27,0.002005272766500489,0.005581,False,after_commit,0,0,False,False,0,0,False,True
P2,28,0.002816662895348093,0.0,True,after_extract,0,0,False,False,0,0,False,True
P2,29,0.0031551757982847643,0.0,True,after_extract,0,0,False,False,0,0,False,True
P2,30,0.0013144665044993362,0.0,True,<start>,0,0,False,False,0,0,False,True
P2,31,0.003974376249882421,0.0,True,after_extract,0,0,False,False,0,0,False,True
P2,32,0.002871573925733784,0.0,True,after_extract,0,0,False,False,0,0,False,True
P2,33,0.001940755714325286,0.0,True,<start>,0,0,False,False,0,0,False,True
P2,34,0.0053476472436477275,0.0,True,mid_txn,0,0,False,False,0,0,False,True
P2,35,0.004051652032257008,0.0,True,mid_txn,0,0,False,False,0,0,False,True
P2,36,0.0007558156859029794,0.0,True,<start>,0,0,False,False,0,0,False,True
P2,37,0.002520650858639209,0.0,True,after_extract,0,0,False,False,0,0,False,True
P2,38,0.0008123990088702798,0.0,True,<start>,0,0,False,False,0,0,False,True
P2,39,0.00438500693180587,0.0,True,mid_txn,0,0,False,False,0,0,False,True
P2,40,0.003304111054616579,0.0,True,mid_txn,0,0,False,False,0,0,False,True
P2,41,0.002642173519142443,0.0,True,after_extract,0,0,False,False,0,0,False,True
P2,42,0.00226784847462297,0.0,True,after_extract,0,0,False,False,0,0,False,True
P2,43,0.0003846825494579117,0.0,True,<start>,0,0,False,False,0,0,False,True
P2,44,0.005410654834621447,0.004934,False,after_commit,0,0,False,False,0,0,False,True
P2,45,0.0021694130605607945,0.0,True,after_extract,0,0,False,False,0,0,False,True
P2,46,0.00482365108525586,0.005659,False,after_commit,0,0,False,False,0,0,False,True
P2,47,0.0025321661583775873,0.0,True,after_extract,0,0,False,False,0,0,False,True
P2,48,0.0007313178476885301,0.0,True,<start>,0,0,False,False,0,0,False,True
P2,49,0.0020661968648951934,0.0,True,<start>,0,0,False,False,0,0,False,True
P2,50,0.004333942931404787,0.0,True,mid_txn,0,0,False,False,0,0,False,True
P2,51,0.004733938417586382,0.0,True,mid_txn,0,0,False,False,0,0,False,True
P2,52,0.00553010066932763,0.0,True,mid_txn,0,0,False,False,0,0,False,True
P2,53,0.004423223472246412,0.0,True,mid_txn,0,0,False,False,0,0,False,True
P2,54,0.004953620460730673,0.0,True,mid_txn,0,0,False,False,0,0,False,True
P2,55,0.003497494733127201,0.005064,False,after_commit,0,0,False,False,0,0,False,True
P2,56,0.005459443695711574,0.0,True,mid_txn,0,0,False,False,0,0,False,True
P2,57,1.1504522387913952e-05,0.0,True,<start>,0,0,False,False,0,0,False,True
P2,58,0.004679090659812546,0.0,True,mid_txn,0,0,False,False,0,0,False,True
P2,59,0.0025872253064260875,0.0,True,after_extract,0,0,False,False,0,0,False,True
P2,60,0.005423267725803941,0.00469,False,after_commit,0,0,False,False,0,0,False,True
P2,61,0.001678643069221707,0.0,True,<start>,0,0,False,False,0,0,False,True
P2,62,0.0003684590930996621,0.0,True,<start>,0,0,False,False,0,0,False,True
P2,63,0.0022407097357724356,0.0,True,<start>,0,0,False,False,0,0,False,True
P2,64,0.0015970790220596529,0.0,True,<start>,0,0,False,False,0,0,False,True
P2,65,0.0036694062708764546,0.0,True,after_extract,0,0,False,False,0,0,False,True
P2,66,0.0005700515937081846,0.0,True,<start>,0,0,False,False,0,0,False,True
P2,67,0.0024475894755002147,0.0,True,<start>,0,0,False,False,0,0,False,True
P2,68,0.004176754028300366,0.0,True,mid_txn,0,0,False,False,0,0,False,True
P2,69,0.003039171543796635,0.0,True,after_extract,0,0,False,False,0,0,False,True
P2,70,0.0019615813098235943,0.0,True,<start>,0,0,False,False,0,0,False,True
P2,71,0.0037947762495494472,0.0,True,after_extract,0,0,False,False,0,0,False,True
P2,72,0.004604562355941197,0.0,True,mid_txn,0,0,False,False,0,0,False,True
P2,73,0.0011651796500933662,0.0,True,<start>,0,0,False,False,0,0,False,True
P2,74,0.0037625283910822367,0.0,True,mid_txn,0,0,False,False,0,0,False,True
P2,75,0.005242786077831555,0.0,True,mid_txn,0,0,False,False,0,0,False,True
P2,76,0.004354617531701193,0.0,True,mid_txn,0,0,False,False,0,0,False,True
P2,77,0.00543289610785752,0.0,True,mid_txn,0,0,False,False,0,0,False,True
P2,78,0.0025121384250355746,0.0,True,after_extract,0,0,False,False,0,0,False,True
P2,79,0.002658448769256446,0.0,True,<start>,0,0,False,False,0,0,False,True
P2,80,0.0010789643033437795,0.0,True,<start>,0,0,False,False,0,0,False,True
P2,81,0.0035390326082177384,0.0,True,after_extract,0,0,False,False,0,0,False,True
P2,82,0.0027359305657343193,0.0,True,after_extract,0,0,False,False,0,0,False,True
P2,83,0.0011775284314228401,0.0,True,mid_txn,0,0,False,False,0,0,False,True
P2,84,0.005737898521278208,0.005048,False,after_commit,0,0,False,False,0,0,False,True
P2,85,0.0034525730951455165,0.0,True,mid_txn,0,0,False,False,0,0,False,True
P2,86,0.003027912891654549,0.0,True,after_extract,0,0,False,False,0,0,False,True
P2,87,0.003893615041036119,0.0,True,mid_txn,0,0,False,False,0,0,False,True
P2,88,0.002006855554746406,0.0,True,mid_txn,0,0,False,False,0,0,False,True
P2,89,0.0036018915811831275,0.0,True,mid_txn,0,0,False,False,0,0,False,True
P2,90,0.003834915190645674,0.0,True,mid_txn,0,0,False,False,0,0,False,True
P2,91,0.005300893845563694,0.005198,False,after_commit,0,0,False,False,0,0,False,True
P2,92,0.0021990959366726326,0.0,True,after_extract,0,0,False,False,0,0,False,True
P2,93,0.0006664387605675693,0.0,True,<start>,0,0,False,False,0,0,False,True
P2,94,0.00011644978719995607,0.0,True,<start>,0,0,False,False,0,0,False,True
P2,95,0.0011941293473818682,0.0,True,<start>,0,0,False,False,0,0,False,True
P2,96,0.0037169360798249627,0.0,True,mid_txn,0,0,False,False,0,0,False,True
P2,97,0.0008202616060032744,0.0,True,<start>,0,0,False,False,0,0,False,True
P2,98,0.003439463209303361,0.0,True,after_extract,0,0,False,False,0,0,False,True
P2,99,0.0024235996803118635,0.0,True,after_extract,0,0,False,False,0,0,False,True
P2,100,0.0017139190720820315,0.0,True,<start>,0,0,False,False,0,0,False,True
P2,101,0.004636647454526542,0.0,True,mid_txn,0,0,False,False,0,0,False,True
P2,102,0.004459596276857686,0.0,True,mid_txn,0,0,False,False,0,0,False,True
P2,103,0.0031373666510342924,0.0,True,after_extract,0,0,False,False,0,0,False,True
P2,104,0.0028455614547859766,0.0,True,after_extract,0,0,False,False,0,0,False,True
P2,105,0.0003444789665530641,0.0,True,<start>,0,0,False,False,0,0,False,True
P2,106,0.005227168866369198,0.004827,False,after_commit,0,0,False,False,0,0,False,True
P2,107,0.006000975727162359,0.0,True,mid_txn,0,0,False,False,0,0,False,True
P2,108,9.945373339819589e-05,0.0,True,<start>,0,0,False,False,0,0,False,True
P2,109,0.005263731127223907,0.0,True,mid_txn,0,0,False,False,0,0,False,True
P2,110,0.005073282002163186,0.0,True,mid_txn,0,0,False,False,0,0,False,True
P2,111,0.005680020015787029,0.0,True,mid_txn,0,0,False,False,0,0,False,True
P2,112,8.173996671834718e-05,0.0,True,<start>,0,0,False,False,0,0,False,True
P2,113,0.000694438745754506,0.0,True,<start>,0,0,False,False,0,0,False,True
P2,114,0.0007675789496749084,0.0,True,<start>,0,0,False,False,0,0,False,True
P2,115,0.006034701955769797,0.0,True,after_commit,0,0,False,False,0,0,False,True
P2,116,0.003993763997936653,0.0,True,mid_txn,0,0,False,False,0,0,False,True
P2,117,0.0038637391153117807,0.0,True,<start>,0,0,False,False,0,0,False,True
P2,118,0.0038900584667407455,0.0,True,<start>,0,0,False,False,0,0,False,True
P2,119,0.005013409497707128,0.0,True,mid_txn,0,0,False,False,0,0,False,True
P2,120,0.0042669658889316585,0.0,True,<start>,0,0,False,False,0,0,False,True
P2,121,0.004965468650452878,0.0,True,after_extract,0,0,False,False,0,0,False,True
P2,122,6.947178168092154e-05,0.0,True,<start>,0,0,False,False,0,0,False,True
P2,123,0.0005693307391687977,0.0,True,<start>,0,0,False,False,0,0,False,True
P2,124,0.002440927794414568,0.0,True,after_extract,0,0,False,False,0,0,False,True
P2,125,0.002161972684657109,0.0,True,after_extract,0,0,False,False,0,0,False,True
P2,126,0.002630677688635221,0.0,True,after_extract,0,0,False,False,0,0,False,True
P2,127,0.001960812652514428,0.0,True,<start>,0,0,False,False,0,0,False,True
P2,128,0.0006232753278993655,0.0,True,<start>,0,0,False,False,0,0,False,True
P2,129,0.0009120278830891265,0.0,True,<start>,0,0,False,False,0,0,False,True
P2,130,0.0011015415766552155,0.0,True,mid_txn,0,0,False,False,0,0,False,True
P2,131,0.0017425688316832803,0.0,True,<start>,0,0,False,False,0,0,False,True
P2,132,0.00279951125261503,0.0,True,after_extract,0,0,False,False,0,0,False,True
P2,133,0.003806119174996039,0.0,True,mid_txn,0,0,False,False,0,0,False,True
P2,134,0.0039149286017988606,0.0,True,after_extract,0,0,False,False,0,0,False,True
P2,135,0.0019264995331312591,0.0,True,<start>,0,0,False,False,0,0,False,True
P2,136,0.0035448399306256925,0.0,True,mid_txn,0,0,False,False,0,0,False,True
P2,137,0.0004190642171424562,0.0,True,<start>,0,0,False,False,0,0,False,True
P2,138,0.0024082904286774117,0.0,True,after_extract,0,0,False,False,0,0,False,True
P2,139,2.6166579406900764e-05,0.0,True,<start>,0,0,False,False,0,0,False,True
P2,140,0.00041238773847968805,0.0,True,<start>,0,0,False,False,0,0,False,True
P2,141,0.0012703596927738081,0.0,True,<start>,0,0,False,False,0,0,False,True
P2,142,0.004425846230732219,0.0,True,after_extract,0,0,False,False,0,0,False,True
P2,143,0.004391014808579682,0.0,True,mid_txn,0,0,False,False,0,0,False,True
P2,144,0.00472207032478647,0.0,True,mid_txn,0,0,False,False,0,0,False,True
P2,145,0.001958821752272224,0.0,True,<start>,0,0,False,False,0,0,False,True
P2,146,0.00111455281308513,0.0,True,<start>,0,0,False,False,0,0,False,True
P2,147,0.005361114049926096,0.004986,False,after_commit,0,0,False,False,0,0,False,True
P2,148,0.003182021534510626,0.0,True,after_extract,0,0,False,False,0,0,False,True
P2,149,0.0013939390388891025,0.0,True,<start>,0,0,False,False,0,0,False,True
P2,150,0.0004484181264444543,0.0,True,<start>,0,0,False,False,0,0,False,True
P2,151,0.004980671208145938,0.0,True,mid_txn,0,0,False,False,0,0,False,True
P2,152,0.0016115106020681458,0.0,True,<start>,0,0,False,False,0,0,False,True
P2,153,0.001762280888546811,0.0,True,<start>,0,0,False,False,0,0,False,True
P2,154,0.0018959354087942201,0.0,True,<start>,0,0,False,False,0,0,False,True
P2,155,0.00324137036568305,0.0,True,after_extract,0,0,False,False,0,0,False,True
P2,156,0.005477083266569725,0.0,True,mid_txn,0,0,False,False,0,0,False,True
P2,157,0.004401302093872622,0.0,True,mid_txn,0,0,False,False,0,0,False,True
P2,158,0.003109031661478267,0.0,True,after_extract,0,0,False,False,0,0,False,True
P2,159,0.0031048216668381774,0.0,True,after_extract,0,0,False,False,0,0,False,True
P2,160,0.004074929723173028,0.0,True,mid_txn,0,0,False,False,0,0,False,True
P2,161,0.005899127348871269,0.0,True,after_extract,0,0,False,False,0,0,False,True
P2,162,0.005031596243224617,0.0,True,mid_txn,0,0,False,False,0,0,False,True
P2,163,0.001273178955108079,0.0,True,<start>,0,0,False,False,0,0,False,True
P2,164,0.00132950138485787,0.0,True,<start>,0,0,False,False,0,0,False,True
P2,165,0.002548855083527532,0.0,True,<start>,0,0,False,False,0,0,False,True
P2,166,0.0014356624426204907,0.0,True,<start>,0,0,False,False,0,0,False,True
P2,167,0.0049546597027752045,0.0,True,mid_txn,0,0,False,False,0,0,False,True
P2,168,0.0015185622622121292,0.0,True,<start>,0,0,False,False,0,0,False,True
P2,169,0.0024637053818870372,0.0,True,after_extract,0,0,False,False,0,0,False,True
P2,170,0.004777039538401562,0.0,True,mid_txn,0,0,False,False,0,0,False,True
P2,171,0.0012001407389453363,0.0,True,<start>,0,0,False,False,0,0,False,True
P2,172,0.0022959517021973732,0.0,True,<start>,0,0,False,False,0,0,False,True
P2,173,0.00019523569164474347,0.0,True,<start>,0,0,False,False,0,0,False,True
P2,174,0.002429738032889611,0.0,True,<start>,0,0,False,False,0,0,False,True
P2,175,0.0018111317751577443,0.0,True,after_extract,0,0,False,False,0,0,False,True
P2,176,0.005685498782753873,0.0,True,mid_txn,0,0,False,False,0,0,False,True
P2,177,0.002041094435892939,0.0,True,mid_txn,0,0,False,False,0,0,False,True
P2,178,0.0004392672860660793,0.0,True,<start>,0,0,False,False,0,0,False,True
P2,179,0.004810537737342703,0.0,True,mid_txn,0,0,False,False,0,0,False,True
P2,180,0.003596717932613578,0.0,True,mid_txn,0,0,False,False,0,0,False,True
P2,181,0.005194359854714985,0.0,True,after_extract,0,0,False,False,0,0,False,True
P2,182,0.005153345605753147,0.0,True,mid_txn,0,0,False,False,0,0,False,True
P2,183,0.0033686538648941265,0.0,True,mid_txn,0,0,False,False,0,0,False,True
P2,184,0.0014608569768652425,0.0,True,<start>,0,0,False,False,0,0,False,True
P2,185,0.0018031874183691665,0.0,True,<start>,0,0,False,False,0,0,False,True
P2,186,0.002193322512320274,0.0,True,<start>,0,0,False,False,0,0,False,True
P2,187,0.005440154876420393,0.005257,False,after_commit,0,0,False,False,0,0,False,True
P2,188,0.001621625075008127,0.0,True,<start>,0,0,False,False,0,0,False,True
P2,189,0.002818969355299653,0.0,True,<start>,0,0,False,False,0,0,False,True
P2,190,0.002952966029824066,0.0,True,after_extract,0,0,False,False,0,0,False,True
P2,191,0.00264467988743425,0.0,True,after_extract,0,0,False,False,0,0,False,True
P2,192,0.0023795461954143208,0.0,True,<start>,0,0,False,False,0,0,False,True
P2,193,0.0023935579696005185,0.0,True,after_extract,0,0,False,False,0,0,False,True
P2,194,0.00423824993037311,0.0,True,mid_txn,0,0,False,False,0,0,False,True
P2,195,0.0032866254589842443,0.0,True,<start>,0,0,False,False,0,0,False,True
P2,196,0.0024344388104707124,0.0,True,after_extract,0,0,False,False,0,0,False,True
P2,197,0.0038898682300256577,0.0,True,<start>,0,0,False,False,0,0,False,True
P2,198,0.004421605304438237,0.0,True,mid_txn,0,0,False,False,0,0,False,True
P2,199,0.0008620224636745518,0.0,True,<start>,0,0,False,False,0,0,False,True
F1,0,0.0062199592666599725,0.005698,False,after_wm_write,0,0,False,False,0,0,False,True
F1,1,8.506463789409316e-06,0.0,True,<start>,0,0,False,False,0,0,False,True
F1,2,0.006350210965203865,0.0,True,after_file_write,0,0,False,False,0,0,False,True
F1,3,0.0017191749507628202,0.0,True,after_extract,0,0,False,False,0,0,False,True
F1,4,0.0031115527367635773,0.0,True,after_extract,0,0,False,False,0,0,False,True
F1,5,0.001717597599653763,0.0,True,after_extract,0,0,False,False,0,0,False,True
F1,6,0.005593795502675262,0.0,True,after_file_write,0,0,False,False,0,0,False,True
F1,7,0.0029720278043704395,0.0,True,after_extract,0,0,False,False,0,0,False,True
F1,8,0.0036008329551804274,0.0,True,after_extract,0,0,False,False,0,0,False,True
F1,9,0.002821694578936665,0.0,True,after_extract,0,0,False,False,0,0,False,True
F1,10,0.00593074102907904,0.0,True,after_file_write,0,1156,False,False,0,0,False,False
F1,11,0.0006565653354593627,0.0,True,<start>,0,0,False,False,0,0,False,True
F1,12,0.004341156010823666,0.0,True,after_extract,0,0,False,False,0,0,False,True
F1,13,0.003738361880648797,0.0,True,after_extract,0,0,False,False,0,0,False,True
F1,14,0.0005959384404216096,0.0,True,<start>,0,0,False,False,0,0,False,True
F1,15,0.005133760335499293,0.0,True,after_extract,0,0,False,False,0,0,False,True
F1,16,0.004486486642957238,0.0,True,after_extract,0,1188,False,False,0,0,False,False
F1,17,0.0015869985364145003,0.0,True,after_extract,0,0,False,False,0,0,False,True
F1,18,0.0005233842187270937,0.0,True,<start>,0,0,False,False,0,0,False,True
F1,19,0.0050212792291015225,0.0,True,after_file_write,0,1262,False,False,0,0,False,False
F1,20,0.0034470398438180925,0.0,True,after_extract,0,0,False,False,0,0,False,True
F1,21,0.001113764021032447,0.0,True,<start>,0,0,False,False,0,0,False,True
F1,22,0.006579133969554832,0.0,True,after_file_write,0,1187,False,False,0,0,False,False
F1,23,0.0033974596323294213,0.0,True,after_extract,0,0,False,False,0,0,False,True
F1,24,0.005780687876847929,0.005405,False,after_wm_write,0,0,False,False,0,0,False,True
F1,25,0.000338357863400892,0.0,True,<start>,0,0,False,False,0,0,False,True
F1,26,0.0017453794609697672,0.0,True,after_extract,0,0,False,False,0,0,False,True
F1,27,0.006658660949884333,0.0,True,after_file_write,0,1353,False,False,0,0,False,False
F1,28,0.0028634492667310727,0.0,True,after_extract,0,0,False,False,0,0,False,True
F1,29,0.006298611543200072,0.0,True,after_extract,0,0,False,False,0,0,False,True
F1,30,0.006489598890679559,0.0,True,after_extract,0,1244,False,False,0,0,False,False
F1,31,0.0020492885562717654,0.0,True,after_extract,0,0,False,False,0,0,False,True
F1,32,0.001511970067061139,0.0,True,after_extract,0,0,False,False,0,0,False,True
F1,33,0.006353261403139975,0.0,True,after_extract,0,1234,False,False,0,0,False,False
F1,34,0.0031313710747346863,0.0,True,after_extract,0,0,False,False,0,0,False,True
F1,35,0.0036550999146139707,0.0,True,after_extract,0,1188,False,False,0,0,False,False
F1,36,0.005973271139639377,0.0,True,after_file_write,0,0,False,False,0,0,False,True
F1,37,0.0011287870575904398,0.0,True,after_extract,0,0,False,False,0,0,False,True
F1,38,0.003275267704372655,0.0,True,after_extract,0,0,False,False,0,0,False,True
F1,39,0.0005433978063836151,0.0,True,<start>,0,0,False,False,0,0,False,True
F1,40,0.003437048108945318,0.0,True,after_extract,0,0,False,False,0,0,False,True
F1,41,0.00551570452649306,0.0,True,after_extract,0,0,False,False,0,0,False,True
F1,42,0.005909026336203247,0.0,True,after_file_write,0,0,False,False,0,0,False,True
F1,43,0.003786659782361196,0.0,True,after_extract,0,0,False,False,0,0,False,True
F1,44,0.006366090945664432,0.0,True,after_extract,0,0,False,False,0,0,False,True
F1,45,0.0036680276180535583,0.0,True,after_extract,0,0,False,False,0,0,False,True
F1,46,0.0032480472674974985,0.0,True,after_extract,0,0,False,False,0,0,False,True
F1,47,0.001241506043365666,0.0,True,<start>,0,0,False,False,0,0,False,True
F1,48,0.005713656942932294,0.0,True,after_file_write,0,0,False,False,0,0,False,True
F1,49,0.005979442825203339,0.0,True,after_file_write,0,0,False,False,0,0,False,True
F1,50,0.0009428726380938694,0.0,True,<start>,0,0,False,False,0,0,False,True
F1,51,0.006158539690205511,0.0,True,after_file_write,0,1211,False,False,0,0,False,False
F1,52,0.006243984530148856,0.0,True,after_file_write,0,0,False,False,0,0,False,True
F1,53,0.0017745758690298483,0.0,True,<start>,0,0,False,False,0,0,False,True
F1,54,0.005780560322238425,0.0,True,after_extract,0,0,False,False,0,0,False,True
F1,55,0.006625611098456668,0.0,True,after_extract,0,0,False,False,0,0,False,True
F1,56,0.003347046013866051,0.0,True,after_extract,0,0,False,False,0,0,False,True
F1,57,0.0024481762152889627,0.0,True,after_extract,0,0,False,False,0,0,False,True
F1,58,0.0004665308227548802,0.0,True,<start>,0,0,False,False,0,0,False,True
F1,59,0.0019018157702665643,0.0,True,after_extract,0,0,False,False,0,0,False,True
F1,60,0.006083649271488917,0.0,True,after_file_write,0,0,False,False,0,0,False,True
F1,61,0.0051781559579076215,0.0,True,after_extract,0,1366,False,False,0,0,False,False
F1,62,0.0038700709624312868,0.0,True,after_extract,0,0,False,False,0,0,False,True
F1,63,4.3911587419080887e-05,0.0,True,<start>,0,0,False,False,0,0,False,True
F1,64,0.004499095811402574,0.0,True,after_extract,0,0,False,False,0,0,False,True
F1,65,0.002665515643097382,0.0,True,after_extract,0,0,False,False,0,0,False,True
F1,66,0.001726491407471255,0.0,True,after_extract,0,0,False,False,0,0,False,True
F1,67,0.0007936361709363794,0.0,True,<start>,0,0,False,False,0,0,False,True
F1,68,0.002722208142721243,0.0,True,after_extract,0,1162,False,False,0,0,False,False
F1,69,0.004699215089460967,0.0,True,after_file_write,0,1162,False,False,0,0,False,False
F1,70,0.001995577345748352,0.0,True,after_extract,0,0,False,False,0,0,False,True
F1,71,0.0024789867158578733,0.0,True,after_extract,0,0,False,False,0,0,False,True
F1,72,0.00010174507157397716,0.0,True,after_extract,0,0,False,False,0,0,False,True
F1,73,8.571592954449856e-05,0.0,True,<start>,0,0,False,False,0,0,False,True
F1,74,0.0016963517899938392,0.0,True,<start>,0,0,False,False,0,0,False,True
F1,75,0.005804041037786844,0.005775,False,after_wm_write,0,0,False,False,0,0,False,True
F1,76,0.006062017292822863,0.005823,False,after_wm_write,0,0,False,False,0,0,False,True
F1,77,0.004591086172470801,0.0,True,after_file_write,0,1186,False,False,0,0,False,False
F1,78,0.005349332614381413,0.0,True,after_file_write,0,0,False,False,0,0,False,True
F1,79,0.0004980359668764903,0.0,True,<start>,0,0,False,False,0,0,False,True
F1,80,0.003214919639577127,0.0,True,after_extract,0,0,False,False,0,0,False,True
F1,81,0.0057104332428206455,0.0,True,after_file_write,0,0,False,False,0,0,False,True
F1,82,0.0019503158525213515,0.0,True,after_extract,0,0,False,False,0,0,False,True
F1,83,0.005742075135759233,0.0,True,after_extract,0,1250,False,False,0,0,False,False
F1,84,0.006593699796250348,0.005306,False,after_wm_write,0,0,False,False,0,0,False,True
F1,85,0.002404765003035278,0.0,True,after_extract,0,0,False,False,0,0,False,True
F1,86,0.003733739671343274,0.0,True,after_extract,0,0,False,False,0,0,False,True
F1,87,0.005542138788643057,0.0,True,after_extract,0,1275,False,False,0,0,False,False
F1,88,0.0005456580139756431,0.0,True,<start>,0,0,False,False,0,0,False,True
F1,89,0.0004615273973642783,0.0,True,<start>,0,0,False,False,0,0,False,True
F1,90,0.0007616385361657162,0.0,True,<start>,0,0,False,False,0,0,False,True
F1,91,0.001268169439401327,0.0,True,after_extract,0,0,False,False,0,0,False,True
F1,92,0.0057535175653515395,0.0,True,after_extract,0,1241,False,False,0,0,False,False
F1,93,0.0038304833407037915,0.0,True,after_extract,0,0,False,False,0,0,False,True
F1,94,0.0002148578027274155,0.0,True,<start>,0,0,False,False,0,0,False,True
F1,95,0.001880217480576554,0.0,True,after_extract,0,0,False,False,0,0,False,True
F1,96,0.00031461641858275747,0.0,True,<start>,0,0,False,False,0,0,False,True
F1,97,0.005229000146901211,0.0,True,after_extract,0,1172,False,False,0,0,False,False
F1,98,0.002018772439015664,0.0,True,after_extract,0,0,False,False,0,0,False,True
F1,99,0.0025544599751572816,0.0,True,after_extract,0,0,False,False,0,0,False,True
F1,100,0.0034301130481839913,0.0,True,after_extract,0,0,False,False,0,0,False,True
F1,101,0.005199605847812496,0.0,True,after_file_write,0,0,False,False,0,0,False,True
F1,102,0.0022277996876952483,0.0,True,after_extract,0,0,False,False,0,0,False,True
F1,103,0.0008710105198060432,0.0,True,<start>,0,0,False,False,0,0,False,True
F1,104,0.004316335411265023,0.0,True,after_extract,0,1251,False,False,0,0,False,False
F1,105,0.0017069448953035199,0.0,True,after_extract,0,0,False,False,0,0,False,True
F1,106,0.004875396440601964,0.0,True,after_file_write,0,1214,False,False,0,0,False,False
F1,107,0.004833169046406984,0.0,True,after_extract,0,1266,False,False,0,0,False,False
F1,108,0.00024537452225703956,0.0,True,<start>,0,0,False,False,0,0,False,True
F1,109,0.0028720326137867103,0.0,True,after_extract,0,0,False,False,0,0,False,True
F1,110,0.004662967529659106,0.0,True,after_extract,0,1204,False,False,0,0,False,False
F1,111,0.003208545036897539,0.0,True,after_extract,0,0,False,False,0,0,False,True
F1,112,0.0028311136518912945,0.0,True,after_extract,0,0,False,False,0,0,False,True
F1,113,0.0016745842405829381,0.0,True,<start>,0,0,False,False,0,0,False,True
F1,114,0.005095098893150176,0.0,True,after_extract,0,1318,False,False,0,0,False,False
F1,115,0.003554733928831569,0.0,True,after_extract,0,0,False,False,0,0,False,True
F1,116,0.004062248329245242,0.0,True,after_extract,0,1261,False,False,0,0,False,False
F1,117,0.006339409353154592,0.005808,False,after_wm_write,0,0,False,False,0,0,False,True
F1,118,0.005790116441319245,0.0,True,after_extract,0,0,False,False,0,0,False,True
F1,119,0.0042508766621637845,0.0,True,after_extract,0,0,False,False,0,0,False,True
F1,120,0.006366216527755834,0.00585,False,after_wm_write,0,0,False,False,0,0,False,True
F1,121,0.0028922518871079815,0.0,True,after_extract,0,0,False,False,0,0,False,True
F1,122,0.006650221479757631,0.006484,False,after_wm_write,0,0,False,False,0,0,False,True
F1,123,0.003310181095378907,0.0,True,after_extract,0,0,False,False,0,0,False,True
F1,124,3.4790605018302314e-05,0.0,True,<start>,0,0,False,False,0,0,False,True
F1,125,0.005897640195126926,0.005745,False,after_wm_write,0,0,False,False,0,0,False,True
F1,126,0.0025138614875104743,0.0,True,after_extract,0,0,False,False,0,0,False,True
F1,127,0.0060508747295158006,0.0,True,after_extract,0,1181,False,False,0,0,False,False
F1,128,0.005180960330745581,0.0,True,after_file_write,0,1328,False,False,0,0,False,False
F1,129,0.001837966730076355,0.0,True,after_extract,0,0,False,False,0,0,False,True
F1,130,0.0034749528191812093,0.0,True,after_extract,0,0,False,False,0,0,False,True
F1,131,0.006706494444727954,0.0,True,after_file_write,0,1306,False,False,0,0,False,False
F1,132,0.0003808176087374227,0.0,True,<start>,0,0,False,False,0,0,False,True
F1,133,0.0004201050378317591,0.0,True,<start>,0,0,False,False,0,0,False,True
F1,134,0.005539716312723031,0.005494,False,after_wm_write,0,0,False,False,0,0,False,True
F1,135,0.002609280270003556,0.0,True,after_extract,0,0,False,False,0,0,False,True
F1,136,0.0013675928058110177,0.0,True,after_extract,0,0,False,False,0,0,False,True
F1,137,0.005602434533977963,0.0,True,after_file_write,0,1213,False,False,0,0,False,False
F1,138,0.0009673184618871911,0.0,True,<start>,0,0,False,False,0,0,False,True
F1,139,0.0041719545102537545,0.0,True,after_extract,0,1224,False,False,0,0,False,False
F1,140,0.004424817887241773,0.0,True,after_extract,0,1301,False,False,0,0,False,False
F1,141,0.006387449586890381,0.0,True,after_extract,0,1268,False,False,0,0,False,False
F1,142,0.002456672185691941,0.0,True,after_extract,0,0,False,False,0,0,False,True
F1,143,0.002968684621546087,0.0,True,after_extract,0,0,False,False,0,0,False,True
F1,144,0.004260073298299875,0.0,True,after_extract,0,1175,False,False,0,0,False,False
F1,145,0.004821170889001914,0.0,True,after_extract,0,1292,False,False,0,0,False,False
F1,146,0.003965036403678156,0.0,True,after_extract,0,1223,False,False,0,0,False,False
F1,147,0.0029217507139042724,0.0,True,after_extract,0,0,False,False,0,0,False,True
F1,148,0.0024905344545277457,0.0,True,after_extract,0,0,False,False,0,0,False,True
F1,149,0.000942219100530907,0.0,True,<start>,0,0,False,False,0,0,False,True
F1,150,0.0014014921936202878,0.0,True,after_extract,0,0,False,False,0,0,False,True
F1,151,0.004765095149773236,0.0,True,after_extract,0,1349,False,False,0,0,False,False
F1,152,0.00011590774998109516,0.0,True,<start>,0,0,False,False,0,0,False,True
F1,153,0.0018861698111773376,0.0,True,after_extract,0,0,False,False,0,0,False,True
F1,154,0.004533777021084408,0.0,True,after_extract,0,0,False,False,0,0,False,True
F1,155,0.0010530961149714,0.0,True,after_extract,0,0,False,False,0,0,False,True
F1,156,0.00010218307948449741,0.0,True,<start>,0,0,False,False,0,0,False,True
F1,157,0.003157033611754177,0.0,True,after_extract,0,0,False,False,0,0,False,True
F1,158,0.005885597687469321,0.0,True,after_extract,0,1273,False,False,0,0,False,False
F1,159,0.004351182053507837,0.0,True,after_extract,0,1183,False,False,0,0,False,False
F1,160,0.0004796669277882968,0.0,True,<start>,0,0,False,False,0,0,False,True
F1,161,0.004867283013642493,0.0,True,after_extract,0,1323,False,False,0,0,False,False
F1,162,0.001936976100326416,0.0,True,after_extract,0,0,False,False,0,0,False,True
F1,163,0.0008651290144250414,0.0,True,<start>,0,0,False,False,0,0,False,True
F1,164,0.005775362158575425,0.0,True,after_file_write,0,1245,False,False,0,0,False,False
F1,165,0.006160902624652684,0.0,True,after_file_write,0,0,False,False,0,0,False,True
F1,166,0.0010078627257896864,0.0,True,after_extract,0,0,False,False,0,0,False,True
F1,167,0.003600438502555115,0.0,True,after_extract,0,0,False,False,0,0,False,True
F1,168,0.00020263813531202953,0.0,True,<start>,0,0,False,False,0,0,False,True
F1,169,0.004508149552731064,0.0,True,after_extract,0,1162,False,False,0,0,False,False
F1,170,0.003634533188686801,0.0,True,after_extract,0,0,False,False,0,0,False,True
F1,171,0.0012892617653520028,0.0,True,<start>,0,0,False,False,0,0,False,True
F1,172,0.004033623492838516,0.0,True,after_extract,0,0,False,False,0,0,False,True
F1,173,0.002557815467540564,0.0,True,after_extract,0,0,False,False,0,0,False,True
F1,174,0.0042778275343161,0.0,True,after_extract,0,1326,False,False,0,0,False,False
F1,175,0.0011740430367657734,0.0,True,after_extract,0,0,False,False,0,0,False,True
F1,176,0.0010281031838459639,0.0,True,after_extract,0,0,False,False,0,0,False,True
F1,177,0.0008082959334049739,0.0,True,<start>,0,0,False,False,0,0,False,True
F1,178,0.0005023922823061578,0.0,True,<start>,0,0,False,False,0,0,False,True
F1,179,0.00020587939335245462,0.0,True,<start>,0,0,False,False,0,0,False,True
F1,180,0.0032666121780658766,0.0,True,after_extract,0,0,False,False,0,0,False,True
F1,181,0.004502502363623373,0.0,True,after_extract,0,0,False,False,0,0,False,True
F1,182,0.0058873873169103495,0.006087,False,after_wm_write,0,0,False,False,0,0,False,True
F1,183,0.00316078746480977,0.0,True,after_extract,0,0,False,False,0,0,False,True
F1,184,0.005799124921281233,0.005147,False,after_wm_write,0,0,False,False,0,0,False,True
F1,185,0.006383933548123557,0.0,True,after_extract,0,1152,False,False,0,0,False,False
F1,186,0.0017087990860117752,0.0,True,after_extract,0,0,False,False,0,0,False,True
F1,187,0.001827150176292671,0.0,True,after_extract,0,0,False,False,0,0,False,True
F1,188,0.0032137397714263193,0.0,True,after_extract,0,0,False,False,0,0,False,True
F1,189,0.005710127700248564,0.0,True,after_file_write,0,1245,False,False,0,0,False,False
F1,190,0.001927199112993369,0.0,True,after_extract,0,0,False,False,0,0,False,True
F1,191,0.00600588294040824,0.0,True,after_extract,0,1317,False,False,0,0,False,False
F1,192,0.0034596445201720886,0.0,True,after_extract,0,0,False,False,0,0,False,True
F1,193,0.0012173094991375967,0.0,True,after_extract,0,0,False,False,0,0,False,True
F1,194,0.0006126181189694131,0.0,True,<start>,0,0,False,False,0,0,False,True
F1,195,0.005372327916575785,0.0,True,after_extract,0,1323,False,False,0,0,False,False
F1,196,0.005549096636450479,0.0,True,after_extract,0,1257,False,False,0,0,False,False
F1,197,0.0025899937764493836,0.0,True,after_extract,0,0,False,False,0,0,False,True
F1,198,0.005111481617276132,0.0,True,after_extract,0,1240,False,False,0,0,False,False
F1,199,0.00043623645651527654,0.0,True,<start>,0,0,False,False,0,0,False,True
F2,0,0.0038026365620633246,0.0,True,after_extract,0,0,False,False,0,0,False,True
F2,1,0.00040259288509880806,0.0,True,<start>,0,0,False,False,0,0,False,True
F2,2,0.0064165713561486395,0.006268,False,after_commit,0,0,False,False,0,0,False,True
F2,3,0.006091385147133557,0.0,True,after_extract,0,0,False,False,0,0,False,True
F2,4,0.002089109622638909,0.0,True,after_extract,0,0,False,False,0,0,False,True
F2,5,0.006138087811044597,0.005784,False,after_commit,0,0,False,False,0,0,False,True
F2,6,0.006507831381344824,0.006141,False,after_commit,0,0,False,False,0,0,False,True
F2,7,0.002655984467247827,0.0,True,after_extract,0,0,False,False,0,0,False,True
F2,8,0.006642736263227179,0.006363,False,after_commit,0,0,False,False,0,0,False,True
F2,9,0.0007368602135794857,0.0,True,<start>,0,0,False,False,0,0,False,True
F2,10,0.0010222910491143864,0.0,True,after_extract,0,0,False,False,0,0,False,True
F2,11,0.00013815495757115202,0.0,True,<start>,0,0,False,False,0,0,False,True
F2,12,0.0008275192942671937,0.0,True,<start>,0,0,False,False,0,0,False,True
F2,13,0.00019449373118910323,0.0,True,<start>,0,0,False,False,0,0,False,True
F2,14,0.006475995676606606,0.0,True,after_extract,0,0,False,False,0,0,False,True
F2,15,0.0040470900542941115,0.0,True,after_extract,0,0,False,False,0,0,False,True
F2,16,0.004214589442317139,0.0,True,after_extract,0,0,False,False,0,0,False,True
F2,17,0.0037801956102856585,0.0,True,after_extract,0,0,False,False,0,0,False,True
F2,18,0.00335375314315463,0.0,True,after_extract,0,0,False,False,0,0,False,True
F2,19,0.003572954083883359,0.0,True,after_extract,0,0,False,False,0,0,False,True
F2,20,0.0016077561562960402,0.0,True,after_extract,0,0,False,False,0,0,False,True
F2,21,0.005709971440778278,0.0,True,after_extract,0,0,False,False,0,0,False,True
F2,22,0.006310381753378517,0.0,True,after_file_write,0,0,False,False,0,0,False,True
F2,23,0.0058752817018731165,0.0,True,after_extract,0,0,False,False,0,0,False,True
F2,24,0.0043972599635095175,0.0,True,after_extract,0,0,False,False,0,0,False,True
F2,25,0.0010967402806330503,0.0,True,<start>,0,0,False,False,0,0,False,True
F2,26,0.0022480271112009023,0.0,True,after_extract,0,0,False,False,0,0,False,True
F2,27,0.004553756474370454,0.0,True,after_extract,0,0,False,False,0,0,False,True
F2,28,0.00416823155236598,0.0,True,after_extract,0,0,False,False,0,0,False,True
F2,29,0.007325322924589205,0.006374,False,after_commit,0,0,False,False,0,0,False,True
F2,30,0.003001828595433963,0.0,True,after_extract,0,0,False,False,0,0,False,True
F2,31,0.0066053420388571295,0.006541,False,after_commit,0,0,False,False,0,0,False,True
F2,32,0.003921021518257043,0.0,True,after_extract,0,0,False,False,0,0,False,True
F2,33,0.00574821837191145,0.0,True,after_file_write,0,0,False,False,0,0,False,True
F2,34,0.0018015803031653816,0.0,True,after_extract,0,0,False,False,0,0,False,True
F2,35,0.0016924162451379848,0.0,True,after_extract,0,0,False,False,0,0,False,True
F2,36,0.003064669185170123,0.0,True,after_extract,0,0,False,False,0,0,False,True
F2,37,0.0024238123565764194,0.0,True,after_extract,0,0,False,False,0,0,False,True
F2,38,0.0019406948726905994,0.0,True,after_extract,0,0,False,False,0,0,False,True
F2,39,0.003016885000355136,0.0,True,after_extract,0,0,False,False,0,0,False,True
F2,40,0.0036286337748957045,0.0,True,after_extract,0,0,False,False,0,0,False,True
F2,41,0.0007016171869404084,0.0,True,<start>,0,0,False,False,0,0,False,True
F2,42,0.005148622133688741,0.0,True,after_extract,0,0,False,False,0,0,False,True
F2,43,0.00698641203810013,0.005821,False,after_commit,0,0,False,False,0,0,False,True
F2,44,0.0010285413791441952,0.0,True,after_extract,0,0,False,False,0,0,False,True
F2,45,0.006103445232345855,0.0,True,after_extract,0,0,False,False,0,0,False,True
F2,46,0.0007018208092912653,0.0,True,<start>,0,0,False,False,0,0,False,True
F2,47,0.0007271840472774869,0.0,True,<start>,0,0,False,False,0,0,False,True
F2,48,0.005158523407683753,0.0,True,after_file_write,0,0,False,False,0,0,False,True
F2,49,0.005377787400841225,0.005897,False,after_commit,0,0,False,False,0,0,False,True
F2,50,0.004905806369600891,0.0,True,after_extract,0,0,False,False,0,0,False,True
F2,51,0.005913633300098875,0.0,True,after_file_write,0,0,False,False,0,0,False,True
F2,52,0.005430060344502229,0.0,True,after_file_write,0,0,False,False,0,0,False,True
F2,53,0.0031720202341643275,0.0,True,after_extract,0,0,False,False,0,0,False,True
F2,54,0.002300734316443941,0.0,True,after_extract,0,0,False,False,0,0,False,True
F2,55,0.007319882979437208,0.006626,False,after_commit,0,0,False,False,0,0,False,True
F2,56,0.0011635368322599005,0.0,True,<start>,0,0,False,False,0,0,False,True
F2,57,0.006648340807805453,0.0,True,after_file_write,0,0,False,False,0,0,False,True
F2,58,0.0011051432287602447,0.0,True,<start>,0,0,False,False,0,0,False,True
F2,59,0.006645179112689055,0.0,True,after_extract,0,0,False,False,0,0,False,True
F2,60,0.0013158162311781546,0.0,True,after_extract,0,0,False,False,0,0,False,True
F2,61,0.0024240753791779537,0.0,True,after_extract,0,0,False,False,0,0,False,True
F2,62,0.00536413034612551,0.0,True,after_extract,0,0,False,False,0,0,False,True
F2,63,0.005164808754215876,0.0,True,after_extract,0,0,False,False,0,0,False,True
F2,64,0.005513751391434014,0.0,True,after_file_write,0,0,False,False,0,0,False,True
F2,65,0.0021885347678487948,0.0,True,after_extract,0,0,False,False,0,0,False,True
F2,66,0.005948857125628319,0.0,True,after_extract,0,0,False,False,0,0,False,True
F2,67,0.006351720276001706,0.0,True,after_manifest_tmp,0,0,False,False,0,0,False,True
F2,68,0.002871498029704183,0.0,True,after_extract,0,0,False,False,0,0,False,True
F2,69,0.006421969375533256,0.006129,False,after_commit,0,0,False,False,0,0,False,True
F2,70,0.0035538735594349857,0.0,True,after_extract,0,0,False,False,0,0,False,True
F2,71,0.002296710606559427,0.0,True,after_extract,0,0,False,False,0,0,False,True
F2,72,0.0013944841099351598,0.0,True,<start>,0,0,False,False,0,0,False,True
F2,73,0.00178422688577205,0.0,True,after_extract,0,0,False,False,0,0,False,True
F2,74,0.0037996928426901563,0.0,True,after_extract,0,0,False,False,0,0,False,True
F2,75,0.0072752212194796394,0.0,True,after_file_write,0,0,False,False,0,0,False,True
F2,76,0.004931783175871542,0.0,True,after_extract,0,0,False,False,0,0,False,True
F2,77,0.005115531055468603,0.0,True,after_file_write,0,0,False,False,0,0,False,True
F2,78,0.002556057013251692,0.0,True,after_extract,0,0,False,False,0,0,False,True
F2,79,0.0017356358165222293,0.0,True,after_extract,0,0,False,False,0,0,False,True
F2,80,0.00615627176888602,0.0,True,after_file_write,0,0,False,False,0,0,False,True
F2,81,0.005142921068649554,0.006096,False,after_commit,0,0,False,False,0,0,False,True
F2,82,0.003916195553586069,0.0,True,after_extract,0,0,False,False,0,0,False,True
F2,83,0.0007639513078496645,0.0,True,<start>,0,0,False,False,0,0,False,True
F2,84,0.0010832765609748436,0.0,True,<start>,0,0,False,False,0,0,False,True
F2,85,0.00619894079200209,0.0,True,after_commit,0,0,False,False,0,0,False,True
F2,86,0.0020368179852406063,0.0,True,after_extract,0,0,False,False,0,0,False,True
F2,87,0.0030204075537696435,0.0,True,after_extract,0,0,False,False,0,0,False,True
F2,88,0.005113727840990701,0.0,True,after_extract,0,0,False,False,0,0,False,True
F2,89,0.00612785521678253,0.0,True,after_commit,0,0,False,False,0,0,False,True
F2,90,0.000871437926467981,0.0,True,<start>,0,0,False,False,0,0,False,True
F2,91,0.001575354982278909,0.0,True,<start>,0,0,False,False,0,0,False,True
F2,92,0.0038959550105876254,0.0,True,after_extract,0,0,False,False,0,0,False,True
F2,93,0.0019981332983043543,0.0,True,after_extract,0,0,False,False,0,0,False,True
F2,94,0.006188780026766475,0.0,True,after_file_write,0,0,False,False,0,0,False,True
F2,95,0.0003595877852663727,0.0,True,<start>,0,0,False,False,0,0,False,True
F2,96,0.0003813266094563245,0.0,True,<start>,0,0,False,False,0,0,False,True
F2,97,0.007327707431571508,0.005504,False,after_commit,0,0,False,False,0,0,False,True
F2,98,0.0007637275686207087,0.0,True,<start>,0,0,False,False,0,0,False,True
F2,99,0.003545458357979713,0.0,True,after_extract,0,0,False,False,0,0,False,True
F2,100,0.0009826167367332388,0.0,True,<start>,0,0,False,False,0,0,False,True
F2,101,0.0020696834696338597,0.0,True,after_extract,0,0,False,False,0,0,False,True
F2,102,0.005097566589387873,0.0,True,after_extract,0,0,False,False,0,0,False,True
F2,103,0.0027603446794913513,0.0,True,after_extract,0,0,False,False,0,0,False,True
F2,104,0.006968189963787592,0.005978,False,after_commit,0,0,False,False,0,0,False,True
F2,105,0.0046768318701258995,0.0,True,after_extract,0,0,False,False,0,0,False,True
F2,106,0.0005185642412594385,0.0,True,<start>,0,0,False,False,0,0,False,True
F2,107,0.004450002658975789,0.0,True,after_extract,0,0,False,False,0,0,False,True
F2,108,0.0010173201302543168,0.0,True,after_extract,0,0,False,False,0,0,False,True
F2,109,0.006283943949942498,0.0,True,after_extract,0,0,False,False,0,0,False,True
F2,110,0.006008770964509521,0.005853,False,after_commit,0,0,False,False,0,0,False,True
F2,111,0.00016757480202531357,0.0,True,<start>,0,0,False,False,0,0,False,True
F2,112,0.0010352212998882848,0.0,True,<start>,0,0,False,False,0,0,False,True
F2,113,0.0025630180306599752,0.0,True,after_extract,0,0,False,False,0,0,False,True
F2,114,0.005968240947769676,0.0,True,after_manifest_tmp,0,0,False,False,0,0,False,True
F2,115,0.005262601058974146,0.0,True,after_file_write,0,0,False,False,0,0,False,True
F2,116,0.000972196920320262,0.0,True,<start>,0,0,False,False,0,0,False,True
F2,117,0.0046906983236521945,0.0,True,after_extract,0,0,False,False,0,0,False,True
F2,118,0.004338445442087485,0.0,True,after_extract,0,0,False,False,0,0,False,True
F2,119,0.007360287419719282,0.006376,False,after_commit,0,0,False,False,0,0,False,True
F2,120,0.001636914788615789,0.0,True,after_extract,0,0,False,False,0,0,False,True
F2,121,0.0034229567892665996,0.0,True,after_extract,0,0,False,False,0,0,False,True
F2,122,0.005713385477760754,0.0,True,after_file_write,0,0,False,False,0,0,False,True
F2,123,0.007115197057640376,0.006066,False,after_commit,0,0,False,False,0,0,False,True
F2,124,0.0030676192933580403,0.0,True,after_extract,0,0,False,False,0,0,False,True
F2,125,0.006365054428308855,0.0,True,after_manifest_tmp,0,0,False,False,0,0,False,True
F2,126,0.004133530065261775,0.0,True,after_extract,0,0,False,False,0,0,False,True
F2,127,0.0019107675446356023,0.0,True,after_extract,0,0,False,False,0,0,False,True
F2,128,0.0015124066448180037,0.0,True,after_extract,0,0,False,False,0,0,False,True
F2,129,0.004394119972366232,0.0,True,after_extract,0,0,False,False,0,0,False,True
F2,130,0.0026584293429919585,0.0,True,after_extract,0,0,False,False,0,0,False,True
F2,131,0.0028524191708052694,0.0,True,after_extract,0,0,False,False,0,0,False,True
F2,132,0.005457590743812208,0.0,True,after_extract,0,0,False,False,0,0,False,True
F2,133,0.001149795406569106,0.0,True,after_extract,0,0,False,False,0,0,False,True
F2,134,0.0009492311708645881,0.0,True,<start>,0,0,False,False,0,0,False,True
F2,135,0.005939286447655041,0.0,True,after_extract,0,0,False,False,0,0,False,True
F2,136,0.0026879712355666425,0.0,True,after_extract,0,0,False,False,0,0,False,True
F2,137,0.0012891943194800616,0.0,True,after_extract,0,0,False,False,0,0,False,True
F2,138,0.005279597668462087,0.0,True,after_extract,0,0,False,False,0,0,False,True
F2,139,0.0005654639957102025,0.0,True,<start>,0,0,False,False,0,0,False,True
F2,140,0.005766621484885559,0.0,True,after_file_write,0,0,False,False,0,0,False,True
F2,141,0.004491269639990881,0.0,True,after_extract,0,0,False,False,0,0,False,True
F2,142,0.0036860455036067134,0.0,True,after_extract,0,0,False,False,0,0,False,True
F2,143,0.005710410195364705,0.0,True,after_manifest_tmp,0,0,False,False,0,0,False,True
F2,144,0.00016940843554024944,0.0,True,<start>,0,0,False,False,0,0,False,True
F2,145,0.0033359430592311765,0.0,True,after_extract,0,0,False,False,0,0,False,True
F2,146,0.004967765567462719,0.0,True,after_extract,0,0,False,False,0,0,False,True
F2,147,0.00044391201177785243,0.0,True,<start>,0,0,False,False,0,0,False,True
F2,148,0.007063313305881552,0.006273,False,after_commit,0,0,False,False,0,0,False,True
F2,149,0.005798350225227881,0.0,True,after_extract,0,0,False,False,0,0,False,True
F2,150,0.003041780623953658,0.0,True,after_extract,0,0,False,False,0,0,False,True
F2,151,0.00486545263852564,0.0,True,after_extract,0,0,False,False,0,0,False,True
F2,152,0.005956280903312427,0.005954,False,after_commit,0,0,False,False,0,0,False,True
F2,153,0.003489184469387179,0.0,True,after_extract,0,0,False,False,0,0,False,True
F2,154,0.002791322273866517,0.0,True,after_extract,0,0,False,False,0,0,False,True
F2,155,0.004263878365973008,0.0,True,after_extract,0,0,False,False,0,0,False,True
F2,156,0.0008995752973144918,0.0,True,<start>,0,0,False,False,0,0,False,True
F2,157,0.004641567804611106,0.0,True,after_extract,0,0,False,False,0,0,False,True
F2,158,0.006993240871074891,0.0,True,after_manifest_tmp,0,0,False,False,0,0,False,True
F2,159,0.0023092156969524895,0.0,True,after_extract,0,0,False,False,0,0,False,True
F2,160,0.0037375974365722797,0.0,True,after_extract,0,0,False,False,0,0,False,True
F2,161,0.0011808035488019293,0.0,True,after_extract,0,0,False,False,0,0,False,True
F2,162,0.0013891744445217102,0.0,True,after_extract,0,0,False,False,0,0,False,True
F2,163,0.000295218038889667,0.0,True,<start>,0,0,False,False,0,0,False,True
F2,164,0.00571837830296468,0.0,True,after_file_write,0,0,False,False,0,0,False,True
F2,165,0.0034245546477273655,0.0,True,after_extract,0,0,False,False,0,0,False,True
F2,166,0.007249225874259219,0.006745,False,after_commit,0,0,False,False,0,0,False,True
F2,167,0.007023291878658662,0.005616,False,after_commit,0,0,False,False,0,0,False,True
F2,168,0.0013093214873944234,0.0,True,after_extract,0,0,False,False,0,0,False,True
F2,169,0.00691088186378121,0.0,True,after_manifest_tmp,0,0,False,False,0,0,False,True
F2,170,0.0025778519055165983,0.0,True,after_extract,0,0,False,False,0,0,False,True
F2,171,0.006700301269045622,0.0,True,after_manifest_tmp,0,0,False,False,0,0,False,True
F2,172,0.004962448851962539,0.0,True,after_extract,0,0,False,False,0,0,False,True
F2,173,0.003005055347641485,0.0,True,after_extract,0,0,False,False,0,0,False,True
F2,174,0.004933528566275021,0.0,True,after_extract,0,0,False,False,0,0,False,True
F2,175,0.0031333835135831712,0.0,True,after_extract,0,0,False,False,0,0,False,True
F2,176,0.004240790148212265,0.0,True,after_extract,0,0,False,False,0,0,False,True
F2,177,0.0009834303705793294,0.0,True,<start>,0,0,False,False,0,0,False,True
F2,178,0.006174265448860826,0.005697,False,after_commit,0,0,False,False,0,0,False,True
F2,179,0.0016731902681711487,0.0,True,after_extract,0,0,False,False,0,0,False,True
F2,180,0.0005307603190763218,0.0,True,<start>,0,0,False,False,0,0,False,True
F2,181,0.005845032497829258,0.0,True,after_file_write,0,0,False,False,0,0,False,True
F2,182,0.0065660541682370475,0.00636,False,after_commit,0,0,False,False,0,0,False,True
F2,183,0.007270765011534727,0.006956,False,after_commit,0,0,False,False,0,0,False,True
F2,184,0.006771220188316322,0.0,True,after_extract,0,0,False,False,0,0,False,True
F2,185,0.00013448860049900387,0.0,True,<start>,0,0,False,False,0,0,False,True
F2,186,0.0020157025721532036,0.0,True,after_extract,0,0,False,False,0,0,False,True
F2,187,0.0037453302534008123,0.0,True,after_file_write,0,0,False,False,0,0,False,True
F2,188,0.00616551933707225,0.0,True,after_extract,0,0,False,False,0,0,False,True
F2,189,0.001572693121372379,0.0,True,after_extract,0,0,False,False,0,0,False,True
F2,190,0.001040063567858129,0.0,True,after_extract,0,0,False,False,0,0,False,True
F2,191,0.004310110248938196,0.0,True,after_extract,0,0,False,False,0,0,False,True
F2,192,0.0025163068813958095,0.0,True,after_extract,0,0,False,False,0,0,False,True
F2,193,0.0007791932765228767,0.0,True,<start>,0,0,False,False,0,0,False,True
F2,194,0.004293799826166667,0.0,True,after_extract,0,0,False,False,0,0,False,True
F2,195,0.0036925593535945852,0.0,True,after_extract,0,0,False,False,0,0,False,True
F2,196,0.003047436051510413,0.0,True,after_extract,0,0,False,False,0,0,False,True
F2,197,0.0003491259032512138,0.0,True,<start>,0,0,False,False,0,0,False,True
F2,198,0.00255680527548098,0.0,True,after_extract,0,0,False,False,0,0,False,True
F2,199,0.0032339959757573624,0.0,True,after_extract,0,0,False,False,0,0,False,True
F3,0,0.0005962909806652441,0.0,True,after_extract,0,0,False,False,0,0,False,True
F3,1,0.005359965641717634,0.0,True,after_extract,0,0,False,False,0,0,False,True
F3,2,0.00317657859208811,0.0,True,after_extract,0,0,False,False,0,0,False,True
F3,3,0.006448876254760694,0.0,True,after_commit,0,0,False,False,0,0,False,True
F3,4,0.0014573392991567929,0.0,True,after_extract,0,0,False,False,0,0,False,True
F3,5,0.003461996588974868,0.0,True,after_extract,0,0,False,False,0,0,False,True
F3,6,0.0013532566113766248,0.0,True,<start>,0,0,False,False,0,0,False,True
F3,7,0.004046488244360358,0.0,True,after_extract,0,0,False,False,0,0,False,True
F3,8,0.005866373529396914,0.0,True,after_file_write,0,0,False,False,0,0,False,True
F3,9,0.0020477593431759197,0.0,True,after_extract,0,0,False,False,0,0,False,True
F3,10,0.003288723715873557,0.0,True,after_extract,0,0,False,False,0,0,False,True
F3,11,0.004267824869423745,0.0,True,after_extract,0,0,False,False,0,0,False,True
F3,12,0.002280805119468445,0.0,True,after_extract,0,0,False,False,0,0,False,True
F3,13,0.005314444575464766,0.0,True,after_extract,0,0,False,False,0,0,False,True
F3,14,0.0011123188161982073,0.0,True,<start>,0,0,False,False,0,0,False,True
F3,15,0.00020546573425254133,0.0,True,<start>,0,0,False,False,0,0,False,True
F3,16,0.0025043300802233552,0.0,True,after_extract,0,0,False,False,0,0,False,True
F3,17,0.002011849743125815,0.0,True,after_extract,0,0,False,False,0,0,False,True
F3,18,0.003531811719619962,0.0,True,after_extract,0,0,False,False,0,0,False,True
F3,19,0.001263535169858562,0.0,True,<start>,0,0,False,False,0,0,False,True
F3,20,0.00016276688462344338,0.0,True,<start>,0,0,False,False,0,0,False,True
F3,21,7.52719071681599e-05,0.0,True,<start>,0,0,False,False,0,0,False,True
F3,22,0.0028764337701013432,0.0,True,after_extract,0,0,False,False,0,0,False,True
F3,23,0.002444047056838848,0.0,True,after_extract,0,0,False,False,0,0,False,True
F3,24,0.0063778371791805375,0.006179,False,after_commit,0,0,False,False,0,0,False,True
F3,25,0.0030336759652731617,0.0,True,after_extract,0,0,False,False,0,0,False,True
F3,26,0.005772491644050927,0.0,True,after_file_write,0,0,False,False,0,0,False,True
F3,27,0.0028875730832922776,0.0,True,after_extract,0,0,False,False,0,0,False,True
F3,28,0.001767528303827174,0.0,True,after_extract,0,0,False,False,0,0,False,True
F3,29,0.006085369488823694,0.005664,False,after_commit,0,0,False,False,0,0,False,True
F3,30,0.002939179659884819,0.0,True,after_extract,0,0,False,False,0,0,False,True
F3,31,0.0008597362796699591,0.0,True,<start>,0,0,False,False,0,0,False,True
F3,32,0.00037224711900229714,0.0,True,<start>,0,0,False,False,0,0,False,True
F3,33,0.005031127055445192,0.0,True,after_extract,0,0,False,False,0,0,False,True
F3,34,0.0011762256104065883,0.0,True,<start>,0,0,False,False,0,0,False,True
F3,35,0.0002254496265763227,0.0,True,<start>,0,0,False,False,0,0,False,True
F3,36,0.0032655191016172035,0.0,True,after_extract,0,0,False,False,0,0,False,True
F3,37,0.005698466412611141,0.005624,False,after_commit,0,0,False,False,0,0,False,True
F3,38,0.0030515844900982337,0.0,True,after_extract,0,0,False,False,0,0,False,True
F3,39,0.005680593705264921,0.005784,False,after_commit,0,0,False,False,0,0,False,True
F3,40,0.005123777401802793,0.0,True,after_extract,0,0,False,False,0,0,False,True
F3,41,0.006261844409958167,0.005333,False,after_commit,0,0,False,False,0,0,False,True
F3,42,0.004176672902734878,0.0,True,after_extract,0,0,False,False,0,0,False,True
F3,43,0.0059639664936922375,0.005644,False,after_commit,0,0,False,False,0,0,False,True
F3,44,0.004082219796378619,0.0,True,after_extract,0,0,False,False,0,0,False,True
F3,45,0.006035238380485367,0.005647,False,after_commit,0,0,False,False,0,0,False,True
F3,46,0.0008137508156216635,0.0,True,<start>,0,0,False,False,0,0,False,True
F3,47,0.0033400913293777307,0.0,True,after_extract,0,0,False,False,0,0,False,True
F3,48,0.005978718375532988,0.0,True,after_extract,0,0,False,False,0,0,False,True
F3,49,0.005784045382655096,0.005122,False,after_commit,0,0,False,False,0,0,False,True
F3,50,0.006195230937389214,0.005164,False,after_commit,0,0,False,False,0,0,False,True
F3,51,0.0036155399998470043,0.0,True,after_extract,0,0,False,False,0,0,False,True
F3,52,0.0024715228850077597,0.0,True,after_extract,0,0,False,False,0,0,False,True
F3,53,0.0015571011202420951,0.0,True,after_extract,0,0,False,False,0,0,False,True
F3,54,0.0064174853365090954,0.0,True,after_extract,0,0,False,False,0,0,False,True
F3,55,0.0057673586584812446,0.005664,False,after_commit,0,0,False,False,0,0,False,True
F3,56,0.003908689774266989,0.0,True,after_extract,0,0,False,False,0,0,False,True
F3,57,0.0008154287518938535,0.0,True,<start>,0,0,False,False,0,0,False,True
F3,58,0.0016811388134508874,0.0,True,<start>,0,0,False,False,0,0,False,True
F3,59,0.0018439130897277265,0.0,True,<start>,0,0,False,False,0,0,False,True
F3,60,0.0032213685665677377,0.0,True,after_extract,0,0,False,False,0,0,False,True
F3,61,0.0021061965044733163,0.0,True,after_extract,0,0,False,False,0,0,False,True
F3,62,0.0009577826598510147,0.0,True,<start>,0,0,False,False,0,0,False,True
F3,63,0.002554702578395827,0.0,True,after_extract,0,0,False,False,0,0,False,True
F3,64,0.00019232832329381117,0.0,True,<start>,0,0,False,False,0,0,False,True
F3,65,0.006313520346780868,0.004988,False,after_commit,0,0,False,False,0,0,False,True
F3,66,0.005566641478739028,0.0,True,after_file_write,0,0,False,False,0,0,False,True
F3,67,0.0031475343242465415,0.0,True,after_extract,0,0,False,False,0,0,False,True
F3,68,0.004138232489061103,0.0,True,after_extract,0,0,False,False,0,0,False,True
F3,69,0.006006916793728553,0.0,True,after_file_write,0,0,False,False,0,0,False,True
F3,70,0.0029362832018573174,0.0,True,after_extract,0,0,False,False,0,0,False,True
F3,71,0.004519669575203218,0.0,True,after_extract,0,0,False,False,0,0,False,True
F3,72,0.006536288835935114,0.005479,False,after_commit,0,0,False,False,0,0,False,True
F3,73,0.004666829159406922,0.0,True,after_extract,0,0,False,False,0,0,False,True
F3,74,0.005125903141021446,0.0,True,after_extract,0,0,False,False,0,0,False,True
F3,75,0.0032560658735095263,0.0,True,after_extract,0,0,False,False,0,0,False,True
F3,76,0.004450196726635428,0.0,True,after_extract,0,0,False,False,0,0,False,True
F3,77,0.004272130252677907,0.0,True,after_extract,0,0,False,False,0,0,False,True
F3,78,0.0021021626651350754,0.0,True,after_extract,0,0,False,False,0,0,False,True
F3,79,0.0006359274520120203,0.0,True,<start>,0,0,False,False,0,0,False,True
F3,80,0.0025461447527033903,0.0,True,after_extract,0,0,False,False,0,0,False,True
F3,81,0.00483237971674463,0.0,True,after_extract,0,0,False,False,0,0,False,True
F3,82,0.004352919745663891,0.0,True,after_extract,0,0,False,False,0,0,False,True
F3,83,0.0012637324248796385,0.0,True,after_extract,0,0,False,False,0,0,False,True
F3,84,0.0035417648469563416,0.0,True,after_extract,0,0,False,False,0,0,False,True
F3,85,0.0019438739125578158,0.0,True,after_extract,0,0,False,False,0,0,False,True
F3,86,0.003923764549003254,0.0,True,after_extract,0,0,False,False,0,0,False,True
F3,87,0.0008837700996783524,0.0,True,<start>,0,0,False,False,0,0,False,True
F3,88,0.0034926062211283193,0.0,True,after_extract,0,0,False,False,0,0,False,True
F3,89,0.0016307990799654286,0.0,True,after_extract,0,0,False,False,0,0,False,True
F3,90,0.0046992445289246185,0.0,True,after_extract,0,0,False,False,0,0,False,True
F3,91,0.0003994934389776622,0.0,True,<start>,0,0,False,False,0,0,False,True
F3,92,0.003033119412230898,0.0,True,after_extract,0,0,False,False,0,0,False,True
F3,93,0.0035417440618821837,0.0,True,after_extract,0,0,False,False,0,0,False,True
F3,94,3.141389057442385e-05,0.0,True,<start>,0,0,False,False,0,0,False,True
F3,95,0.0009418766839448624,0.0,True,<start>,0,0,False,False,0,0,False,True
F3,96,0.002256489304772788,0.0,True,after_extract,0,0,False,False,0,0,False,True
F3,97,0.0011386166687678272,0.0,True,after_extract,0,0,False,False,0,0,False,True
F3,98,0.005127825095795539,0.0,True,after_extract,0,0,False,False,0,0,False,True
F3,99,0.004587054237088231,0.0,True,after_extract,0,0,False,False,0,0,False,True
F3,100,0.00021500443019006616,0.0,True,<start>,0,0,False,False,0,0,False,True
F3,101,0.0035953125834105293,0.0,True,after_extract,0,0,False,False,0,0,False,True
F3,102,0.0036665661466702033,0.0,True,after_extract,0,0,False,False,0,0,False,True
F3,103,0.0028137233002032886,0.0,True,after_extract,0,0,False,False,0,0,False,True
F3,104,0.0047090522836105726,0.0,True,after_extract,0,0,False,False,0,0,False,True
F3,105,0.005767470972243289,0.0,True,after_extract,0,0,False,False,0,0,False,True
F3,106,0.00663716818304146,0.005855,False,after_commit,0,0,False,False,0,0,False,True
F3,107,0.005034352412360623,0.0,True,after_extract,0,0,False,False,0,0,False,True
F3,108,0.0036824556912564135,0.0,True,after_extract,0,0,False,False,0,0,False,True
F3,109,0.001323637421096427,0.0,True,after_extract,0,0,False,False,0,0,False,True
F3,110,0.003125866493329107,0.0,True,after_extract,0,0,False,False,0,0,False,True
F3,111,0.006292474360731179,0.005753,False,after_commit,0,0,False,False,0,0,False,True
F3,112,0.001985264429594087,0.0,True,after_extract,0,0,False,False,0,0,False,True
F3,113,0.005005276083534892,0.0,True,after_extract,0,0,False,False,0,0,False,True
F3,114,0.006164489155884194,0.0,True,after_extract,0,0,False,False,0,0,False,True
F3,115,0.0012835752670534236,0.0,True,after_extract,0,0,False,False,0,0,False,True
F3,116,0.0010575058605914232,0.0,True,after_extract,0,0,False,False,0,0,False,True
F3,117,0.002005962349508751,0.0,True,after_extract,0,0,False,False,0,0,False,True
F3,118,0.00427233772690941,0.0,True,after_extract,0,0,False,False,0,0,False,True
F3,119,0.0024250720113306017,0.005895,False,after_commit,0,0,False,False,0,0,False,True
F3,120,0.006445164982229517,0.005733,False,after_commit,0,0,False,False,0,0,False,True
F3,121,0.005829745645939211,0.0,True,after_file_write,0,0,False,False,0,0,False,True
F3,122,0.00360666361387613,0.0,True,after_extract,0,0,False,False,0,0,False,True
F3,123,0.005700600811256578,0.0,True,after_file_write,0,0,False,False,0,0,False,True
F3,124,0.00447749474738678,0.0,True,after_extract,0,0,False,False,0,0,False,True
F3,125,0.0023519485636488502,0.0,True,after_extract,0,0,False,False,0,0,False,True
F3,126,0.005028505351737871,0.0,True,after_file_write,0,0,False,False,0,0,False,True
F3,127,0.0018966765121046054,0.0,True,after_extract,0,0,False,False,0,0,False,True
F3,128,0.005833290049978037,0.005869,False,after_commit,0,0,False,False,0,0,False,True
F3,129,0.00468565885444422,0.0,True,after_extract,0,0,False,False,0,0,False,True
F3,130,0.006041130371402818,0.005214,False,after_commit,0,0,False,False,0,0,False,True
F3,131,0.006336356796240713,0.0,True,after_extract,0,0,False,False,0,0,False,True
F3,132,0.0008186572962601171,0.0,True,<start>,0,0,False,False,0,0,False,True
F3,133,0.00076085016198794,0.0,True,<start>,0,0,False,False,0,0,False,True
F3,134,0.002751549078902013,0.0,True,after_extract,0,0,False,False,0,0,False,True
F3,135,0.0015741675485838366,0.0,True,after_extract,0,0,False,False,0,0,False,True
F3,136,0.0045606783128114715,0.0,True,after_extract,0,0,False,False,0,0,False,True
F3,137,0.0006347968724505859,0.0,True,<start>,0,0,False,False,0,0,False,True
F3,138,0.005577788084581101,0.0,True,after_commit,0,0,False,False,0,0,False,True
F3,139,0.00048180464779411995,0.0,True,<start>,0,0,False,False,0,0,False,True
F3,140,0.00535393721139592,0.0,True,after_extract,0,0,False,False,0,0,False,True
F3,141,0.0020255942463726843,0.0,True,after_extract,0,0,False,False,0,0,False,True
F3,142,0.0003734308268742795,0.0,True,after_extract,0,0,False,False,0,0,False,True
F3,143,0.0021615755456395307,0.0,True,after_extract,0,0,False,False,0,0,False,True
F3,144,0.0017987914678279679,0.0,True,after_extract,0,0,False,False,0,0,False,True
F3,145,0.0009492883667054109,0.0,True,<start>,0,0,False,False,0,0,False,True
F3,146,0.003805191519740716,0.0,True,after_extract,0,0,False,False,0,0,False,True
F3,147,0.004884311754784446,0.0,True,after_file_write,0,0,True,True,0,0,True,False
F3,148,0.006727788114559339,0.004895,False,after_commit,0,0,False,False,0,0,False,True
F3,149,0.0036919796107503142,0.0,True,after_extract,0,0,False,False,0,0,False,True
F3,150,0.005501253666197025,0.005184,False,after_commit,0,0,False,False,0,0,False,True
F3,151,0.005169941058132785,0.0,True,after_extract,0,0,False,False,0,0,False,True
F3,152,0.003979455652998116,0.0,True,after_extract,0,0,False,False,0,0,False,True
F3,153,0.004953241056805582,0.0,True,after_file_write,0,0,False,False,0,0,False,True
F3,154,0.0022944317604829713,0.0,True,after_extract,0,0,False,False,0,0,False,True
F3,155,0.0039969718160804265,0.0,True,after_extract,0,0,False,False,0,0,False,True
F3,156,0.0031000651480728356,0.0,True,after_extract,0,0,False,False,0,0,False,True
F3,157,0.006434395725257514,0.006372,False,after_commit,0,0,False,False,0,0,False,True
F3,158,0.0005674503495590519,0.0,True,<start>,0,0,False,False,0,0,False,True
F3,159,0.0001222394975030947,0.0,True,<start>,0,0,False,False,0,0,False,True
F3,160,0.006031782690714538,0.005305,False,after_commit,0,0,False,False,0,0,False,True
F3,161,0.0015434659984158601,0.0,True,after_extract,0,0,False,False,0,0,False,True
F3,162,0.0026180814379557524,0.0,True,after_extract,0,0,False,False,0,0,False,True
F3,163,0.004529160652048106,0.0,True,after_extract,0,0,False,False,0,0,False,True
F3,164,0.002021111675699054,0.0,True,after_extract,0,0,False,False,0,0,False,True
F3,165,0.005900568785994346,0.0,True,after_extract,0,0,False,False,0,0,False,True
F3,166,0.0027498178383139928,0.0,True,after_extract,0,0,False,False,0,0,False,True
F3,167,0.001739929428242862,0.0,True,after_extract,0,0,False,False,0,0,False,True
F3,168,0.00029542133663582965,0.0,True,<start>,0,0,False,False,0,0,False,True
F3,169,0.0013203895718270884,0.0,True,after_extract,0,0,False,False,0,0,False,True
F3,170,0.004904528048227816,0.0,True,after_file_write,0,0,False,False,0,0,False,True
F3,171,0.0006805920153697302,0.0,True,<start>,0,0,False,False,0,0,False,True
F3,172,0.004416340615433192,0.0,True,after_extract,0,0,False,False,0,0,False,True
F3,173,0.0037827906720860117,0.0,True,after_extract,0,0,False,False,0,0,False,True
F3,174,0.0038641139969325254,0.0,True,after_extract,0,0,False,False,0,0,False,True
F3,175,0.001976663474795289,0.0,True,after_extract,0,0,False,False,0,0,False,True
F3,176,0.004187496519437825,0.0,True,after_extract,0,0,False,False,0,0,False,True
F3,177,0.001670388395414292,0.0,True,after_extract,0,0,False,False,0,0,False,True
F3,178,0.00669584348977047,0.006488,False,after_commit,0,0,False,False,0,0,False,True
F3,179,0.0005005667367129747,0.0,True,<start>,0,0,False,False,0,0,False,True
F3,180,0.004956728904695037,0.0,True,after_extract,0,0,False,False,0,0,False,True
F3,181,0.0011613331826034353,0.0,True,after_extract,0,0,False,False,0,0,False,True
F3,182,0.00633791586320287,0.005313,False,after_commit,0,0,False,False,0,0,False,True
F3,183,0.0018556549830670511,0.0,True,after_extract,0,0,False,False,0,0,False,True
F3,184,0.004528487412045598,0.0,True,after_extract,0,0,False,False,0,0,False,True
F3,185,0.002331557108577104,0.0,True,after_extract,0,0,False,False,0,0,False,True
F3,186,0.005952479649640488,0.004863,False,after_commit,0,0,False,False,0,0,False,True
F3,187,0.006747807691829983,0.005629,False,after_commit,0,0,False,False,0,0,False,True
F3,188,0.002400388569633358,0.0,True,after_extract,0,0,False,False,0,0,False,True
F3,189,0.005808390449081494,0.005573,False,after_commit,0,0,False,False,0,0,False,True
F3,190,0.0005875406924681142,0.0,True,<start>,0,0,False,False,0,0,False,True
F3,191,0.0036052332104586473,0.0,True,after_extract,0,0,False,False,0,0,False,True
F3,192,0.0009009996483784727,0.0,True,<start>,0,0,False,False,0,0,False,True
F3,193,0.003874098311584126,0.0,True,after_extract,0,0,False,False,0,0,False,True
F3,194,0.00020202517369966803,0.0,True,<start>,0,0,False,False,0,0,False,True
F3,195,0.0025022059378920322,0.0,True,after_extract,0,0,False,False,0,0,False,True
F3,196,0.0005753401635498921,0.0,True,<start>,0,0,False,False,0,0,False,True
F3,197,0.002364414398935399,0.0,True,after_extract,0,0,False,False,0,0,False,True
F3,198,0.006715523645193547,0.005922,False,after_commit,0,0,False,False,0,0,False,True
F3,199,0.00603115559351197,0.005582,False,after_commit,0,0,False,False,0,0,False,True
