pattern,crash_point,crash_round,predicate,lookback,p_lag,seed,source_rows,lost,duplicates,phantoms,corrupt_final,stuck,storage_overhead,rows_read,rows_read_sched,exp_duplicates,exp_regression,exp_corrupt,crash_fired,guard,stall_point,zombie_fired,zombie_fenced,zombie_error,lat_mean,lat_p50,lat_p99,lat_max,final_ok,transient_ok
A1,,,gt,0,0.0,0,1522,0,140,0,False,False,140,1662,1662,0,0,False,False,none,after_extract,True,False,,0.0,0.0,0.0,0.0,False,True
A1,,,gt,0,0.0,1,1537,0,157,0,False,False,157,1694,1694,0,0,False,False,none,after_extract,True,False,,0.0,0.0,0.0,0.0,False,True
A1,,,gt,0,0.0,2,1403,0,156,0,False,False,156,1559,1559,0,0,False,False,none,after_extract,True,False,,0.0,0.0,0.0,0.0,False,True
A1,,,gt,0,0.0,3,1459,0,151,0,False,False,151,1610,1610,0,0,False,False,none,after_extract,True,False,,0.0,0.0,0.0,0.0,False,True
A1,,,gt,0,0.0,4,1387,0,140,0,False,False,140,1527,1527,0,0,False,False,none,after_extract,True,False,,0.0,0.0,0.0,0.0,False,True
A1,,,gt,0,0.0,5,1566,0,123,0,False,False,123,1689,1689,0,0,False,False,none,after_extract,True,False,,0.0,0.0,0.0,0.0,False,True
A1,,,gt,0,0.0,6,1559,0,136,0,False,False,136,1695,1695,0,0,False,False,none,after_extract,True,False,,0.0,0.0,0.0,0.0,False,True
A1,,,gt,0,0.0,7,1354,0,132,0,False,False,132,1486,1486,0,0,False,False,none,after_extract,True,False,,0.0,0.0,0.0,0.0,False,True
A1,,,gt,0,0.0,8,1451,0,135,0,False,False,135,1586,1586,0,0,False,False,none,after_extract,True,False,,0.0,0.0,0.0,0.0,False,True
A1,,,gt,0,0.0,9,1517,0,175,0,False,False,175,1692,1692,0,0,False,False,none,after_extract,True,False,,0.0,0.0,0.0,0.0,False,True
A1,,,gt,0,0.0,0,1522,0,176,0,False,False,176,1698,1698,0,0,False,False,none,after_extract,True,False,,0.0,0.0,0.0,0.0,False,True
A1,,,gt,0,0.0,1,1537,0,154,0,False,False,154,1691,1691,0,0,False,False,none,after_extract,True,False,,0.0,0.0,0.0,0.0,False,True
A1,,,gt,0,0.0,2,1403,0,148,0,False,False,148,1551,1551,0,0,False,False,none,after_extract,True,False,,0.0,0.0,0.0,0.0,False,True
A1,,,gt,0,0.0,3,1459,0,128,0,False,False,128,1587,1587,0,0,False,False,none,after_extract,True,False,,0.0,0.0,0.0,0.0,False,True
A1,,,gt,0,0.0,4,1387,0,143,0,False,False,143,1530,1530,0,0,False,False,none,after_extract,True,False,,0.0,0.0,0.0,0.0,False,True
A1,,,gt,0,0.0,5,1566,0,163,0,False,False,163,1729,1729,0,0,False,False,none,after_extract,True,False,,0.0,0.0,0.0,0.0,False,True
A1,,,gt,0,0.0,6,1559,0,150,0,False,False,150,1709,1709,0,0,False,False,none,after_extract,True,False,,0.0,0.0,0.0,0.0,False,True
A1,,,gt,0,0.0,7,1354,0,169,0,False,False,169,1523,1523,0,0,False,False,none,after_extract,True,False,,0.0,0.0,0.0,0.0,False,True
A1,,,gt,0,0.0,8,1451,0,128,0,False,False,128,1579,1579,0,0,False,False,none,after_extract,True,False,,0.0,0.0,0.0,0.0,False,True
A1,,,gt,0,0.0,9,1517,0,222,0,False,False,222,1739,1739,0,0,False,False,none,after_extract,True,False,,0.0,0.0,0.0,0.0,False,True
A1,,,gt,0,0.0,0,1522,0,119,0,False,False,119,1641,1641,0,0,False,False,none,after_extract,True,False,,0.0,0.0,0.0,0.0,False,True
A1,,,gt,0,0.0,1,1537,0,122,0,False,False,122,1659,1659,0,0,False,False,none,after_extract,True,False,,0.0,0.0,0.0,0.0,False,True
A1,,,gt,0,0.0,2,1403,0,158,0,False,False,158,1561,1561,0,0,False,False,none,after_extract,True,False,,0.0,0.0,0.0,0.0,False,True
A1,,,gt,0,0.0,3,1459,0,138,0,False,False,138,1597,1597,0,0,False,False,none,after_extract,True,False,,0.0,0.0,0.0,0.0,False,True
A1,,,gt,0,0.0,4,1387,0,142,0,False,False,142,1529,1529,0,0,False,False,none,after_extract,True,False,,0.0,0.0,0.0,0.0,False,True
A1,,,gt,0,0.0,5,1566,0,169,0,False,False,169,1735,1735,0,0,False,False,none,after_extract,True,False,,0.0,0.0,0.0,0.0,False,True
A1,,,gt,0,0.0,6,1559,0,162,0,False,False,162,1721,1721,0,0,False,False,none,after_extract,True,False,,0.0,0.0,0.0,0.0,False,True
A1,,,gt,0,0.0,7,1354,0,137,0,False,False,137,1491,1491,0,0,False,False,none,after_extract,True,False,,0.0,0.0,0.0,0.0,False,True
A1,,,gt,0,0.0,8,1451,0,184,0,False,False,184,1635,1635,0,0,False,False,none,after_extract,True,False,,0.0,0.0,0.0,0.0,False,True
A1,,,gt,0,0.0,9,1517,0,132,0,False,False,132,1649,1649,0,0,False,False,none,after_extract,True,False,,0.0,0.0,0.0,0.0,False,True
A1,,,gt,0,0.0,0,1522,0,140,0,False,False,140,1662,1662,0,0,False,False,none,after_data_commit,True,False,,0.0,0.0,0.0,0.0,False,True
A1,,,gt,0,0.0,1,1537,0,157,0,False,False,157,1694,1694,0,0,False,False,none,after_data_commit,True,False,,0.0,0.0,0.0,0.0,False,True
A1,,,gt,0,0.0,2,1403,0,156,0,False,False,156,1559,1559,0,0,False,False,none,after_data_commit,True,False,,0.0,0.0,0.0,0.0,False,True
A1,,,gt,0,0.0,3,1459,0,151,0,False,False,151,1610,1610,0,0,False,False,none,after_data_commit,True,False,,0.0,0.0,0.0,0.0,False,True
A1,,,gt,0,0.0,4,1387,0,140,0,False,False,140,1527,1527,0,0,False,False,none,after_data_commit,True,False,,0.0,0.0,0.0,0.0,False,True
A1,,,gt,0,0.0,5,1566,0,123,0,False,False,123,1689,1689,0,0,False,False,none,after_data_commit,True,False,,0.0,0.0,0.0,0.0,False,True
A1,,,gt,0,0.0,6,1559,0,136,0,False,False,136,1695,1695,0,0,False,False,none,after_data_commit,True,False,,0.0,0.0,0.0,0.0,False,True
A1,,,gt,0,0.0,7,1354,0,132,0,False,False,132,1486,1486,0,0,False,False,none,after_data_commit,True,False,,0.0,0.0,0.0,0.0,False,True
A1,,,gt,0,0.0,8,1451,0,135,0,False,False,135,1586,1586,0,0,False,False,none,after_data_commit,True,False,,0.0,0.0,0.0,0.0,False,True
A1,,,gt,0,0.0,9,1517,0,175,0,False,False,175,1692,1692,0,0,False,False,none,after_data_commit,True,False,,0.0,0.0,0.0,0.0,False,True
A1,,,gt,0,0.0,0,1522,0,176,0,False,False,176,1698,1698,0,0,False,False,none,after_data_commit,True,False,,0.0,0.0,0.0,0.0,False,True
A1,,,gt,0,0.0,1,1537,0,154,0,False,False,154,1691,1691,0,0,False,False,none,after_data_commit,True,False,,0.0,0.0,0.0,0.0,False,True
A1,,,gt,0,0.0,2,1403,0,148,0,False,False,148,1551,1551,0,0,False,False,none,after_data_commit,True,False,,0.0,0.0,0.0,0.0,False,True
A1,,,gt,0,0.0,3,1459,0,128,0,False,False,128,1587,1587,0,0,False,False,none,after_data_commit,True,False,,0.0,0.0,0.0,0.0,False,True
A1,,,gt,0,0.0,4,1387,0,143,0,False,False,143,1530,1530,0,0,False,False,none,after_data_commit,True,False,,0.0,0.0,0.0,0.0,False,True
A1,,,gt,0,0.0,5,1566,0,163,0,False,False,163,1729,1729,0,0,False,False,none,after_data_commit,True,False,,0.0,0.0,0.0,0.0,False,True
A1,,,gt,0,0.0,6,1559,0,150,0,False,False,150,1709,1709,0,0,False,False,none,after_data_commit,True,False,,0.0,0.0,0.0,0.0,False,True
A1,,,gt,0,0.0,7,1354,0,169,0,False,False,169,1523,1523,0,0,False,False,none,after_data_commit,True,False,,0.0,0.0,0.0,0.0,False,True
A1,,,gt,0,0.0,8,1451,0,128,0,False,False,128,1579,1579,0,0,False,False,none,after_data_commit,True,False,,0.0,0.0,0.0,0.0,False,True
A1,,,gt,0,0.0,9,1517,0,222,0,False,False,222,1739,1739,0,0,False,False,none,after_data_commit,True,False,,0.0,0.0,0.0,0.0,False,True
A1,,,gt,0,0.0,0,1522,0,119,0,False,False,119,1641,1641,0,0,False,False,none,after_data_commit,True,False,,0.0,0.0,0.0,0.0,False,True
A1,,,gt,0,0.0,1,1537,0,122,0,False,False,122,1659,1659,0,0,False,False,none,after_data_commit,True,False,,0.0,0.0,0.0,0.0,False,True
A1,,,gt,0,0.0,2,1403,0,158,0,False,False,158,1561,1561,0,0,False,False,none,after_data_commit,True,False,,0.0,0.0,0.0,0.0,False,True
A1,,,gt,0,0.0,3,1459,0,138,0,False,False,138,1597,1597,0,0,False,False,none,after_data_commit,True,False,,0.0,0.0,0.0,0.0,False,True
A1,,,gt,0,0.0,4,1387,0,142,0,False,False,142,1529,1529,0,0,False,False,none,after_data_commit,True,False,,0.0,0.0,0.0,0.0,False,True
A1,,,gt,0,0.0,5,1566,0,169,0,False,False,169,1735,1735,0,0,False,False,none,after_data_commit,True,False,,0.0,0.0,0.0,0.0,False,True
A1,,,gt,0,0.0,6,1559,0,162,0,False,False,162,1721,1721,0,0,False,False,none,after_data_commit,True,False,,0.0,0.0,0.0,0.0,False,True
A1,,,gt,0,0.0,7,1354,0,137,0,False,False,137,1491,1491,0,0,False,False,none,after_data_commit,True,False,,0.0,0.0,0.0,0.0,False,True
A1,,,gt,0,0.0,8,1451,0,184,0,False,False,184,1635,1635,0,0,False,False,none,after_data_commit,True,False,,0.0,0.0,0.0,0.0,False,True
A1,,,gt,0,0.0,9,1517,0,132,0,False,False,132,1649,1649,0,0,False,False,none,after_data_commit,True,False,,0.0,0.0,0.0,0.0,False,True
A1,,,gt,0,0.0,0,1522,0,71,0,False,False,71,1593,1593,0,0,False,False,monotonic,after_extract,True,False,,0.0,0.0,0.0,0.0,False,True
A1,,,gt,0,0.0,1,1537,0,48,0,False,False,48,1585,1585,0,0,False,False,monotonic,after_extract,True,False,,0.0,0.0,0.0,0.0,False,True
A1,,,gt,0,0.0,2,1403,0,80,0,False,False,80,1483,1483,0,0,False,False,monotonic,after_extract,True,False,,0.0,0.0,0.0,0.0,False,True
A1,,,gt,0,0.0,3,1459,0,85,0,False,False,85,1544,1544,0,0,False,False,monotonic,after_extract,True,False,,0.0,0.0,0.0,0.0,False,True
A1,,,gt,0,0.0,4,1387,0,49,0,False,False,49,1436,1436,0,0,False,False,monotonic,after_extract,True,False,,0.0,0.0,0.0,0.0,False,True
A1,,,gt,0,0.0,5,1566,0,65,0,False,False,65,1631,1631,0,0,False,False,monotonic,after_extract,True,False,,0.0,0.0,0.0,0.0,False,True
A1,,,gt,0,0.0,6,1559,0,67,0,False,False,67,1626,1626,0,0,False,False,monotonic,after_extract,True,False,,0.0,0.0,0.0,0.0,False,True
A1,,,gt,0,0.0,7,1354,0,69,0,False,False,69,1423,1423,0,0,False,False,monotonic,after_extract,True,False,,0.0,0.0,0.0,0.0,False,True
A1,,,gt,0,0.0,8,1451,0,84,0,False,False,84,1535,1535,0,0,False,False,monotonic,after_extract,True,False,,0.0,0.0,0.0,0.0,False,True
A1,,,gt,0,0.0,9,1517,0,88,0,False,False,88,1605,1605,0,0,False,False,monotonic,after_extract,True,False,,0.0,0.0,0.0,0.0,False,True
A1,,,gt,0,0.0,0,1522,0,106,0,False,False,106,1628,1628,0,0,False,False,monotonic,after_extract,True,False,,0.0,0.0,0.0,0.0,False,True
A1,,,gt,0,0.0,1,1537,0,70,0,False,False,70,1607,1607,0,0,False,False,monotonic,after_extract,True,False,,0.0,0.0,0.0,0.0,False,True
A1,,,gt,0,0.0,2,1403,0,73,0,False,False,73,1476,1476,0,0,False,False,monotonic,after_extract,True,False,,0.0,0.0,0.0,0.0,False,True
A1,,,gt,0,0.0,3,1459,0,52,0,False,False,52,1511,1511,0,0,False,False,monotonic,after_extract,True,False,,0.0,0.0,0.0,0.0,False,True
A1,,,gt,0,0.0,4,1387,0,88,0,False,False,88,1475,1475,0,0,False,False,monotonic,after_extract,True,False,,0.0,0.0,0.0,0.0,False,True
A1,,,gt,0,0.0,5,1566,0,80,0,False,False,80,1646,1646,0,0,False,False,monotonic,after_extract,True,False,,0.0,0.0,0.0,0.0,False,True
A1,,,gt,0,0.0,6,1559,0,81,0,False,False,81,1640,1640,0,0,False,False,monotonic,after_extract,True,False,,0.0,0.0,0.0,0.0,False,True
A1,,,gt,0,0.0,7,1354,0,81,0,False,False,81,1435,1435,0,0,False,False,monotonic,after_extract,True,False,,0.0,0.0,0.0,0.0,False,True
A1,,,gt,0,0.0,8,1451,0,69,0,False,False,69,1520,1520,0,0,False,False,monotonic,after_extract,True,False,,0.0,0.0,0.0,0.0,False,True
A1,,,gt,0,0.0,9,1517,0,121,0,False,False,121,1638,1638,0,0,False,False,monotonic,after_extract,True,False,,0.0,0.0,0.0,0.0,False,True
A1,,,gt,0,0.0,0,1522,0,59,0,False,False,59,1581,1581,0,0,False,False,monotonic,after_extract,True,False,,0.0,0.0,0.0,0.0,False,True
A1,,,gt,0,0.0,1,1537,0,79,0,False,False,79,1616,1616,0,0,False,False,monotonic,after_extract,True,False,,0.0,0.0,0.0,0.0,False,True
A1,,,gt,0,0.0,2,1403,0,71,0,False,False,71,1474,1474,0,0,False,False,monotonic,after_extract,True,False,,0.0,0.0,0.0,0.0,False,True
A1,,,gt,0,0.0,3,1459,0,70,0,False,False,70,1529,1529,0,0,False,False,monotonic,after_extract,True,False,,0.0,0.0,0.0,0.0,False,True
A1,,,gt,0,0.0,4,1387,0,74,0,False,False,74,1461,1461,0,0,False,False,monotonic,after_extract,True,False,,0.0,0.0,0.0,0.0,False,True
A1,,,gt,0,0.0,5,1566,0,87,0,False,False,87,1653,1653,0,0,False,False,monotonic,after_extract,True,False,,0.0,0.0,0.0,0.0,False,True
A1,,,gt,0,0.0,6,1559,0,73,0,False,False,73,1632,1632,0,0,False,False,monotonic,after_extract,True,False,,0.0,0.0,0.0,0.0,False,True
A1,,,gt,0,0.0,7,1354,0,83,0,False,False,83,1437,1437,0,0,False,False,monotonic,after_extract,True,False,,0.0,0.0,0.0,0.0,False,True
A1,,,gt,0,0.0,8,1451,0,97,0,False,False,97,1548,1548,0,0,False,False,monotonic,after_extract,True,False,,0.0,0.0,0.0,0.0,False,True
A1,,,gt,0,0.0,9,1517,0,58,0,False,False,58,1575,1575,0,0,False,False,monotonic,after_extract,True,False,,0.0,0.0,0.0,0.0,False,True
A1,,,gt,0,0.0,0,1522,0,71,0,False,False,71,1593,1593,0,0,False,False,monotonic,after_data_commit,True,False,,0.0,0.0,0.0,0.0,False,True
A1,,,gt,0,0.0,1,1537,0,48,0,False,False,48,1585,1585,0,0,False,False,monotonic,after_data_commit,True,False,,0.0,0.0,0.0,0.0,False,True
A1,,,gt,0,0.0,2,1403,0,80,0,False,False,80,1483,1483,0,0,False,False,monotonic,after_data_commit,True,False,,0.0,0.0,0.0,0.0,False,True
A1,,,gt,0,0.0,3,1459,0,85,0,False,False,85,1544,1544,0,0,False,False,monotonic,after_data_commit,True,False,,0.0,0.0,0.0,0.0,False,True
A1,,,gt,0,0.0,4,1387,0,49,0,False,False,49,1436,1436,0,0,False,False,monotonic,after_data_commit,True,False,,0.0,0.0,0.0,0.0,False,True
A1,,,gt,0,0.0,5,1566,0,65,0,False,False,65,1631,1631,0,0,False,False,monotonic,after_data_commit,True,False,,0.0,0.0,0.0,0.0,False,True
A1,,,gt,0,0.0,6,1559,0,67,0,False,False,67,1626,1626,0,0,False,False,monotonic,after_data_commit,True,False,,0.0,0.0,0.0,0.0,False,True
A1,,,gt,0,0.0,7,1354,0,69,0,False,False,69,1423,1423,0,0,False,False,monotonic,after_data_commit,True,False,,0.0,0.0,0.0,0.0,False,True
A1,,,gt,0,0.0,8,1451,0,84,0,False,False,84,1535,1535,0,0,False,False,monotonic,after_data_commit,True,False,,0.0,0.0,0.0,0.0,False,True
A1,,,gt,0,0.0,9,1517,0,88,0,False,False,88,1605,1605,0,0,False,False,monotonic,after_data_commit,True,False,,0.0,0.0,0.0,0.0,False,True
A1,,,gt,0,0.0,0,1522,0,106,0,False,False,106,1628,1628,0,0,False,False,monotonic,after_data_commit,True,False,,0.0,0.0,0.0,0.0,False,True
A1,,,gt,0,0.0,1,1537,0,70,0,False,False,70,1607,1607,0,0,False,False,monotonic,after_data_commit,True,False,,0.0,0.0,0.0,0.0,False,True
A1,,,gt,0,0.0,2,1403,0,73,0,False,False,73,1476,1476,0,0,False,False,monotonic,after_data_commit,True,False,,0.0,0.0,0.0,0.0,False,True
A1,,,gt,0,0.0,3,1459,0,52,0,False,False,52,1511,1511,0,0,False,False,monotonic,after_data_commit,True,False,,0.0,0.0,0.0,0.0,False,True
A1,,,gt,0,0.0,4,1387,0,88,0,False,False,88,1475,1475,0,0,False,False,monotonic,after_data_commit,True,False,,0.0,0.0,0.0,0.0,False,True
A1,,,gt,0,0.0,5,1566,0,80,0,False,False,80,1646,1646,0,0,False,False,monotonic,after_data_commit,True,False,,0.0,0.0,0.0,0.0,False,True
A1,,,gt,0,0.0,6,1559,0,81,0,False,False,81,1640,1640,0,0,False,False,monotonic,after_data_commit,True,False,,0.0,0.0,0.0,0.0,False,True
A1,,,gt,0,0.0,7,1354,0,81,0,False,False,81,1435,1435,0,0,False,False,monotonic,after_data_commit,True,False,,0.0,0.0,0.0,0.0,False,True
A1,,,gt,0,0.0,8,1451,0,69,0,False,False,69,1520,1520,0,0,False,False,monotonic,after_data_commit,True,False,,0.0,0.0,0.0,0.0,False,True
A1,,,gt,0,0.0,9,1517,0,121,0,False,False,121,1638,1638,0,0,False,False,monotonic,after_data_commit,True,False,,0.0,0.0,0.0,0.0,False,True
A1,,,gt,0,0.0,0,1522,0,59,0,False,False,59,1581,1581,0,0,False,False,monotonic,after_data_commit,True,False,,0.0,0.0,0.0,0.0,False,True
A1,,,gt,0,0.0,1,1537,0,79,0,False,False,79,1616,1616,0,0,False,False,monotonic,after_data_commit,True,False,,0.0,0.0,0.0,0.0,False,True
A1,,,gt,0,0.0,2,1403,0,71,0,False,False,71,1474,1474,0,0,False,False,monotonic,after_data_commit,True,False,,0.0,0.0,0.0,0.0,False,True
A1,,,gt,0,0.0,3,1459,0,70,0,False,False,70,1529,1529,0,0,False,False,monotonic,after_data_commit,True,False,,0.0,0.0,0.0,0.0,False,True
A1,,,gt,0,0.0,4,1387,0,74,0,False,False,74,1461,1461,0,0,False,False,monotonic,after_data_commit,True,False,,0.0,0.0,0.0,0.0,False,True
A1,,,gt,0,0.0,5,1566,0,87,0,False,False,87,1653,1653,0,0,False,False,monotonic,after_data_commit,True,False,,0.0,0.0,0.0,0.0,False,True
A1,,,gt,0,0.0,6,1559,0,73,0,False,False,73,1632,1632,0,0,False,False,monotonic,after_data_commit,True,False,,0.0,0.0,0.0,0.0,False,True
A1,,,gt,0,0.0,7,1354,0,83,0,False,False,83,1437,1437,0,0,False,False,monotonic,after_data_commit,True,False,,0.0,0.0,0.0,0.0,False,True
A1,,,gt,0,0.0,8,1451,0,97,0,False,False,97,1548,1548,0,0,False,False,monotonic,after_data_commit,True,False,,0.0,0.0,0.0,0.0,False,True
A1,,,gt,0,0.0,9,1517,0,58,0,False,False,58,1575,1575,0,0,False,False,monotonic,after_data_commit,True,False,,0.0,0.0,0.0,0.0,False,True
A1,,,gt,0,0.0,0,1522,0,71,0,False,False,71,1593,1593,0,0,False,False,cas,after_extract,True,True,,0.0,0.0,0.0,0.0,False,True
A1,,,gt,0,0.0,1,1537,0,48,0,False,False,48,1585,1585,0,0,False,False,cas,after_extract,True,True,,0.0,0.0,0.0,0.0,False,True
A1,,,gt,0,0.0,2,1403,0,80,0,False,False,80,1483,1483,0,0,False,False,cas,after_extract,True,True,,0.0,0.0,0.0,0.0,False,True
A1,,,gt,0,0.0,3,1459,0,85,0,False,False,85,1544,1544,0,0,False,False,cas,after_extract,True,True,,0.0,0.0,0.0,0.0,False,True
A1,,,gt,0,0.0,4,1387,0,49,0,False,False,49,1436,1436,0,0,False,False,cas,after_extract,True,True,,0.0,0.0,0.0,0.0,False,True
A1,,,gt,0,0.0,5,1566,0,65,0,False,False,65,1631,1631,0,0,False,False,cas,after_extract,True,True,,0.0,0.0,0.0,0.0,False,True
A1,,,gt,0,0.0,6,1559,0,67,0,False,False,67,1626,1626,0,0,False,False,cas,after_extract,True,True,,0.0,0.0,0.0,0.0,False,True
A1,,,gt,0,0.0,7,1354,0,69,0,False,False,69,1423,1423,0,0,False,False,cas,after_extract,True,True,,0.0,0.0,0.0,0.0,False,True
A1,,,gt,0,0.0,8,1451,0,84,0,False,False,84,1535,1535,0,0,False,False,cas,after_extract,True,True,,0.0,0.0,0.0,0.0,False,True
A1,,,gt,0,0.0,9,1517,0,88,0,False,False,88,1605,1605,0,0,False,False,cas,after_extract,True,True,,0.0,0.0,0.0,0.0,False,True
A1,,,gt,0,0.0,0,1522,0,106,0,False,False,106,1628,1628,0,0,False,False,cas,after_extract,True,True,,0.0,0.0,0.0,0.0,False,True
A1,,,gt,0,0.0,1,1537,0,70,0,False,False,70,1607,1607,0,0,False,False,cas,after_extract,True,True,,0.0,0.0,0.0,0.0,False,True
A1,,,gt,0,0.0,2,1403,0,73,0,False,False,73,1476,1476,0,0,False,False,cas,after_extract,True,True,,0.0,0.0,0.0,0.0,False,True
A1,,,gt,0,0.0,3,1459,0,52,0,False,False,52,1511,1511,0,0,False,False,cas,after_extract,True,True,,0.0,0.0,0.0,0.0,False,True
A1,,,gt,0,0.0,4,1387,0,88,0,False,False,88,1475,1475,0,0,False,False,cas,after_extract,True,True,,0.0,0.0,0.0,0.0,False,True
A1,,,gt,0,0.0,5,1566,0,80,0,False,False,80,1646,1646,0,0,False,False,cas,after_extract,True,True,,0.0,0.0,0.0,0.0,False,True
A1,,,gt,0,0.0,6,1559,0,81,0,False,False,81,1640,1640,0,0,False,False,cas,after_extract,True,True,,0.0,0.0,0.0,0.0,False,True
A1,,,gt,0,0.0,7,1354,0,81,0,False,False,81,1435,1435,0,0,False,False,cas,after_extract,True,True,,0.0,0.0,0.0,0.0,False,True
A1,,,gt,0,0.0,8,1451,0,69,0,False,False,69,1520,1520,0,0,False,False,cas,after_extract,True,True,,0.0,0.0,0.0,0.0,False,True
A1,,,gt,0,0.0,9,1517,0,121,0,False,False,121,1638,1638,0,0,False,False,cas,after_extract,True,True,,0.0,0.0,0.0,0.0,False,True
A1,,,gt,0,0.0,0,1522,0,59,0,False,False,59,1581,1581,0,0,False,False,cas,after_extract,True,True,,0.0,0.0,0.0,0.0,False,True
A1,,,gt,0,0.0,1,1537,0,79,0,False,False,79,1616,1616,0,0,False,False,cas,after_extract,True,True,,0.0,0.0,0.0,0.0,False,True
A1,,,gt,0,0.0,2,1403,0,71,0,False,False,71,1474,1474,0,0,False,False,cas,after_extract,True,True,,0.0,0.0,0.0,0.0,False,True
A1,,,gt,0,0.0,3,1459,0,70,0,False,False,70,1529,1529,0,0,False,False,cas,after_extract,True,True,,0.0,0.0,0.0,0.0,False,True
A1,,,gt,0,0.0,4,1387,0,74,0,False,False,74,1461,1461,0,0,False,False,cas,after_extract,True,True,,0.0,0.0,0.0,0.0,False,True
A1,,,gt,0,0.0,5,1566,0,87,0,False,False,87,1653,1653,0,0,False,False,cas,after_extract,True,True,,0.0,0.0,0.0,0.0,False,True
A1,,,gt,0,0.0,6,1559,0,73,0,False,False,73,1632,1632,0,0,False,False,cas,after_extract,True,True,,0.0,0.0,0.0,0.0,False,True
A1,,,gt,0,0.0,7,1354,0,83,0,False,False,83,1437,1437,0,0,False,False,cas,after_extract,True,True,,0.0,0.0,0.0,0.0,False,True
A1,,,gt,0,0.0,8,1451,0,97,0,False,False,97,1548,1548,0,0,False,False,cas,after_extract,True,True,,0.0,0.0,0.0,0.0,False,True
A1,,,gt,0,0.0,9,1517,0,58,0,False,False,58,1575,1575,0,0,False,False,cas,after_extract,True,True,,0.0,0.0,0.0,0.0,False,True
A1,,,gt,0,0.0,0,1522,0,71,0,False,False,71,1593,1593,0,0,False,False,cas,after_data_commit,True,True,,0.0,0.0,0.0,0.0,False,True
A1,,,gt,0,0.0,1,1537,0,48,0,False,False,48,1585,1585,0,0,False,False,cas,after_data_commit,True,True,,0.0,0.0,0.0,0.0,False,True
A1,,,gt,0,0.0,2,1403,0,80,0,False,False,80,1483,1483,0,0,False,False,cas,after_data_commit,True,True,,0.0,0.0,0.0,0.0,False,True
A1,,,gt,0,0.0,3,1459,0,85,0,False,False,85,1544,1544,0,0,False,False,cas,after_data_commit,True,True,,0.0,0.0,0.0,0.0,False,True
A1,,,gt,0,0.0,4,1387,0,49,0,False,False,49,1436,1436,0,0,False,False,cas,after_data_commit,True,True,,0.0,0.0,0.0,0.0,False,True
A1,,,gt,0,0.0,5,1566,0,65,0,False,False,65,1631,1631,0,0,False,False,cas,after_data_commit,True,True,,0.0,0.0,0.0,0.0,False,True
A1,,,gt,0,0.0,6,1559,0,67,0,False,False,67,1626,1626,0,0,False,False,cas,after_data_commit,True,True,,0.0,0.0,0.0,0.0,False,True
A1,,,gt,0,0.0,7,1354,0,69,0,False,False,69,1423,1423,0,0,False,False,cas,after_data_commit,True,True,,0.0,0.0,0.0,0.0,False,True
A1,,,gt,0,0.0,8,1451,0,84,0,False,False,84,1535,1535,0,0,False,False,cas,after_data_commit,True,True,,0.0,0.0,0.0,0.0,False,True
A1,,,gt,0,0.0,9,1517,0,88,0,False,False,88,1605,1605,0,0,False,False,cas,after_data_commit,True,True,,0.0,0.0,0.0,0.0,False,True
A1,,,gt,0,0.0,0,1522,0,106,0,False,False,106,1628,1628,0,0,False,False,cas,after_data_commit,True,True,,0.0,0.0,0.0,0.0,False,True
A1,,,gt,0,0.0,1,1537,0,70,0,False,False,70,1607,1607,0,0,False,False,cas,after_data_commit,True,True,,0.0,0.0,0.0,0.0,False,True
A1,,,gt,0,0.0,2,1403,0,73,0,False,False,73,1476,1476,0,0,False,False,cas,after_data_commit,True,True,,0.0,0.0,0.0,0.0,False,True
A1,,,gt,0,0.0,3,1459,0,52,0,False,False,52,1511,1511,0,0,False,False,cas,after_data_commit,True,True,,0.0,0.0,0.0,0.0,False,True
A1,,,gt,0,0.0,4,1387,0,88,0,False,False,88,1475,1475,0,0,False,False,cas,after_data_commit,True,True,,0.0,0.0,0.0,0.0,False,True
A1,,,gt,0,0.0,5,1566,0,80,0,False,False,80,1646,1646,0,0,False,False,cas,after_data_commit,True,True,,0.0,0.0,0.0,0.0,False,True
A1,,,gt,0,0.0,6,1559,0,81,0,False,False,81,1640,1640,0,0,False,False,cas,after_data_commit,True,True,,0.0,0.0,0.0,0.0,False,True
A1,,,gt,0,0.0,7,1354,0,81,0,False,False,81,1435,1435,0,0,False,False,cas,after_data_commit,True,True,,0.0,0.0,0.0,0.0,False,True
A1,,,gt,0,0.0,8,1451,0,69,0,False,False,69,1520,1520,0,0,False,False,cas,after_data_commit,True,True,,0.0,0.0,0.0,0.0,False,True
A1,,,gt,0,0.0,9,1517,0,121,0,False,False,121,1638,1638,0,0,False,False,cas,after_data_commit,True,True,,0.0,0.0,0.0,0.0,False,True
A1,,,gt,0,0.0,0,1522,0,59,0,False,False,59,1581,1581,0,0,False,False,cas,after_data_commit,True,True,,0.0,0.0,0.0,0.0,False,True
A1,,,gt,0,0.0,1,1537,0,79,0,False,False,79,1616,1616,0,0,False,False,cas,after_data_commit,True,True,,0.0,0.0,0.0,0.0,False,True
A1,,,gt,0,0.0,2,1403,0,71,0,False,False,71,1474,1474,0,0,False,False,cas,after_data_commit,True,True,,0.0,0.0,0.0,0.0,False,True
A1,,,gt,0,0.0,3,1459,0,70,0,False,False,70,1529,1529,0,0,False,False,cas,after_data_commit,True,True,,0.0,0.0,0.0,0.0,False,True
A1,,,gt,0,0.0,4,1387,0,74,0,False,False,74,1461,1461,0,0,False,False,cas,after_data_commit,True,True,,0.0,0.0,0.0,0.0,False,True
A1,,,gt,0,0.0,5,1566,0,87,0,False,False,87,1653,1653,0,0,False,False,cas,after_data_commit,True,True,,0.0,0.0,0.0,0.0,False,True
A1,,,gt,0,0.0,6,1559,0,73,0,False,False,73,1632,1632,0,0,False,False,cas,after_data_commit,True,True,,0.0,0.0,0.0,0.0,False,True
A1,,,gt,0,0.0,7,1354,0,83,0,False,False,83,1437,1437,0,0,False,False,cas,after_data_commit,True,True,,0.0,0.0,0.0,0.0,False,True
A1,,,gt,0,0.0,8,1451,0,97,0,False,False,97,1548,1548,0,0,False,False,cas,after_data_commit,True,True,,0.0,0.0,0.0,0.0,False,True
A1,,,gt,0,0.0,9,1517,0,58,0,False,False,58,1575,1575,0,0,False,False,cas,after_data_commit,True,True,,0.0,0.0,0.0,0.0,False,True
A2,,,gt,0,0.0,0,1522,0,140,0,False,False,140,1662,1662,0,0,False,False,none,after_extract,True,False,,0.0,0.0,0.0,0.0,False,True
A2,,,gt,0,0.0,1,1537,0,157,0,False,False,157,1694,1694,0,0,False,False,none,after_extract,True,False,,0.0,0.0,0.0,0.0,False,True
A2,,,gt,0,0.0,2,1403,0,156,0,False,False,156,1559,1559,0,0,False,False,none,after_extract,True,False,,0.0,0.0,0.0,0.0,False,True
A2,,,gt,0,0.0,3,1459,0,151,0,False,False,151,1610,1610,0,0,False,False,none,after_extract,True,False,,0.0,0.0,0.0,0.0,False,True
A2,,,gt,0,0.0,4,1387,0,140,0,False,False,140,1527,1527,0,0,False,False,none,after_extract,True,False,,0.0,0.0,0.0,0.0,False,True
A2,,,gt,0,0.0,5,1566,0,123,0,False,False,123,1689,1689,0,0,False,False,none,after_extract,True,False,,0.0,0.0,0.0,0.0,False,True
A2,,,gt,0,0.0,6,1559,0,136,0,False,False,136,1695,1695,0,0,False,False,none,after_extract,True,False,,0.0,0.0,0.0,0.0,False,True
A2,,,gt,0,0.0,7,1354,0,132,0,False,False,132,1486,1486,0,0,False,False,none,after_extract,True,False,,0.0,0.0,0.0,0.0,False,True
A2,,,gt,0,0.0,8,1451,0,135,0,False,False,135,1586,1586,0,0,False,False,none,after_extract,True,False,,0.0,0.0,0.0,0.0,False,True
A2,,,gt,0,0.0,9,1517,0,175,0,False,False,175,1692,1692,0,0,False,False,none,after_extract,True,False,,0.0,0.0,0.0,0.0,False,True
A2,,,gt,0,0.0,0,1522,0,176,0,False,False,176,1698,1698,0,0,False,False,none,after_extract,True,False,,0.0,0.0,0.0,0.0,False,True
A2,,,gt,0,0.0,1,1537,0,154,0,False,False,154,1691,1691,0,0,False,False,none,after_extract,True,False,,0.0,0.0,0.0,0.0,False,True
A2,,,gt,0,0.0,2,1403,0,148,0,False,False,148,1551,1551,0,0,False,False,none,after_extract,True,False,,0.0,0.0,0.0,0.0,False,True
A2,,,gt,0,0.0,3,1459,0,128,0,False,False,128,1587,1587,0,0,False,False,none,after_extract,True,False,,0.0,0.0,0.0,0.0,False,True
A2,,,gt,0,0.0,4,1387,0,143,0,False,False,143,1530,1530,0,0,False,False,none,after_extract,True,False,,0.0,0.0,0.0,0.0,False,True
A2,,,gt,0,0.0,5,1566,0,163,0,False,False,163,1729,1729,0,0,False,False,none,after_extract,True,False,,0.0,0.0,0.0,0.0,False,True
A2,,,gt,0,0.0,6,1559,0,150,0,False,False,150,1709,1709,0,0,False,False,none,after_extract,True,False,,0.0,0.0,0.0,0.0,False,True
A2,,,gt,0,0.0,7,1354,0,169,0,False,False,169,1523,1523,0,0,False,False,none,after_extract,True,False,,0.0,0.0,0.0,0.0,False,True
A2,,,gt,0,0.0,8,1451,0,128,0,False,False,128,1579,1579,0,0,False,False,none,after_extract,True,False,,0.0,0.0,0.0,0.0,False,True
A2,,,gt,0,0.0,9,1517,0,222,0,False,False,222,1739,1739,0,0,False,False,none,after_extract,True,False,,0.0,0.0,0.0,0.0,False,True
A2,,,gt,0,0.0,0,1522,0,119,0,False,False,119,1641,1641,0,0,False,False,none,after_extract,True,False,,0.0,0.0,0.0,0.0,False,True
A2,,,gt,0,0.0,1,1537,0,122,0,False,False,122,1659,1659,0,0,False,False,none,after_extract,True,False,,0.0,0.0,0.0,0.0,False,True
A2,,,gt,0,0.0,2,1403,0,158,0,False,False,158,1561,1561,0,0,False,False,none,after_extract,True,False,,0.0,0.0,0.0,0.0,False,True
A2,,,gt,0,0.0,3,1459,0,138,0,False,False,138,1597,1597,0,0,False,False,none,after_extract,True,False,,0.0,0.0,0.0,0.0,False,True
A2,,,gt,0,0.0,4,1387,0,142,0,False,False,142,1529,1529,0,0,False,False,none,after_extract,True,False,,0.0,0.0,0.0,0.0,False,True
A2,,,gt,0,0.0,5,1566,0,169,0,False,False,169,1735,1735,0,0,False,False,none,after_extract,True,False,,0.0,0.0,0.0,0.0,False,True
A2,,,gt,0,0.0,6,1559,0,162,0,False,False,162,1721,1721,0,0,False,False,none,after_extract,True,False,,0.0,0.0,0.0,0.0,False,True
A2,,,gt,0,0.0,7,1354,0,137,0,False,False,137,1491,1491,0,0,False,False,none,after_extract,True,False,,0.0,0.0,0.0,0.0,False,True
A2,,,gt,0,0.0,8,1451,0,184,0,False,False,184,1635,1635,0,0,False,False,none,after_extract,True,False,,0.0,0.0,0.0,0.0,False,True
A2,,,gt,0,0.0,9,1517,0,132,0,False,False,132,1649,1649,0,0,False,False,none,after_extract,True,False,,0.0,0.0,0.0,0.0,False,True
A2,,,gt,0,0.0,0,1522,0,0,0,False,False,0,1522,1522,0,0,False,False,none,after_wm_commit,True,False,,0.0,0.0,0.0,0.0,True,True
A2,,,gt,0,0.0,1,1537,0,0,0,False,False,0,1537,1537,0,0,False,False,none,after_wm_commit,True,False,,0.0,0.0,0.0,0.0,True,True
A2,,,gt,0,0.0,2,1403,0,0,0,False,False,0,1403,1403,0,0,False,False,none,after_wm_commit,True,False,,0.0,0.0,0.0,0.0,True,True
A2,,,gt,0,0.0,3,1459,0,0,0,False,False,0,1459,1459,0,0,False,False,none,after_wm_commit,True,False,,0.0,0.0,0.0,0.0,True,True
A2,,,gt,0,0.0,4,1387,0,0,0,False,False,0,1387,1387,0,0,False,False,none,after_wm_commit,True,False,,0.0,0.0,0.0,0.0,True,True
A2,,,gt,0,0.0,5,1566,0,0,0,False,False,0,1566,1566,0,0,False,False,none,after_wm_commit,True,False,,0.0,0.0,0.0,0.0,True,True
A2,,,gt,0,0.0,6,1559,0,0,0,False,False,0,1559,1559,0,0,False,False,none,after_wm_commit,True,False,,0.0,0.0,0.0,0.0,True,True
A2,,,gt,0,0.0,7,1354,0,0,0,False,False,0,1354,1354,0,0,False,False,none,after_wm_commit,True,False,,0.0,0.0,0.0,0.0,True,True
A2,,,gt,0,0.0,8,1451,0,0,0,False,False,0,1451,1451,0,0,False,False,none,after_wm_commit,True,False,,0.0,0.0,0.0,0.0,True,True
A2,,,gt,0,0.0,9,1517,0,0,0,False,False,0,1517,1517,0,0,False,False,none,after_wm_commit,True,False,,0.0,0.0,0.0,0.0,True,True
A2,,,gt,0,0.0,0,1522,0,0,0,False,False,0,1522,1522,0,0,False,False,none,after_wm_commit,True,False,,0.0,0.0,0.0,0.0,True,True
A2,,,gt,0,0.0,1,1537,0,0,0,False,False,0,1537,1537,0,0,False,False,none,after_wm_commit,True,False,,0.0,0.0,0.0,0.0,True,True
A2,,,gt,0,0.0,2,1403,0,0,0,False,False,0,1403,1403,0,0,False,False,none,after_wm_commit,True,False,,0.0,0.0,0.0,0.0,True,True
A2,,,gt,0,0.0,3,1459,0,0,0,False,False,0,1459,1459,0,0,False,False,none,after_wm_commit,True,False,,0.0,0.0,0.0,0.0,True,True
A2,,,gt,0,0.0,4,1387,0,0,0,False,False,0,1387,1387,0,0,False,False,none,after_wm_commit,True,False,,0.0,0.0,0.0,0.0,True,True
A2,,,gt,0,0.0,5,1566,0,0,0,False,False,0,1566,1566,0,0,False,False,none,after_wm_commit,True,False,,0.0,0.0,0.0,0.0,True,True
A2,,,gt,0,0.0,6,1559,0,0,0,False,False,0,1559,1559,0,0,False,False,none,after_wm_commit,True,False,,0.0,0.0,0.0,0.0,True,True
A2,,,gt,0,0.0,7,1354,0,0,0,False,False,0,1354,1354,0,0,False,False,none,after_wm_commit,True,False,,0.0,0.0,0.0,0.0,True,True
A2,,,gt,0,0.0,8,1451,0,0,0,False,False,0,1451,1451,0,0,False,False,none,after_wm_commit,True,False,,0.0,0.0,0.0,0.0,True,True
A2,,,gt,0,0.0,9,1517,0,0,0,False,False,0,1517,1517,0,0,False,False,none,after_wm_commit,True,False,,0.0,0.0,0.0,0.0,True,True
A2,,,gt,0,0.0,0,1522,0,0,0,False,False,0,1522,1522,0,0,False,False,none,after_wm_commit,True,False,,0.0,0.0,0.0,0.0,True,True
A2,,,gt,0,0.0,1,1537,0,0,0,False,False,0,1537,1537,0,0,False,False,none,after_wm_commit,True,False,,0.0,0.0,0.0,0.0,True,True
A2,,,gt,0,0.0,2,1403,0,0,0,False,False,0,1403,1403,0,0,False,False,none,after_wm_commit,True,False,,0.0,0.0,0.0,0.0,True,True
A2,,,gt,0,0.0,3,1459,0,0,0,False,False,0,1459,1459,0,0,False,False,none,after_wm_commit,True,False,,0.0,0.0,0.0,0.0,True,True
A2,,,gt,0,0.0,4,1387,0,0,0,False,False,0,1387,1387,0,0,False,False,none,after_wm_commit,True,False,,0.0,0.0,0.0,0.0,True,True
A2,,,gt,0,0.0,5,1566,0,0,0,False,False,0,1566,1566,0,0,False,False,none,after_wm_commit,True,False,,0.0,0.0,0.0,0.0,True,True
A2,,,gt,0,0.0,6,1559,0,0,0,False,False,0,1559,1559,0,0,False,False,none,after_wm_commit,True,False,,0.0,0.0,0.0,0.0,True,True
A2,,,gt,0,0.0,7,1354,0,0,0,False,False,0,1354,1354,0,0,False,False,none,after_wm_commit,True,False,,0.0,0.0,0.0,0.0,True,True
A2,,,gt,0,0.0,8,1451,0,0,0,False,False,0,1451,1451,0,0,False,False,none,after_wm_commit,True,False,,0.0,0.0,0.0,0.0,True,True
A2,,,gt,0,0.0,9,1517,0,0,0,False,False,0,1517,1517,0,0,False,False,none,after_wm_commit,True,False,,0.0,0.0,0.0,0.0,True,True
A2,,,gt,0,0.0,0,1522,0,71,0,False,False,71,1593,1593,0,0,False,False,monotonic,after_extract,True,False,,0.0,0.0,0.0,0.0,False,True
A2,,,gt,0,0.0,1,1537,0,48,0,False,False,48,1585,1585,0,0,False,False,monotonic,after_extract,True,False,,0.0,0.0,0.0,0.0,False,True
A2,,,gt,0,0.0,2,1403,0,80,0,False,False,80,1483,1483,0,0,False,False,monotonic,after_extract,True,False,,0.0,0.0,0.0,0.0,False,True
A2,,,gt,0,0.0,3,1459,0,85,0,False,False,85,1544,1544,0,0,False,False,monotonic,after_extract,True,False,,0.0,0.0,0.0,0.0,False,True
A2,,,gt,0,0.0,4,1387,0,49,0,False,False,49,1436,1436,0,0,False,False,monotonic,after_extract,True,False,,0.0,0.0,0.0,0.0,False,True
A2,,,gt,0,0.0,5,1566,0,65,0,False,False,65,1631,1631,0,0,False,False,monotonic,after_extract,True,False,,0.0,0.0,0.0,0.0,False,True
A2,,,gt,0,0.0,6,1559,0,67,0,False,False,67,1626,1626,0,0,False,False,monotonic,after_extract,True,False,,0.0,0.0,0.0,0.0,False,True
A2,,,gt,0,0.0,7,1354,0,69,0,False,False,69,1423,1423,0,0,False,False,monotonic,after_extract,True,False,,0.0,0.0,0.0,0.0,False,True
A2,,,gt,0,0.0,8,1451,0,84,0,False,False,84,1535,1535,0,0,False,False,monotonic,after_extract,True,False,,0.0,0.0,0.0,0.0,False,True
A2,,,gt,0,0.0,9,1517,0,88,0,False,False,88,1605,1605,0,0,False,False,monotonic,after_extract,True,False,,0.0,0.0,0.0,0.0,False,True
A2,,,gt,0,0.0,0,1522,0,106,0,False,False,106,1628,1628,0,0,False,False,monotonic,after_extract,True,False,,0.0,0.0,0.0,0.0,False,True
A2,,,gt,0,0.0,1,1537,0,70,0,False,False,70,1607,1607,0,0,False,False,monotonic,after_extract,True,False,,0.0,0.0,0.0,0.0,False,True
A2,,,gt,0,0.0,2,1403,0,73,0,False,False,73,1476,1476,0,0,False,False,monotonic,after_extract,True,False,,0.0,0.0,0.0,0.0,False,True
A2,,,gt,0,0.0,3,1459,0,52,0,False,False,52,1511,1511,0,0,False,False,monotonic,after_extract,True,False,,0.0,0.0,0.0,0.0,False,True
A2,,,gt,0,0.0,4,1387,0,88,0,False,False,88,1475,1475,0,0,False,False,monotonic,after_extract,True,False,,0.0,0.0,0.0,0.0,False,True
A2,,,gt,0,0.0,5,1566,0,80,0,False,False,80,1646,1646,0,0,False,False,monotonic,after_extract,True,False,,0.0,0.0,0.0,0.0,False,True
A2,,,gt,0,0.0,6,1559,0,81,0,False,False,81,1640,1640,0,0,False,False,monotonic,after_extract,True,False,,0.0,0.0,0.0,0.0,False,True
A2,,,gt,0,0.0,7,1354,0,81,0,False,False,81,1435,1435,0,0,False,False,monotonic,after_extract,True,False,,0.0,0.0,0.0,0.0,False,True
A2,,,gt,0,0.0,8,1451,0,69,0,False,False,69,1520,1520,0,0,False,False,monotonic,after_extract,True,False,,0.0,0.0,0.0,0.0,False,True
A2,,,gt,0,0.0,9,1517,0,121,0,False,False,121,1638,1638,0,0,False,False,monotonic,after_extract,True,False,,0.0,0.0,0.0,0.0,False,True
A2,,,gt,0,0.0,0,1522,0,59,0,False,False,59,1581,1581,0,0,False,False,monotonic,after_extract,True,False,,0.0,0.0,0.0,0.0,False,True
A2,,,gt,0,0.0,1,1537,0,79,0,False,False,79,1616,1616,0,0,False,False,monotonic,after_extract,True,False,,0.0,0.0,0.0,0.0,False,True
A2,,,gt,0,0.0,2,1403,0,71,0,False,False,71,1474,1474,0,0,False,False,monotonic,after_extract,True,False,,0.0,0.0,0.0,0.0,False,True
A2,,,gt,0,0.0,3,1459,0,70,0,False,False,70,1529,1529,0,0,False,False,monotonic,after_extract,True,False,,0.0,0.0,0.0,0.0,False,True
A2,,,gt,0,0.0,4,1387,0,74,0,False,False,74,1461,1461,0,0,False,False,monotonic,after_extract,True,False,,0.0,0.0,0.0,0.0,False,True
A2,,,gt,0,0.0,5,1566,0,87,0,False,False,87,1653,1653,0,0,False,False,monotonic,after_extract,True,False,,0.0,0.0,0.0,0.0,False,True
A2,,,gt,0,0.0,6,1559,0,73,0,False,False,73,1632,1632,0,0,False,False,monotonic,after_extract,True,False,,0.0,0.0,0.0,0.0,False,True
A2,,,gt,0,0.0,7,1354,0,83,0,False,False,83,1437,1437,0,0,False,False,monotonic,after_extract,True,False,,0.0,0.0,0.0,0.0,False,True
A2,,,gt,0,0.0,8,1451,0,97,0,False,False,97,1548,1548,0,0,False,False,monotonic,after_extract,True,False,,0.0,0.0,0.0,0.0,False,True
A2,,,gt,0,0.0,9,1517,0,58,0,False,False,58,1575,1575,0,0,False,False,monotonic,after_extract,True,False,,0.0,0.0,0.0,0.0,False,True
A2,,,gt,0,0.0,0,1522,0,0,0,False,False,0,1522,1522,0,0,False,False,monotonic,after_wm_commit,True,False,,0.0,0.0,0.0,0.0,True,True
A2,,,gt,0,0.0,1,1537,0,0,0,False,False,0,1537,1537,0,0,False,False,monotonic,after_wm_commit,True,False,,0.0,0.0,0.0,0.0,True,True
A2,,,gt,0,0.0,2,1403,0,0,0,False,False,0,1403,1403,0,0,False,False,monotonic,after_wm_commit,True,False,,0.0,0.0,0.0,0.0,True,True
A2,,,gt,0,0.0,3,1459,0,0,0,False,False,0,1459,1459,0,0,False,False,monotonic,after_wm_commit,True,False,,0.0,0.0,0.0,0.0,True,True
A2,,,gt,0,0.0,4,1387,0,0,0,False,False,0,1387,1387,0,0,False,False,monotonic,after_wm_commit,True,False,,0.0,0.0,0.0,0.0,True,True
A2,,,gt,0,0.0,5,1566,0,0,0,False,False,0,1566,1566,0,0,False,False,monotonic,after_wm_commit,True,False,,0.0,0.0,0.0,0.0,True,True
A2,,,gt,0,0.0,6,1559,0,0,0,False,False,0,1559,1559,0,0,False,False,monotonic,after_wm_commit,True,False,,0.0,0.0,0.0,0.0,True,True
A2,,,gt,0,0.0,7,1354,0,0,0,False,False,0,1354,1354,0,0,False,False,monotonic,after_wm_commit,True,False,,0.0,0.0,0.0,0.0,True,True
A2,,,gt,0,0.0,8,1451,0,0,0,False,False,0,1451,1451,0,0,False,False,monotonic,after_wm_commit,True,False,,0.0,0.0,0.0,0.0,True,True
A2,,,gt,0,0.0,9,1517,0,0,0,False,False,0,1517,1517,0,0,False,False,monotonic,after_wm_commit,True,False,,0.0,0.0,0.0,0.0,True,True
A2,,,gt,0,0.0,0,1522,0,0,0,False,False,0,1522,1522,0,0,False,False,monotonic,after_wm_commit,True,False,,0.0,0.0,0.0,0.0,True,True
A2,,,gt,0,0.0,1,1537,0,0,0,False,False,0,1537,1537,0,0,False,False,monotonic,after_wm_commit,True,False,,0.0,0.0,0.0,0.0,True,True
A2,,,gt,0,0.0,2,1403,0,0,0,False,False,0,1403,1403,0,0,False,False,monotonic,after_wm_commit,True,False,,0.0,0.0,0.0,0.0,True,True
A2,,,gt,0,0.0,3,1459,0,0,0,False,False,0,1459,1459,0,0,False,False,monotonic,after_wm_commit,True,False,,0.0,0.0,0.0,0.0,True,True
A2,,,gt,0,0.0,4,1387,0,0,0,False,False,0,1387,1387,0,0,False,False,monotonic,after_wm_commit,True,False,,0.0,0.0,0.0,0.0,True,True
A2,,,gt,0,0.0,5,1566,0,0,0,False,False,0,1566,1566,0,0,False,False,monotonic,after_wm_commit,True,False,,0.0,0.0,0.0,0.0,True,True
A2,,,gt,0,0.0,6,1559,0,0,0,False,False,0,1559,1559,0,0,False,False,monotonic,after_wm_commit,True,False,,0.0,0.0,0.0,0.0,True,True
A2,,,gt,0,0.0,7,1354,0,0,0,False,False,0,1354,1354,0,0,False,False,monotonic,after_wm_commit,True,False,,0.0,0.0,0.0,0.0,True,True
A2,,,gt,0,0.0,8,1451,0,0,0,False,False,0,1451,1451,0,0,False,False,monotonic,after_wm_commit,True,False,,0.0,0.0,0.0,0.0,True,True
A2,,,gt,0,0.0,9,1517,0,0,0,False,False,0,1517,1517,0,0,False,False,monotonic,after_wm_commit,True,False,,0.0,0.0,0.0,0.0,True,True
A2,,,gt,0,0.0,0,1522,0,0,0,False,False,0,1522,1522,0,0,False,False,monotonic,after_wm_commit,True,False,,0.0,0.0,0.0,0.0,True,True
A2,,,gt,0,0.0,1,1537,0,0,0,False,False,0,1537,1537,0,0,False,False,monotonic,after_wm_commit,True,False,,0.0,0.0,0.0,0.0,True,True
A2,,,gt,0,0.0,2,1403,0,0,0,False,False,0,1403,1403,0,0,False,False,monotonic,after_wm_commit,True,False,,0.0,0.0,0.0,0.0,True,True
A2,,,gt,0,0.0,3,1459,0,0,0,False,False,0,1459,1459,0,0,False,False,monotonic,after_wm_commit,True,False,,0.0,0.0,0.0,0.0,True,True
A2,,,gt,0,0.0,4,1387,0,0,0,False,False,0,1387,1387,0,0,False,False,monotonic,after_wm_commit,True,False,,0.0,0.0,0.0,0.0,True,True
A2,,,gt,0,0.0,5,1566,0,0,0,False,False,0,1566,1566,0,0,False,False,monotonic,after_wm_commit,True,False,,0.0,0.0,0.0,0.0,True,True
A2,,,gt,0,0.0,6,1559,0,0,0,False,False,0,1559,1559,0,0,False,False,monotonic,after_wm_commit,True,False,,0.0,0.0,0.0,0.0,True,True
A2,,,gt,0,0.0,7,1354,0,0,0,False,False,0,1354,1354,0,0,False,False,monotonic,after_wm_commit,True,False,,0.0,0.0,0.0,0.0,True,True
A2,,,gt,0,0.0,8,1451,0,0,0,False,False,0,1451,1451,0,0,False,False,monotonic,after_wm_commit,True,False,,0.0,0.0,0.0,0.0,True,True
A2,,,gt,0,0.0,9,1517,0,0,0,False,False,0,1517,1517,0,0,False,False,monotonic,after_wm_commit,True,False,,0.0,0.0,0.0,0.0,True,True
A2,,,gt,0,0.0,0,1522,0,0,0,False,False,0,1593,1593,0,0,False,False,cas,after_extract,True,True,,0.0,0.0,0.0,0.0,True,True
A2,,,gt,0,0.0,1,1537,0,0,0,False,False,0,1585,1585,0,0,False,False,cas,after_extract,True,True,,0.0,0.0,0.0,0.0,True,True
A2,,,gt,0,0.0,2,1403,0,0,0,False,False,0,1483,1483,0,0,False,False,cas,after_extract,True,True,,0.0,0.0,0.0,0.0,True,True
A2,,,gt,0,0.0,3,1459,0,0,0,False,False,0,1544,1544,0,0,False,False,cas,after_extract,True,True,,0.0,0.0,0.0,0.0,True,True
A2,,,gt,0,0.0,4,1387,0,0,0,False,False,0,1436,1436,0,0,False,False,cas,after_extract,True,True,,0.0,0.0,0.0,0.0,True,True
A2,,,gt,0,0.0,5,1566,0,0,0,False,False,0,1631,1631,0,0,False,False,cas,after_extract,True,True,,0.0,0.0,0.0,0.0,True,True
A2,,,gt,0,0.0,6,1559,0,0,0,False,False,0,1626,1626,0,0,False,False,cas,after_extract,True,True,,0.0,0.0,0.0,0.0,True,True
A2,,,gt,0,0.0,7,1354,0,0,0,False,False,0,1423,1423,0,0,False,False,cas,after_extract,True,True,,0.0,0.0,0.0,0.0,True,True
A2,,,gt,0,0.0,8,1451,0,0,0,False,False,0,1535,1535,0,0,False,False,cas,after_extract,True,True,,0.0,0.0,0.0,0.0,True,True
A2,,,gt,0,0.0,9,1517,0,0,0,False,False,0,1605,1605,0,0,False,False,cas,after_extract,True,True,,0.0,0.0,0.0,0.0,True,True
A2,,,gt,0,0.0,0,1522,0,0,0,False,False,0,1628,1628,0,0,False,False,cas,after_extract,True,True,,0.0,0.0,0.0,0.0,True,True
A2,,,gt,0,0.0,1,1537,0,0,0,False,False,0,1607,1607,0,0,False,False,cas,after_extract,True,True,,0.0,0.0,0.0,0.0,True,True
A2,,,gt,0,0.0,2,1403,0,0,0,False,False,0,1476,1476,0,0,False,False,cas,after_extract,True,True,,0.0,0.0,0.0,0.0,True,True
A2,,,gt,0,0.0,3,1459,0,0,0,False,False,0,1511,1511,0,0,False,False,cas,after_extract,True,True,,0.0,0.0,0.0,0.0,True,True
A2,,,gt,0,0.0,4,1387,0,0,0,False,False,0,1475,1475,0,0,False,False,cas,after_extract,True,True,,0.0,0.0,0.0,0.0,True,True
A2,,,gt,0,0.0,5,1566,0,0,0,False,False,0,1646,1646,0,0,False,False,cas,after_extract,True,True,,0.0,0.0,0.0,0.0,True,True
A2,,,gt,0,0.0,6,1559,0,0,0,False,False,0,1640,1640,0,0,False,False,cas,after_extract,True,True,,0.0,0.0,0.0,0.0,True,True
A2,,,gt,0,0.0,7,1354,0,0,0,False,False,0,1435,1435,0,0,False,False,cas,after_extract,True,True,,0.0,0.0,0.0,0.0,True,True
A2,,,gt,0,0.0,8,1451,0,0,0,False,False,0,1520,1520,0,0,False,False,cas,after_extract,True,True,,0.0,0.0,0.0,0.0,True,True
A2,,,gt,0,0.0,9,1517,0,0,0,False,False,0,1638,1638,0,0,False,False,cas,after_extract,True,True,,0.0,0.0,0.0,0.0,True,True
A2,,,gt,0,0.0,0,1522,0,0,0,False,False,0,1581,1581,0,0,False,False,cas,after_extract,True,True,,0.0,0.0,0.0,0.0,True,True
A2,,,gt,0,0.0,1,1537,0,0,0,False,False,0,1616,1616,0,0,False,False,cas,after_extract,True,True,,0.0,0.0,0.0,0.0,True,True
A2,,,gt,0,0.0,2,1403,0,0,0,False,False,0,1474,1474,0,0,False,False,cas,after_extract,True,True,,0.0,0.0,0.0,0.0,True,True
A2,,,gt,0,0.0,3,1459,0,0,0,False,False,0,1529,1529,0,0,False,False,cas,after_extract,True,True,,0.0,0.0,0.0,0.0,True,True
A2,,,gt,0,0.0,4,1387,0,0,0,False,False,0,1461,1461,0,0,False,False,cas,after_extract,True,True,,0.0,0.0,0.0,0.0,True,True
A2,,,gt,0,0.0,5,1566,0,0,0,False,False,0,1653,1653,0,0,False,False,cas,after_extract,True,True,,0.0,0.0,0.0,0.0,True,True
A2,,,gt,0,0.0,6,1559,0,0,0,False,False,0,1632,1632,0,0,False,False,cas,after_extract,True,True,,0.0,0.0,0.0,0.0,True,True
A2,,,gt,0,0.0,7,1354,0,0,0,False,False,0,1437,1437,0,0,False,False,cas,after_extract,True,True,,0.0,0.0,0.0,0.0,True,True
A2,,,gt,0,0.0,8,1451,0,0,0,False,False,0,1548,1548,0,0,False,False,cas,after_extract,True,True,,0.0,0.0,0.0,0.0,True,True
A2,,,gt,0,0.0,9,1517,0,0,0,False,False,0,1575,1575,0,0,False,False,cas,after_extract,True,True,,0.0,0.0,0.0,0.0,True,True
A2,,,gt,0,0.0,0,1522,0,0,0,False,False,0,1522,1522,0,0,False,False,cas,after_wm_commit,True,False,,0.0,0.0,0.0,0.0,True,True
A2,,,gt,0,0.0,1,1537,0,0,0,False,False,0,1537,1537,0,0,False,False,cas,after_wm_commit,True,False,,0.0,0.0,0.0,0.0,True,True
A2,,,gt,0,0.0,2,1403,0,0,0,False,False,0,1403,1403,0,0,False,False,cas,after_wm_commit,True,False,,0.0,0.0,0.0,0.0,True,True
A2,,,gt,0,0.0,3,1459,0,0,0,False,False,0,1459,1459,0,0,False,False,cas,after_wm_commit,True,False,,0.0,0.0,0.0,0.0,True,True
A2,,,gt,0,0.0,4,1387,0,0,0,False,False,0,1387,1387,0,0,False,False,cas,after_wm_commit,True,False,,0.0,0.0,0.0,0.0,True,True
A2,,,gt,0,0.0,5,1566,0,0,0,False,False,0,1566,1566,0,0,False,False,cas,after_wm_commit,True,False,,0.0,0.0,0.0,0.0,True,True
A2,,,gt,0,0.0,6,1559,0,0,0,False,False,0,1559,1559,0,0,False,False,cas,after_wm_commit,True,False,,0.0,0.0,0.0,0.0,True,True
A2,,,gt,0,0.0,7,1354,0,0,0,False,False,0,1354,1354,0,0,False,False,cas,after_wm_commit,True,False,,0.0,0.0,0.0,0.0,True,True
A2,,,gt,0,0.0,8,1451,0,0,0,False,False,0,1451,1451,0,0,False,False,cas,after_wm_commit,True,False,,0.0,0.0,0.0,0.0,True,True
A2,,,gt,0,0.0,9,1517,0,0,0,False,False,0,1517,1517,0,0,False,False,cas,after_wm_commit,True,False,,0.0,0.0,0.0,0.0,True,True
A2,,,gt,0,0.0,0,1522,0,0,0,False,False,0,1522,1522,0,0,False,False,cas,after_wm_commit,True,False,,0.0,0.0,0.0,0.0,True,True
A2,,,gt,0,0.0,1,1537,0,0,0,False,False,0,1537,1537,0,0,False,False,cas,after_wm_commit,True,False,,0.0,0.0,0.0,0.0,True,True
A2,,,gt,0,0.0,2,1403,0,0,0,False,False,0,1403,1403,0,0,False,False,cas,after_wm_commit,True,False,,0.0,0.0,0.0,0.0,True,True
A2,,,gt,0,0.0,3,1459,0,0,0,False,False,0,1459,1459,0,0,False,False,cas,after_wm_commit,True,False,,0.0,0.0,0.0,0.0,True,True
A2,,,gt,0,0.0,4,1387,0,0,0,False,False,0,1387,1387,0,0,False,False,cas,after_wm_commit,True,False,,0.0,0.0,0.0,0.0,True,True
A2,,,gt,0,0.0,5,1566,0,0,0,False,False,0,1566,1566,0,0,False,False,cas,after_wm_commit,True,False,,0.0,0.0,0.0,0.0,True,True
A2,,,gt,0,0.0,6,1559,0,0,0,False,False,0,1559,1559,0,0,False,False,cas,after_wm_commit,True,False,,0.0,0.0,0.0,0.0,True,True
A2,,,gt,0,0.0,7,1354,0,0,0,False,False,0,1354,1354,0,0,False,False,cas,after_wm_commit,True,False,,0.0,0.0,0.0,0.0,True,True
A2,,,gt,0,0.0,8,1451,0,0,0,False,False,0,1451,1451,0,0,False,False,cas,after_wm_commit,True,False,,0.0,0.0,0.0,0.0,True,True
A2,,,gt,0,0.0,9,1517,0,0,0,False,False,0,1517,1517,0,0,False,False,cas,after_wm_commit,True,False,,0.0,0.0,0.0,0.0,True,True
A2,,,gt,0,0.0,0,1522,0,0,0,False,False,0,1522,1522,0,0,False,False,cas,after_wm_commit,True,False,,0.0,0.0,0.0,0.0,True,True
A2,,,gt,0,0.0,1,1537,0,0,0,False,False,0,1537,1537,0,0,False,False,cas,after_wm_commit,True,False,,0.0,0.0,0.0,0.0,True,True
A2,,,gt,0,0.0,2,1403,0,0,0,False,False,0,1403,1403,0,0,False,False,cas,after_wm_commit,True,False,,0.0,0.0,0.0,0.0,True,True
A2,,,gt,0,0.0,3,1459,0,0,0,False,False,0,1459,1459,0,0,False,False,cas,after_wm_commit,True,False,,0.0,0.0,0.0,0.0,True,True
A2,,,gt,0,0.0,4,1387,0,0,0,False,False,0,1387,1387,0,0,False,False,cas,after_wm_commit,True,False,,0.0,0.0,0.0,0.0,True,True
A2,,,gt,0,0.0,5,1566,0,0,0,False,False,0,1566,1566,0,0,False,False,cas,after_wm_commit,True,False,,0.0,0.0,0.0,0.0,True,True
A2,,,gt,0,0.0,6,1559,0,0,0,False,False,0,1559,1559,0,0,False,False,cas,after_wm_commit,True,False,,0.0,0.0,0.0,0.0,True,True
A2,,,gt,0,0.0,7,1354,0,0,0,False,False,0,1354,1354,0,0,False,False,cas,after_wm_commit,True,False,,0.0,0.0,0.0,0.0,True,True
A2,,,gt,0,0.0,8,1451,0,0,0,False,False,0,1451,1451,0,0,False,False,cas,after_wm_commit,True,False,,0.0,0.0,0.0,0.0,True,True
A2,,,gt,0,0.0,9,1517,0,0,0,False,False,0,1517,1517,0,0,False,False,cas,after_wm_commit,True,False,,0.0,0.0,0.0,0.0,True,True
A4,,,gt,0,0.0,0,1522,0,140,0,False,False,140,1662,1662,0,0,False,False,none,after_extract,True,False,,0.0,0.0,0.0,0.0,False,True
A4,,,gt,0,0.0,1,1537,0,157,0,False,False,157,1694,1694,0,0,False,False,none,after_extract,True,False,,0.0,0.0,0.0,0.0,False,True
A4,,,gt,0,0.0,2,1403,0,156,0,False,False,156,1559,1559,0,0,False,False,none,after_extract,True,False,,0.0,0.0,0.0,0.0,False,True
A4,,,gt,0,0.0,3,1459,0,151,0,False,False,151,1610,1610,0,0,False,False,none,after_extract,True,False,,0.0,0.0,0.0,0.0,False,True
A4,,,gt,0,0.0,4,1387,0,140,0,False,False,140,1527,1527,0,0,False,False,none,after_extract,True,False,,0.0,0.0,0.0,0.0,False,True
A4,,,gt,0,0.0,5,1566,0,123,0,False,False,123,1689,1689,0,0,False,False,none,after_extract,True,False,,0.0,0.0,0.0,0.0,False,True
A4,,,gt,0,0.0,6,1559,0,136,0,False,False,136,1695,1695,0,0,False,False,none,after_extract,True,False,,0.0,0.0,0.0,0.0,False,True
A4,,,gt,0,0.0,7,1354,0,132,0,False,False,132,1486,1486,0,0,False,False,none,after_extract,True,False,,0.0,0.0,0.0,0.0,False,True
A4,,,gt,0,0.0,8,1451,0,135,0,False,False,135,1586,1586,0,0,False,False,none,after_extract,True,False,,0.0,0.0,0.0,0.0,False,True
A4,,,gt,0,0.0,9,1517,0,175,0,False,False,175,1692,1692,0,0,False,False,none,after_extract,True,False,,0.0,0.0,0.0,0.0,False,True
A4,,,gt,0,0.0,0,1522,0,176,0,False,False,176,1698,1698,0,0,False,False,none,after_extract,True,False,,0.0,0.0,0.0,0.0,False,True
A4,,,gt,0,0.0,1,1537,0,154,0,False,False,154,1691,1691,0,0,False,False,none,after_extract,True,False,,0.0,0.0,0.0,0.0,False,True
A4,,,gt,0,0.0,2,1403,0,148,0,False,False,148,1551,1551,0,0,False,False,none,after_extract,True,False,,0.0,0.0,0.0,0.0,False,True
A4,,,gt,0,0.0,3,1459,0,128,0,False,False,128,1587,1587,0,0,False,False,none,after_extract,True,False,,0.0,0.0,0.0,0.0,False,True
A4,,,gt,0,0.0,4,1387,0,143,0,False,False,143,1530,1530,0,0,False,False,none,after_extract,True,False,,0.0,0.0,0.0,0.0,False,True
A4,,,gt,0,0.0,5,1566,0,163,0,False,False,163,1729,1729,0,0,False,False,none,after_extract,True,False,,0.0,0.0,0.0,0.0,False,True
A4,,,gt,0,0.0,6,1559,0,150,0,False,False,150,1709,1709,0,0,False,False,none,after_extract,True,False,,0.0,0.0,0.0,0.0,False,True
A4,,,gt,0,0.0,7,1354,0,169,0,False,False,169,1523,1523,0,0,False,False,none,after_extract,True,False,,0.0,0.0,0.0,0.0,False,True
A4,,,gt,0,0.0,8,1451,0,128,0,False,False,128,1579,1579,0,0,False,False,none,after_extract,True,False,,0.0,0.0,0.0,0.0,False,True
A4,,,gt,0,0.0,9,1517,0,222,0,False,False,222,1739,1739,0,0,False,False,none,after_extract,True,False,,0.0,0.0,0.0,0.0,False,True
A4,,,gt,0,0.0,0,1522,0,119,0,False,False,119,1641,1641,0,0,False,False,none,after_extract,True,False,,0.0,0.0,0.0,0.0,False,True
A4,,,gt,0,0.0,1,1537,0,122,0,False,False,122,1659,1659,0,0,False,False,none,after_extract,True,False,,0.0,0.0,0.0,0.0,False,True
A4,,,gt,0,0.0,2,1403,0,158,0,False,False,158,1561,1561,0,0,False,False,none,after_extract,True,False,,0.0,0.0,0.0,0.0,False,True
A4,,,gt,0,0.0,3,1459,0,138,0,False,False,138,1597,1597,0,0,False,False,none,after_extract,True,False,,0.0,0.0,0.0,0.0,False,True
A4,,,gt,0,0.0,4,1387,0,142,0,False,False,142,1529,1529,0,0,False,False,none,after_extract,True,False,,0.0,0.0,0.0,0.0,False,True
A4,,,gt,0,0.0,5,1566,0,169,0,False,False,169,1735,1735,0,0,False,False,none,after_extract,True,False,,0.0,0.0,0.0,0.0,False,True
A4,,,gt,0,0.0,6,1559,0,162,0,False,False,162,1721,1721,0,0,False,False,none,after_extract,True,False,,0.0,0.0,0.0,0.0,False,True
A4,,,gt,0,0.0,7,1354,0,137,0,False,False,137,1491,1491,0,0,False,False,none,after_extract,True,False,,0.0,0.0,0.0,0.0,False,True
A4,,,gt,0,0.0,8,1451,0,184,0,False,False,184,1635,1635,0,0,False,False,none,after_extract,True,False,,0.0,0.0,0.0,0.0,False,True
A4,,,gt,0,0.0,9,1517,0,132,0,False,False,132,1649,1649,0,0,False,False,none,after_extract,True,False,,0.0,0.0,0.0,0.0,False,True
A4,,,gt,0,0.0,0,1522,0,71,0,False,False,71,1593,1593,0,0,False,False,monotonic,after_extract,True,False,,0.0,0.0,0.0,0.0,False,True
A4,,,gt,0,0.0,1,1537,0,48,0,False,False,48,1585,1585,0,0,False,False,monotonic,after_extract,True,False,,0.0,0.0,0.0,0.0,False,True
A4,,,gt,0,0.0,2,1403,0,80,0,False,False,80,1483,1483,0,0,False,False,monotonic,after_extract,True,False,,0.0,0.0,0.0,0.0,False,True
A4,,,gt,0,0.0,3,1459,0,85,0,False,False,85,1544,1544,0,0,False,False,monotonic,after_extract,True,False,,0.0,0.0,0.0,0.0,False,True
A4,,,gt,0,0.0,4,1387,0,49,0,False,False,49,1436,1436,0,0,False,False,monotonic,after_extract,True,False,,0.0,0.0,0.0,0.0,False,True
A4,,,gt,0,0.0,5,1566,0,65,0,False,False,65,1631,1631,0,0,False,False,monotonic,after_extract,True,False,,0.0,0.0,0.0,0.0,False,True
A4,,,gt,0,0.0,6,1559,0,67,0,False,False,67,1626,1626,0,0,False,False,monotonic,after_extract,True,False,,0.0,0.0,0.0,0.0,False,True
A4,,,gt,0,0.0,7,1354,0,69,0,False,False,69,1423,1423,0,0,False,False,monotonic,after_extract,True,False,,0.0,0.0,0.0,0.0,False,True
A4,,,gt,0,0.0,8,1451,0,84,0,False,False,84,1535,1535,0,0,False,False,monotonic,after_extract,True,False,,0.0,0.0,0.0,0.0,False,True
A4,,,gt,0,0.0,9,1517,0,88,0,False,False,88,1605,1605,0,0,False,False,monotonic,after_extract,True,False,,0.0,0.0,0.0,0.0,False,True
A4,,,gt,0,0.0,0,1522,0,106,0,False,False,106,1628,1628,0,0,False,False,monotonic,after_extract,True,False,,0.0,0.0,0.0,0.0,False,True
A4,,,gt,0,0.0,1,1537,0,70,0,False,False,70,1607,1607,0,0,False,False,monotonic,after_extract,True,False,,0.0,0.0,0.0,0.0,False,True
A4,,,gt,0,0.0,2,1403,0,73,0,False,False,73,1476,1476,0,0,False,False,monotonic,after_extract,True,False,,0.0,0.0,0.0,0.0,False,True
A4,,,gt,0,0.0,3,1459,0,52,0,False,False,52,1511,1511,0,0,False,False,monotonic,after_extract,True,False,,0.0,0.0,0.0,0.0,False,True
A4,,,gt,0,0.0,4,1387,0,88,0,False,False,88,1475,1475,0,0,False,False,monotonic,after_extract,True,False,,0.0,0.0,0.0,0.0,False,True
A4,,,gt,0,0.0,5,1566,0,80,0,False,False,80,1646,1646,0,0,False,False,monotonic,after_extract,True,False,,0.0,0.0,0.0,0.0,False,True
A4,,,gt,0,0.0,6,1559,0,81,0,False,False,81,1640,1640,0,0,False,False,monotonic,after_extract,True,False,,0.0,0.0,0.0,0.0,False,True
A4,,,gt,0,0.0,7,1354,0,81,0,False,False,81,1435,1435,0,0,False,False,monotonic,after_extract,True,False,,0.0,0.0,0.0,0.0,False,True
A4,,,gt,0,0.0,8,1451,0,69,0,False,False,69,1520,1520,0,0,False,False,monotonic,after_extract,True,False,,0.0,0.0,0.0,0.0,False,True
A4,,,gt,0,0.0,9,1517,0,121,0,False,False,121,1638,1638,0,0,False,False,monotonic,after_extract,True,False,,0.0,0.0,0.0,0.0,False,True
A4,,,gt,0,0.0,0,1522,0,59,0,False,False,59,1581,1581,0,0,False,False,monotonic,after_extract,True,False,,0.0,0.0,0.0,0.0,False,True
A4,,,gt,0,0.0,1,1537,0,79,0,False,False,79,1616,1616,0,0,False,False,monotonic,after_extract,True,False,,0.0,0.0,0.0,0.0,False,True
A4,,,gt,0,0.0,2,1403,0,71,0,False,False,71,1474,1474,0,0,False,False,monotonic,after_extract,True,False,,0.0,0.0,0.0,0.0,False,True
A4,,,gt,0,0.0,3,1459,0,70,0,False,False,70,1529,1529,0,0,False,False,monotonic,after_extract,True,False,,0.0,0.0,0.0,0.0,False,True
A4,,,gt,0,0.0,4,1387,0,74,0,False,False,74,1461,1461,0,0,False,False,monotonic,after_extract,True,False,,0.0,0.0,0.0,0.0,False,True
A4,,,gt,0,0.0,5,1566,0,87,0,False,False,87,1653,1653,0,0,False,False,monotonic,after_extract,True,False,,0.0,0.0,0.0,0.0,False,True
A4,,,gt,0,0.0,6,1559,0,73,0,False,False,73,1632,1632,0,0,False,False,monotonic,after_extract,True,False,,0.0,0.0,0.0,0.0,False,True
A4,,,gt,0,0.0,7,1354,0,83,0,False,False,83,1437,1437,0,0,False,False,monotonic,after_extract,True,False,,0.0,0.0,0.0,0.0,False,True
A4,,,gt,0,0.0,8,1451,0,97,0,False,False,97,1548,1548,0,0,False,False,monotonic,after_extract,True,False,,0.0,0.0,0.0,0.0,False,True
A4,,,gt,0,0.0,9,1517,0,58,0,False,False,58,1575,1575,0,0,False,False,monotonic,after_extract,True,False,,0.0,0.0,0.0,0.0,False,True
A4,,,gt,0,0.0,0,1522,0,0,0,False,False,0,1593,1593,0,0,False,False,cas,after_extract,True,True,,0.0,0.0,0.0,0.0,True,True
A4,,,gt,0,0.0,1,1537,0,0,0,False,False,0,1585,1585,0,0,False,False,cas,after_extract,True,True,,0.0,0.0,0.0,0.0,True,True
A4,,,gt,0,0.0,2,1403,0,0,0,False,False,0,1483,1483,0,0,False,False,cas,after_extract,True,True,,0.0,0.0,0.0,0.0,True,True
A4,,,gt,0,0.0,3,1459,0,0,0,False,False,0,1544,1544,0,0,False,False,cas,after_extract,True,True,,0.0,0.0,0.0,0.0,True,True
A4,,,gt,0,0.0,4,1387,0,0,0,False,False,0,1436,1436,0,0,False,False,cas,after_extract,True,True,,0.0,0.0,0.0,0.0,True,True
A4,,,gt,0,0.0,5,1566,0,0,0,False,False,0,1631,1631,0,0,False,False,cas,after_extract,True,True,,0.0,0.0,0.0,0.0,True,True
A4,,,gt,0,0.0,6,1559,0,0,0,False,False,0,1626,1626,0,0,False,False,cas,after_extract,True,True,,0.0,0.0,0.0,0.0,True,True
A4,,,gt,0,0.0,7,1354,0,0,0,False,False,0,1423,1423,0,0,False,False,cas,after_extract,True,True,,0.0,0.0,0.0,0.0,True,True
A4,,,gt,0,0.0,8,1451,0,0,0,False,False,0,1535,1535,0,0,False,False,cas,after_extract,True,True,,0.0,0.0,0.0,0.0,True,True
A4,,,gt,0,0.0,9,1517,0,0,0,False,False,0,1605,1605,0,0,False,False,cas,after_extract,True,True,,0.0,0.0,0.0,0.0,True,True
A4,,,gt,0,0.0,0,1522,0,0,0,False,False,0,1628,1628,0,0,False,False,cas,after_extract,True,True,,0.0,0.0,0.0,0.0,True,True
A4,,,gt,0,0.0,1,1537,0,0,0,False,False,0,1607,1607,0,0,False,False,cas,after_extract,True,True,,0.0,0.0,0.0,0.0,True,True
A4,,,gt,0,0.0,2,1403,0,0,0,False,False,0,1476,1476,0,0,False,False,cas,after_extract,True,True,,0.0,0.0,0.0,0.0,True,True
A4,,,gt,0,0.0,3,1459,0,0,0,False,False,0,1511,1511,0,0,False,False,cas,after_extract,True,True,,0.0,0.0,0.0,0.0,True,True
A4,,,gt,0,0.0,4,1387,0,0,0,False,False,0,1475,1475,0,0,False,False,cas,after_extract,True,True,,0.0,0.0,0.0,0.0,True,True
A4,,,gt,0,0.0,5,1566,0,0,0,False,False,0,1646,1646,0,0,False,False,cas,after_extract,True,True,,0.0,0.0,0.0,0.0,True,True
A4,,,gt,0,0.0,6,1559,0,0,0,False,False,0,1640,1640,0,0,False,False,cas,after_extract,True,True,,0.0,0.0,0.0,0.0,True,True
A4,,,gt,0,0.0,7,1354,0,0,0,False,False,0,1435,1435,0,0,False,False,cas,after_extract,True,True,,0.0,0.0,0.0,0.0,True,True
A4,,,gt,0,0.0,8,1451,0,0,0,False,False,0,1520,1520,0,0,False,False,cas,after_extract,True,True,,0.0,0.0,0.0,0.0,True,True
A4,,,gt,0,0.0,9,1517,0,0,0,False,False,0,1638,1638,0,0,False,False,cas,after_extract,True,True,,0.0,0.0,0.0,0.0,True,True
A4,,,gt,0,0.0,0,1522,0,0,0,False,False,0,1581,1581,0,0,False,False,cas,after_extract,True,True,,0.0,0.0,0.0,0.0,True,True
A4,,,gt,0,0.0,1,1537,0,0,0,False,False,0,1616,1616,0,0,False,False,cas,after_extract,True,True,,0.0,0.0,0.0,0.0,True,True
A4,,,gt,0,0.0,2,1403,0,0,0,False,False,0,1474,1474,0,0,False,False,cas,after_extract,True,True,,0.0,0.0,0.0,0.0,True,True
A4,,,gt,0,0.0,3,1459,0,0,0,False,False,0,1529,1529,0,0,False,False,cas,after_extract,True,True,,0.0,0.0,0.0,0.0,True,True
A4,,,gt,0,0.0,4,1387,0,0,0,False,False,0,1461,1461,0,0,False,False,cas,after_extract,True,True,,0.0,0.0,0.0,0.0,True,True
A4,,,gt,0,0.0,5,1566,0,0,0,False,False,0,1653,1653,0,0,False,False,cas,after_extract,True,True,,0.0,0.0,0.0,0.0,True,True
A4,,,gt,0,0.0,6,1559,0,0,0,False,False,0,1632,1632,0,0,False,False,cas,after_extract,True,True,,0.0,0.0,0.0,0.0,True,True
A4,,,gt,0,0.0,7,1354,0,0,0,False,False,0,1437,1437,0,0,False,False,cas,after_extract,True,True,,0.0,0.0,0.0,0.0,True,True
A4,,,gt,0,0.0,8,1451,0,0,0,False,False,0,1548,1548,0,0,False,False,cas,after_extract,True,True,,0.0,0.0,0.0,0.0,True,True
A4,,,gt,0,0.0,9,1517,0,0,0,False,False,0,1575,1575,0,0,False,False,cas,after_extract,True,True,,0.0,0.0,0.0,0.0,True,True
M1,,,gt,0,0.0,0,1522,0,0,0,False,False,0,1662,1662,0,0,False,False,none,after_extract,True,False,,0.0,0.0,0.0,0.0,True,True
M1,,,gt,0,0.0,1,1537,0,0,0,False,False,0,1694,1694,0,0,False,False,none,after_extract,True,False,,0.0,0.0,0.0,0.0,True,True
M1,,,gt,0,0.0,2,1403,0,0,0,False,False,0,1559,1559,0,0,False,False,none,after_extract,True,False,,0.0,0.0,0.0,0.0,True,True
M1,,,gt,0,0.0,3,1459,0,0,0,False,False,0,1610,1610,0,0,False,False,none,after_extract,True,False,,0.0,0.0,0.0,0.0,True,True
M1,,,gt,0,0.0,4,1387,0,0,0,False,False,0,1527,1527,0,0,False,False,none,after_extract,True,False,,0.0,0.0,0.0,0.0,True,True
M1,,,gt,0,0.0,5,1566,0,0,0,False,False,0,1689,1689,0,0,False,False,none,after_extract,True,False,,0.0,0.0,0.0,0.0,True,True
M1,,,gt,0,0.0,6,1559,0,0,0,False,False,0,1695,1695,0,0,False,False,none,after_extract,True,False,,0.0,0.0,0.0,0.0,True,True
M1,,,gt,0,0.0,7,1354,0,0,0,False,False,0,1486,1486,0,0,False,False,none,after_extract,True,False,,0.0,0.0,0.0,0.0,True,True
M1,,,gt,0,0.0,8,1451,0,0,0,False,False,0,1586,1586,0,0,False,False,none,after_extract,True,False,,0.0,0.0,0.0,0.0,True,True
M1,,,gt,0,0.0,9,1517,0,0,0,False,False,0,1692,1692,0,0,False,False,none,after_extract,True,False,,0.0,0.0,0.0,0.0,True,True
M1,,,gt,0,0.0,0,1522,0,0,0,False,False,0,1698,1698,0,0,False,False,none,after_extract,True,False,,0.0,0.0,0.0,0.0,True,True
M1,,,gt,0,0.0,1,1537,0,0,0,False,False,0,1691,1691,0,0,False,False,none,after_extract,True,False,,0.0,0.0,0.0,0.0,True,True
M1,,,gt,0,0.0,2,1403,0,0,0,False,False,0,1551,1551,0,0,False,False,none,after_extract,True,False,,0.0,0.0,0.0,0.0,True,True
M1,,,gt,0,0.0,3,1459,0,0,0,False,False,0,1587,1587,0,0,False,False,none,after_extract,True,False,,0.0,0.0,0.0,0.0,True,True
M1,,,gt,0,0.0,4,1387,0,0,0,False,False,0,1530,1530,0,0,False,False,none,after_extract,True,False,,0.0,0.0,0.0,0.0,True,True
M1,,,gt,0,0.0,5,1566,0,0,0,False,False,0,1729,1729,0,0,False,False,none,after_extract,True,False,,0.0,0.0,0.0,0.0,True,True
M1,,,gt,0,0.0,6,1559,0,0,0,False,False,0,1709,1709,0,0,False,False,none,after_extract,True,False,,0.0,0.0,0.0,0.0,True,True
M1,,,gt,0,0.0,7,1354,0,0,0,False,False,0,1523,1523,0,0,False,False,none,after_extract,True,False,,0.0,0.0,0.0,0.0,True,True
M1,,,gt,0,0.0,8,1451,0,0,0,False,False,0,1579,1579,0,0,False,False,none,after_extract,True,False,,0.0,0.0,0.0,0.0,True,True
M1,,,gt,0,0.0,9,1517,0,0,0,False,False,0,1739,1739,0,0,False,False,none,after_extract,True,False,,0.0,0.0,0.0,0.0,True,True
M1,,,gt,0,0.0,0,1522,0,0,0,False,False,0,1641,1641,0,0,False,False,none,after_extract,True,False,,0.0,0.0,0.0,0.0,True,True
M1,,,gt,0,0.0,1,1537,0,0,0,False,False,0,1659,1659,0,0,False,False,none,after_extract,True,False,,0.0,0.0,0.0,0.0,True,True
M1,,,gt,0,0.0,2,1403,0,0,0,False,False,0,1561,1561,0,0,False,False,none,after_extract,True,False,,0.0,0.0,0.0,0.0,True,True
M1,,,gt,0,0.0,3,1459,0,0,0,False,False,0,1597,1597,0,0,False,False,none,after_extract,True,False,,0.0,0.0,0.0,0.0,True,True
M1,,,gt,0,0.0,4,1387,0,0,0,False,False,0,1529,1529,0,0,False,False,none,after_extract,True,False,,0.0,0.0,0.0,0.0,True,True
M1,,,gt,0,0.0,5,1566,0,0,0,False,False,0,1735,1735,0,0,False,False,none,after_extract,True,False,,0.0,0.0,0.0,0.0,True,True
M1,,,gt,0,0.0,6,1559,0,0,0,False,False,0,1721,1721,0,0,False,False,none,after_extract,True,False,,0.0,0.0,0.0,0.0,True,True
M1,,,gt,0,0.0,7,1354,0,0,0,False,False,0,1491,1491,0,0,False,False,none,after_extract,True,False,,0.0,0.0,0.0,0.0,True,True
M1,,,gt,0,0.0,8,1451,0,0,0,False,False,0,1635,1635,0,0,False,False,none,after_extract,True,False,,0.0,0.0,0.0,0.0,True,True
M1,,,gt,0,0.0,9,1517,0,0,0,False,False,0,1649,1649,0,0,False,False,none,after_extract,True,False,,0.0,0.0,0.0,0.0,True,True
M1,,,gt,0,0.0,0,1522,0,0,0,False,False,0,1662,1662,0,0,False,False,none,after_data_commit,True,False,,0.0,0.0,0.0,0.0,True,True
M1,,,gt,0,0.0,1,1537,0,0,0,False,False,0,1694,1694,0,0,False,False,none,after_data_commit,True,False,,0.0,0.0,0.0,0.0,True,True
M1,,,gt,0,0.0,2,1403,0,0,0,False,False,0,1559,1559,0,0,False,False,none,after_data_commit,True,False,,0.0,0.0,0.0,0.0,True,True
M1,,,gt,0,0.0,3,1459,0,0,0,False,False,0,1610,1610,0,0,False,False,none,after_data_commit,True,False,,0.0,0.0,0.0,0.0,True,True
M1,,,gt,0,0.0,4,1387,0,0,0,False,False,0,1527,1527,0,0,False,False,none,after_data_commit,True,False,,0.0,0.0,0.0,0.0,True,True
M1,,,gt,0,0.0,5,1566,0,0,0,False,False,0,1689,1689,0,0,False,False,none,after_data_commit,True,False,,0.0,0.0,0.0,0.0,True,True
M1,,,gt,0,0.0,6,1559,0,0,0,False,False,0,1695,1695,0,0,False,False,none,after_data_commit,True,False,,0.0,0.0,0.0,0.0,True,True
M1,,,gt,0,0.0,7,1354,0,0,0,False,False,0,1486,1486,0,0,False,False,none,after_data_commit,True,False,,0.0,0.0,0.0,0.0,True,True
M1,,,gt,0,0.0,8,1451,0,0,0,False,False,0,1586,1586,0,0,False,False,none,after_data_commit,True,False,,0.0,0.0,0.0,0.0,True,True
M1,,,gt,0,0.0,9,1517,0,0,0,False,False,0,1692,1692,0,0,False,False,none,after_data_commit,True,False,,0.0,0.0,0.0,0.0,True,True
M1,,,gt,0,0.0,0,1522,0,0,0,False,False,0,1698,1698,0,0,False,False,none,after_data_commit,True,False,,0.0,0.0,0.0,0.0,True,True
M1,,,gt,0,0.0,1,1537,0,0,0,False,False,0,1691,1691,0,0,False,False,none,after_data_commit,True,False,,0.0,0.0,0.0,0.0,True,True
M1,,,gt,0,0.0,2,1403,0,0,0,False,False,0,1551,1551,0,0,False,False,none,after_data_commit,True,False,,0.0,0.0,0.0,0.0,True,True
M1,,,gt,0,0.0,3,1459,0,0,0,False,False,0,1587,1587,0,0,False,False,none,after_data_commit,True,False,,0.0,0.0,0.0,0.0,True,True
M1,,,gt,0,0.0,4,1387,0,0,0,False,False,0,1530,1530,0,0,False,False,none,after_data_commit,True,False,,0.0,0.0,0.0,0.0,True,True
M1,,,gt,0,0.0,5,1566,0,0,0,False,False,0,1729,1729,0,0,False,False,none,after_data_commit,True,False,,0.0,0.0,0.0,0.0,True,True
M1,,,gt,0,0.0,6,1559,0,0,0,False,False,0,1709,1709,0,0,False,False,none,after_data_commit,True,False,,0.0,0.0,0.0,0.0,True,True
M1,,,gt,0,0.0,7,1354,0,0,0,False,False,0,1523,1523,0,0,False,False,none,after_data_commit,True,False,,0.0,0.0,0.0,0.0,True,True
M1,,,gt,0,0.0,8,1451,0,0,0,False,False,0,1579,1579,0,0,False,False,none,after_data_commit,True,False,,0.0,0.0,0.0,0.0,True,True
M1,,,gt,0,0.0,9,1517,0,0,0,False,False,0,1739,1739,0,0,False,False,none,after_data_commit,True,False,,0.0,0.0,0.0,0.0,True,True
M1,,,gt,0,0.0,0,1522,0,0,0,False,False,0,1641,1641,0,0,False,False,none,after_data_commit,True,False,,0.0,0.0,0.0,0.0,True,True
M1,,,gt,0,0.0,1,1537,0,0,0,False,False,0,1659,1659,0,0,False,False,none,after_data_commit,True,False,,0.0,0.0,0.0,0.0,True,True
M1,,,gt,0,0.0,2,1403,0,0,0,False,False,0,1561,1561,0,0,False,False,none,after_data_commit,True,False,,0.0,0.0,0.0,0.0,True,True
M1,,,gt,0,0.0,3,1459,0,0,0,False,False,0,1597,1597,0,0,False,False,none,after_data_commit,True,False,,0.0,0.0,0.0,0.0,True,True
M1,,,gt,0,0.0,4,1387,0,0,0,False,False,0,1529,1529,0,0,False,False,none,after_data_commit,True,False,,0.0,0.0,0.0,0.0,True,True
M1,,,gt,0,0.0,5,1566,0,0,0,False,False,0,1735,1735,0,0,False,False,none,after_data_commit,True,False,,0.0,0.0,0.0,0.0,True,True
M1,,,gt,0,0.0,6,1559,0,0,0,False,False,0,1721,1721,0,0,False,False,none,after_data_commit,True,False,,0.0,0.0,0.0,0.0,True,True
M1,,,gt,0,0.0,7,1354,0,0,0,False,False,0,1491,1491,0,0,False,False,none,after_data_commit,True,False,,0.0,0.0,0.0,0.0,True,True
M1,,,gt,0,0.0,8,1451,0,0,0,False,False,0,1635,1635,0,0,False,False,none,after_data_commit,True,False,,0.0,0.0,0.0,0.0,True,True
M1,,,gt,0,0.0,9,1517,0,0,0,False,False,0,1649,1649,0,0,False,False,none,after_data_commit,True,False,,0.0,0.0,0.0,0.0,True,True
M1,,,gt,0,0.0,0,1522,0,0,0,False,False,0,1593,1593,0,0,False,False,monotonic,after_extract,True,False,,0.0,0.0,0.0,0.0,True,True
M1,,,gt,0,0.0,1,1537,0,0,0,False,False,0,1585,1585,0,0,False,False,monotonic,after_extract,True,False,,0.0,0.0,0.0,0.0,True,True
M1,,,gt,0,0.0,2,1403,0,0,0,False,False,0,1483,1483,0,0,False,False,monotonic,after_extract,True,False,,0.0,0.0,0.0,0.0,True,True
M1,,,gt,0,0.0,3,1459,0,0,0,False,False,0,1544,1544,0,0,False,False,monotonic,after_extract,True,False,,0.0,0.0,0.0,0.0,True,True
M1,,,gt,0,0.0,4,1387,0,0,0,False,False,0,1436,1436,0,0,False,False,monotonic,after_extract,True,False,,0.0,0.0,0.0,0.0,True,True
M1,,,gt,0,0.0,5,1566,0,0,0,False,False,0,1631,1631,0,0,False,False,monotonic,after_extract,True,False,,0.0,0.0,0.0,0.0,True,True
M1,,,gt,0,0.0,6,1559,0,0,0,False,False,0,1626,1626,0,0,False,False,monotonic,after_extract,True,False,,0.0,0.0,0.0,0.0,True,True
M1,,,gt,0,0.0,7,1354,0,0,0,False,False,0,1423,1423,0,0,False,False,monotonic,after_extract,True,False,,0.0,0.0,0.0,0.0,True,True
M1,,,gt,0,0.0,8,1451,0,0,0,False,False,0,1535,1535,0,0,False,False,monotonic,after_extract,True,False,,0.0,0.0,0.0,0.0,True,True
M1,,,gt,0,0.0,9,1517,0,0,0,False,False,0,1605,1605,0,0,False,False,monotonic,after_extract,True,False,,0.0,0.0,0.0,0.0,True,True
M1,,,gt,0,0.0,0,1522,0,0,0,False,False,0,1628,1628,0,0,False,False,monotonic,after_extract,True,False,,0.0,0.0,0.0,0.0,True,True
M1,,,gt,0,0.0,1,1537,0,0,0,False,False,0,1607,1607,0,0,False,False,monotonic,after_extract,True,False,,0.0,0.0,0.0,0.0,True,True
M1,,,gt,0,0.0,2,1403,0,0,0,False,False,0,1476,1476,0,0,False,False,monotonic,after_extract,True,False,,0.0,0.0,0.0,0.0,True,True
M1,,,gt,0,0.0,3,1459,0,0,0,False,False,0,1511,1511,0,0,False,False,monotonic,after_extract,True,False,,0.0,0.0,0.0,0.0,True,True
M1,,,gt,0,0.0,4,1387,0,0,0,False,False,0,1475,1475,0,0,False,False,monotonic,after_extract,True,False,,0.0,0.0,0.0,0.0,True,True
M1,,,gt,0,0.0,5,1566,0,0,0,False,False,0,1646,1646,0,0,False,False,monotonic,after_extract,True,False,,0.0,0.0,0.0,0.0,True,True
M1,,,gt,0,0.0,6,1559,0,0,0,False,False,0,1640,1640,0,0,False,False,monotonic,after_extract,True,False,,0.0,0.0,0.0,0.0,True,True
M1,,,gt,0,0.0,7,1354,0,0,0,False,False,0,1435,1435,0,0,False,False,monotonic,after_extract,True,False,,0.0,0.0,0.0,0.0,True,True
M1,,,gt,0,0.0,8,1451,0,0,0,False,False,0,1520,1520,0,0,False,False,monotonic,after_extract,True,False,,0.0,0.0,0.0,0.0,True,True
M1,,,gt,0,0.0,9,1517,0,0,0,False,False,0,1638,1638,0,0,False,False,monotonic,after_extract,True,False,,0.0,0.0,0.0,0.0,True,True
M1,,,gt,0,0.0,0,1522,0,0,0,False,False,0,1581,1581,0,0,False,False,monotonic,after_extract,True,False,,0.0,0.0,0.0,0.0,True,True
M1,,,gt,0,0.0,1,1537,0,0,0,False,False,0,1616,1616,0,0,False,False,monotonic,after_extract,True,False,,0.0,0.0,0.0,0.0,True,True
M1,,,gt,0,0.0,2,1403,0,0,0,False,False,0,1474,1474,0,0,False,False,monotonic,after_extract,True,False,,0.0,0.0,0.0,0.0,True,True
M1,,,gt,0,0.0,3,1459,0,0,0,False,False,0,1529,1529,0,0,False,False,monotonic,after_extract,True,False,,0.0,0.0,0.0,0.0,True,True
M1,,,gt,0,0.0,4,1387,0,0,0,False,False,0,1461,1461,0,0,False,False,monotonic,after_extract,True,False,,0.0,0.0,0.0,0.0,True,True
M1,,,gt,0,0.0,5,1566,0,0,0,False,False,0,1653,1653,0,0,False,False,monotonic,after_extract,True,False,,0.0,0.0,0.0,0.0,True,True
M1,,,gt,0,0.0,6,1559,0,0,0,False,False,0,1632,1632,0,0,False,False,monotonic,after_extract,True,False,,0.0,0.0,0.0,0.0,True,True
M1,,,gt,0,0.0,7,1354,0,0,0,False,False,0,1437,1437,0,0,False,False,monotonic,after_extract,True,False,,0.0,0.0,0.0,0.0,True,True
M1,,,gt,0,0.0,8,1451,0,0,0,False,False,0,1548,1548,0,0,False,False,monotonic,after_extract,True,False,,0.0,0.0,0.0,0.0,True,True
M1,,,gt,0,0.0,9,1517,0,0,0,False,False,0,1575,1575,0,0,False,False,monotonic,after_extract,True,False,,0.0,0.0,0.0,0.0,True,True
M1,,,gt,0,0.0,0,1522,0,0,0,False,False,0,1593,1593,0,0,False,False,monotonic,after_data_commit,True,False,,0.0,0.0,0.0,0.0,True,True
M1,,,gt,0,0.0,1,1537,0,0,0,False,False,0,1585,1585,0,0,False,False,monotonic,after_data_commit,True,False,,0.0,0.0,0.0,0.0,True,True
M1,,,gt,0,0.0,2,1403,0,0,0,False,False,0,1483,1483,0,0,False,False,monotonic,after_data_commit,True,False,,0.0,0.0,0.0,0.0,True,True
M1,,,gt,0,0.0,3,1459,0,0,0,False,False,0,1544,1544,0,0,False,False,monotonic,after_data_commit,True,False,,0.0,0.0,0.0,0.0,True,True
M1,,,gt,0,0.0,4,1387,0,0,0,False,False,0,1436,1436,0,0,False,False,monotonic,after_data_commit,True,False,,0.0,0.0,0.0,0.0,True,True
M1,,,gt,0,0.0,5,1566,0,0,0,False,False,0,1631,1631,0,0,False,False,monotonic,after_data_commit,True,False,,0.0,0.0,0.0,0.0,True,True
M1,,,gt,0,0.0,6,1559,0,0,0,False,False,0,1626,1626,0,0,False,False,monotonic,after_data_commit,True,False,,0.0,0.0,0.0,0.0,True,True
M1,,,gt,0,0.0,7,1354,0,0,0,False,False,0,1423,1423,0,0,False,False,monotonic,after_data_commit,True,False,,0.0,0.0,0.0,0.0,True,True
M1,,,gt,0,0.0,8,1451,0,0,0,False,False,0,1535,1535,0,0,False,False,monotonic,after_data_commit,True,False,,0.0,0.0,0.0,0.0,True,True
M1,,,gt,0,0.0,9,1517,0,0,0,False,False,0,1605,1605,0,0,False,False,monotonic,after_data_commit,True,False,,0.0,0.0,0.0,0.0,True,True
M1,,,gt,0,0.0,0,1522,0,0,0,False,False,0,1628,1628,0,0,False,False,monotonic,after_data_commit,True,False,,0.0,0.0,0.0,0.0,True,True
M1,,,gt,0,0.0,1,1537,0,0,0,False,False,0,1607,1607,0,0,False,False,monotonic,after_data_commit,True,False,,0.0,0.0,0.0,0.0,True,True
M1,,,gt,0,0.0,2,1403,0,0,0,False,False,0,1476,1476,0,0,False,False,monotonic,after_data_commit,True,False,,0.0,0.0,0.0,0.0,True,True
M1,,,gt,0,0.0,3,1459,0,0,0,False,False,0,1511,1511,0,0,False,False,monotonic,after_data_commit,True,False,,0.0,0.0,0.0,0.0,True,True
M1,,,gt,0,0.0,4,1387,0,0,0,False,False,0,1475,1475,0,0,False,False,monotonic,after_data_commit,True,False,,0.0,0.0,0.0,0.0,True,True
M1,,,gt,0,0.0,5,1566,0,0,0,False,False,0,1646,1646,0,0,False,False,monotonic,after_data_commit,True,False,,0.0,0.0,0.0,0.0,True,True
M1,,,gt,0,0.0,6,1559,0,0,0,False,False,0,1640,1640,0,0,False,False,monotonic,after_data_commit,True,False,,0.0,0.0,0.0,0.0,True,True
M1,,,gt,0,0.0,7,1354,0,0,0,False,False,0,1435,1435,0,0,False,False,monotonic,after_data_commit,True,False,,0.0,0.0,0.0,0.0,True,True
M1,,,gt,0,0.0,8,1451,0,0,0,False,False,0,1520,1520,0,0,False,False,monotonic,after_data_commit,True,False,,0.0,0.0,0.0,0.0,True,True
M1,,,gt,0,0.0,9,1517,0,0,0,False,False,0,1638,1638,0,0,False,False,monotonic,after_data_commit,True,False,,0.0,0.0,0.0,0.0,True,True
M1,,,gt,0,0.0,0,1522,0,0,0,False,False,0,1581,1581,0,0,False,False,monotonic,after_data_commit,True,False,,0.0,0.0,0.0,0.0,True,True
M1,,,gt,0,0.0,1,1537,0,0,0,False,False,0,1616,1616,0,0,False,False,monotonic,after_data_commit,True,False,,0.0,0.0,0.0,0.0,True,True
M1,,,gt,0,0.0,2,1403,0,0,0,False,False,0,1474,1474,0,0,False,False,monotonic,after_data_commit,True,False,,0.0,0.0,0.0,0.0,True,True
M1,,,gt,0,0.0,3,1459,0,0,0,False,False,0,1529,1529,0,0,False,False,monotonic,after_data_commit,True,False,,0.0,0.0,0.0,0.0,True,True
M1,,,gt,0,0.0,4,1387,0,0,0,False,False,0,1461,1461,0,0,False,False,monotonic,after_data_commit,True,False,,0.0,0.0,0.0,0.0,True,True
M1,,,gt,0,0.0,5,1566,0,0,0,False,False,0,1653,1653,0,0,False,False,monotonic,after_data_commit,True,False,,0.0,0.0,0.0,0.0,True,True
M1,,,gt,0,0.0,6,1559,0,0,0,False,False,0,1632,1632,0,0,False,False,monotonic,after_data_commit,True,False,,0.0,0.0,0.0,0.0,True,True
M1,,,gt,0,0.0,7,1354,0,0,0,False,False,0,1437,1437,0,0,False,False,monotonic,after_data_commit,True,False,,0.0,0.0,0.0,0.0,True,True
M1,,,gt,0,0.0,8,1451,0,0,0,False,False,0,1548,1548,0,0,False,False,monotonic,after_data_commit,True,False,,0.0,0.0,0.0,0.0,True,True
M1,,,gt,0,0.0,9,1517,0,0,0,False,False,0,1575,1575,0,0,False,False,monotonic,after_data_commit,True,False,,0.0,0.0,0.0,0.0,True,True
M1,,,gt,0,0.0,0,1522,0,0,0,False,False,0,1593,1593,0,0,False,False,cas,after_extract,True,True,,0.0,0.0,0.0,0.0,True,True
M1,,,gt,0,0.0,1,1537,0,0,0,False,False,0,1585,1585,0,0,False,False,cas,after_extract,True,True,,0.0,0.0,0.0,0.0,True,True
M1,,,gt,0,0.0,2,1403,0,0,0,False,False,0,1483,1483,0,0,False,False,cas,after_extract,True,True,,0.0,0.0,0.0,0.0,True,True
M1,,,gt,0,0.0,3,1459,0,0,0,False,False,0,1544,1544,0,0,False,False,cas,after_extract,True,True,,0.0,0.0,0.0,0.0,True,True
M1,,,gt,0,0.0,4,1387,0,0,0,False,False,0,1436,1436,0,0,False,False,cas,after_extract,True,True,,0.0,0.0,0.0,0.0,True,True
M1,,,gt,0,0.0,5,1566,0,0,0,False,False,0,1631,1631,0,0,False,False,cas,after_extract,True,True,,0.0,0.0,0.0,0.0,True,True
M1,,,gt,0,0.0,6,1559,0,0,0,False,False,0,1626,1626,0,0,False,False,cas,after_extract,True,True,,0.0,0.0,0.0,0.0,True,True
M1,,,gt,0,0.0,7,1354,0,0,0,False,False,0,1423,1423,0,0,False,False,cas,after_extract,True,True,,0.0,0.0,0.0,0.0,True,True
M1,,,gt,0,0.0,8,1451,0,0,0,False,False,0,1535,1535,0,0,False,False,cas,after_extract,True,True,,0.0,0.0,0.0,0.0,True,True
M1,,,gt,0,0.0,9,1517,0,0,0,False,False,0,1605,1605,0,0,False,False,cas,after_extract,True,True,,0.0,0.0,0.0,0.0,True,True
M1,,,gt,0,0.0,0,1522,0,0,0,False,False,0,1628,1628,0,0,False,False,cas,after_extract,True,True,,0.0,0.0,0.0,0.0,True,True
M1,,,gt,0,0.0,1,1537,0,0,0,False,False,0,1607,1607,0,0,False,False,cas,after_extract,True,True,,0.0,0.0,0.0,0.0,True,True
M1,,,gt,0,0.0,2,1403,0,0,0,False,False,0,1476,1476,0,0,False,False,cas,after_extract,True,True,,0.0,0.0,0.0,0.0,True,True
M1,,,gt,0,0.0,3,1459,0,0,0,False,False,0,1511,1511,0,0,False,False,cas,after_extract,True,True,,0.0,0.0,0.0,0.0,True,True
M1,,,gt,0,0.0,4,1387,0,0,0,False,False,0,1475,1475,0,0,False,False,cas,after_extract,True,True,,0.0,0.0,0.0,0.0,True,True
M1,,,gt,0,0.0,5,1566,0,0,0,False,False,0,1646,1646,0,0,False,False,cas,after_extract,True,True,,0.0,0.0,0.0,0.0,True,True
M1,,,gt,0,0.0,6,1559,0,0,0,False,False,0,1640,1640,0,0,False,False,cas,after_extract,True,True,,0.0,0.0,0.0,0.0,True,True
M1,,,gt,0,0.0,7,1354,0,0,0,False,False,0,1435,1435,0,0,False,False,cas,after_extract,True,True,,0.0,0.0,0.0,0.0,True,True
M1,,,gt,0,0.0,8,1451,0,0,0,False,False,0,1520,1520,0,0,False,False,cas,after_extract,True,True,,0.0,0.0,0.0,0.0,True,True
M1,,,gt,0,0.0,9,1517,0,0,0,False,False,0,1638,1638,0,0,False,False,cas,after_extract,True,True,,0.0,0.0,0.0,0.0,True,True
M1,,,gt,0,0.0,0,1522,0,0,0,False,False,0,1581,1581,0,0,False,False,cas,after_extract,True,True,,0.0,0.0,0.0,0.0,True,True
M1,,,gt,0,0.0,1,1537,0,0,0,False,False,0,1616,1616,0,0,False,False,cas,after_extract,True,True,,0.0,0.0,0.0,0.0,True,True
M1,,,gt,0,0.0,2,1403,0,0,0,False,False,0,1474,1474,0,0,False,False,cas,after_extract,True,True,,0.0,0.0,0.0,0.0,True,True
M1,,,gt,0,0.0,3,1459,0,0,0,False,False,0,1529,1529,0,0,False,False,cas,after_extract,True,True,,0.0,0.0,0.0,0.0,True,True
M1,,,gt,0,0.0,4,1387,0,0,0,False,False,0,1461,1461,0,0,False,False,cas,after_extract,True,True,,0.0,0.0,0.0,0.0,True,True
M1,,,gt,0,0.0,5,1566,0,0,0,False,False,0,1653,1653,0,0,False,False,cas,after_extract,True,True,,0.0,0.0,0.0,0.0,True,True
M1,,,gt,0,0.0,6,1559,0,0,0,False,False,0,1632,1632,0,0,False,False,cas,after_extract,True,True,,0.0,0.0,0.0,0.0,True,True
M1,,,gt,0,0.0,7,1354,0,0,0,False,False,0,1437,1437,0,0,False,False,cas,after_extract,True,True,,0.0,0.0,0.0,0.0,True,True
M1,,,gt,0,0.0,8,1451,0,0,0,False,False,0,1548,1548,0,0,False,False,cas,after_extract,True,True,,0.0,0.0,0.0,0.0,True,True
M1,,,gt,0,0.0,9,1517,0,0,0,False,False,0,1575,1575,0,0,False,False,cas,after_extract,True,True,,0.0,0.0,0.0,0.0,True,True
M1,,,gt,0,0.0,0,1522,0,0,0,False,False,0,1593,1593,0,0,False,False,cas,after_data_commit,True,True,,0.0,0.0,0.0,0.0,True,True
M1,,,gt,0,0.0,1,1537,0,0,0,False,False,0,1585,1585,0,0,False,False,cas,after_data_commit,True,True,,0.0,0.0,0.0,0.0,True,True
M1,,,gt,0,0.0,2,1403,0,0,0,False,False,0,1483,1483,0,0,False,False,cas,after_data_commit,True,True,,0.0,0.0,0.0,0.0,True,True
M1,,,gt,0,0.0,3,1459,0,0,0,False,False,0,1544,1544,0,0,False,False,cas,after_data_commit,True,True,,0.0,0.0,0.0,0.0,True,True
M1,,,gt,0,0.0,4,1387,0,0,0,False,False,0,1436,1436,0,0,False,False,cas,after_data_commit,True,True,,0.0,0.0,0.0,0.0,True,True
M1,,,gt,0,0.0,5,1566,0,0,0,False,False,0,1631,1631,0,0,False,False,cas,after_data_commit,True,True,,0.0,0.0,0.0,0.0,True,True
M1,,,gt,0,0.0,6,1559,0,0,0,False,False,0,1626,1626,0,0,False,False,cas,after_data_commit,True,True,,0.0,0.0,0.0,0.0,True,True
M1,,,gt,0,0.0,7,1354,0,0,0,False,False,0,1423,1423,0,0,False,False,cas,after_data_commit,True,True,,0.0,0.0,0.0,0.0,True,True
M1,,,gt,0,0.0,8,1451,0,0,0,False,False,0,1535,1535,0,0,False,False,cas,after_data_commit,True,True,,0.0,0.0,0.0,0.0,True,True
M1,,,gt,0,0.0,9,1517,0,0,0,False,False,0,1605,1605,0,0,False,False,cas,after_data_commit,True,True,,0.0,0.0,0.0,0.0,True,True
M1,,,gt,0,0.0,0,1522,0,0,0,False,False,0,1628,1628,0,0,False,False,cas,after_data_commit,True,True,,0.0,0.0,0.0,0.0,True,True
M1,,,gt,0,0.0,1,1537,0,0,0,False,False,0,1607,1607,0,0,False,False,cas,after_data_commit,True,True,,0.0,0.0,0.0,0.0,True,True
M1,,,gt,0,0.0,2,1403,0,0,0,False,False,0,1476,1476,0,0,False,False,cas,after_data_commit,True,True,,0.0,0.0,0.0,0.0,True,True
M1,,,gt,0,0.0,3,1459,0,0,0,False,False,0,1511,1511,0,0,False,False,cas,after_data_commit,True,True,,0.0,0.0,0.0,0.0,True,True
M1,,,gt,0,0.0,4,1387,0,0,0,False,False,0,1475,1475,0,0,False,False,cas,after_data_commit,True,True,,0.0,0.0,0.0,0.0,True,True
M1,,,gt,0,0.0,5,1566,0,0,0,False,False,0,1646,1646,0,0,False,False,cas,after_data_commit,True,True,,0.0,0.0,0.0,0.0,True,True
M1,,,gt,0,0.0,6,1559,0,0,0,False,False,0,1640,1640,0,0,False,False,cas,after_data_commit,True,True,,0.0,0.0,0.0,0.0,True,True
M1,,,gt,0,0.0,7,1354,0,0,0,False,False,0,1435,1435,0,0,False,False,cas,after_data_commit,True,True,,0.0,0.0,0.0,0.0,True,True
M1,,,gt,0,0.0,8,1451,0,0,0,False,False,0,1520,1520,0,0,False,False,cas,after_data_commit,True,True,,0.0,0.0,0.0,0.0,True,True
M1,,,gt,0,0.0,9,1517,0,0,0,False,False,0,1638,1638,0,0,False,False,cas,after_data_commit,True,True,,0.0,0.0,0.0,0.0,True,True
M1,,,gt,0,0.0,0,1522,0,0,0,False,False,0,1581,1581,0,0,False,False,cas,after_data_commit,True,True,,0.0,0.0,0.0,0.0,True,True
M1,,,gt,0,0.0,1,1537,0,0,0,False,False,0,1616,1616,0,0,False,False,cas,after_data_commit,True,True,,0.0,0.0,0.0,0.0,True,True
M1,,,gt,0,0.0,2,1403,0,0,0,False,False,0,1474,1474,0,0,False,False,cas,after_data_commit,True,True,,0.0,0.0,0.0,0.0,True,True
M1,,,gt,0,0.0,3,1459,0,0,0,False,False,0,1529,1529,0,0,False,False,cas,after_data_commit,True,True,,0.0,0.0,0.0,0.0,True,True
M1,,,gt,0,0.0,4,1387,0,0,0,False,False,0,1461,1461,0,0,False,False,cas,after_data_commit,True,True,,0.0,0.0,0.0,0.0,True,True
M1,,,gt,0,0.0,5,1566,0,0,0,False,False,0,1653,1653,0,0,False,False,cas,after_data_commit,True,True,,0.0,0.0,0.0,0.0,True,True
M1,,,gt,0,0.0,6,1559,0,0,0,False,False,0,1632,1632,0,0,False,False,cas,after_data_commit,True,True,,0.0,0.0,0.0,0.0,True,True
M1,,,gt,0,0.0,7,1354,0,0,0,False,False,0,1437,1437,0,0,False,False,cas,after_data_commit,True,True,,0.0,0.0,0.0,0.0,True,True
M1,,,gt,0,0.0,8,1451,0,0,0,False,False,0,1548,1548,0,0,False,False,cas,after_data_commit,True,True,,0.0,0.0,0.0,0.0,True,True
M1,,,gt,0,0.0,9,1517,0,0,0,False,False,0,1575,1575,0,0,False,False,cas,after_data_commit,True,True,,0.0,0.0,0.0,0.0,True,True
M2,,,gt,0,0.0,0,1522,0,0,0,False,False,0,1662,1662,0,0,False,False,none,after_extract,True,False,,0.0,0.0,0.0,0.0,True,True
M2,,,gt,0,0.0,1,1537,0,0,0,False,False,0,1694,1694,0,0,False,False,none,after_extract,True,False,,0.0,0.0,0.0,0.0,True,True
M2,,,gt,0,0.0,2,1403,0,0,0,False,False,0,1559,1559,0,0,False,False,none,after_extract,True,False,,0.0,0.0,0.0,0.0,True,True
M2,,,gt,0,0.0,3,1459,0,0,0,False,False,0,1610,1610,0,0,False,False,none,after_extract,True,False,,0.0,0.0,0.0,0.0,True,True
M2,,,gt,0,0.0,4,1387,0,0,0,False,False,0,1527,1527,0,0,False,False,none,after_extract,True,False,,0.0,0.0,0.0,0.0,True,True
M2,,,gt,0,0.0,5,1566,0,0,0,False,False,0,1689,1689,0,0,False,False,none,after_extract,True,False,,0.0,0.0,0.0,0.0,True,True
M2,,,gt,0,0.0,6,1559,0,0,0,False,False,0,1695,1695,0,0,False,False,none,after_extract,True,False,,0.0,0.0,0.0,0.0,True,True
M2,,,gt,0,0.0,7,1354,0,0,0,False,False,0,1486,1486,0,0,False,False,none,after_extract,True,False,,0.0,0.0,0.0,0.0,True,True
M2,,,gt,0,0.0,8,1451,0,0,0,False,False,0,1586,1586,0,0,False,False,none,after_extract,True,False,,0.0,0.0,0.0,0.0,True,True
M2,,,gt,0,0.0,9,1517,0,0,0,False,False,0,1692,1692,0,0,False,False,none,after_extract,True,False,,0.0,0.0,0.0,0.0,True,True
M2,,,gt,0,0.0,0,1522,0,0,0,False,False,0,1698,1698,0,0,False,False,none,after_extract,True,False,,0.0,0.0,0.0,0.0,True,True
M2,,,gt,0,0.0,1,1537,0,0,0,False,False,0,1691,1691,0,0,False,False,none,after_extract,True,False,,0.0,0.0,0.0,0.0,True,True
M2,,,gt,0,0.0,2,1403,0,0,0,False,False,0,1551,1551,0,0,False,False,none,after_extract,True,False,,0.0,0.0,0.0,0.0,True,True
M2,,,gt,0,0.0,3,1459,0,0,0,False,False,0,1587,1587,0,0,False,False,none,after_extract,True,False,,0.0,0.0,0.0,0.0,True,True
M2,,,gt,0,0.0,4,1387,0,0,0,False,False,0,1530,1530,0,0,False,False,none,after_extract,True,False,,0.0,0.0,0.0,0.0,True,True
M2,,,gt,0,0.0,5,1566,0,0,0,False,False,0,1729,1729,0,0,False,False,none,after_extract,True,False,,0.0,0.0,0.0,0.0,True,True
M2,,,gt,0,0.0,6,1559,0,0,0,False,False,0,1709,1709,0,0,False,False,none,after_extract,True,False,,0.0,0.0,0.0,0.0,True,True
M2,,,gt,0,0.0,7,1354,0,0,0,False,False,0,1523,1523,0,0,False,False,none,after_extract,True,False,,0.0,0.0,0.0,0.0,True,True
M2,,,gt,0,0.0,8,1451,0,0,0,False,False,0,1579,1579,0,0,False,False,none,after_extract,True,False,,0.0,0.0,0.0,0.0,True,True
M2,,,gt,0,0.0,9,1517,0,0,0,False,False,0,1739,1739,0,0,False,False,none,after_extract,True,False,,0.0,0.0,0.0,0.0,True,True
M2,,,gt,0,0.0,0,1522,0,0,0,False,False,0,1641,1641,0,0,False,False,none,after_extract,True,False,,0.0,0.0,0.0,0.0,True,True
M2,,,gt,0,0.0,1,1537,0,0,0,False,False,0,1659,1659,0,0,False,False,none,after_extract,True,False,,0.0,0.0,0.0,0.0,True,True
M2,,,gt,0,0.0,2,1403,0,0,0,False,False,0,1561,1561,0,0,False,False,none,after_extract,True,False,,0.0,0.0,0.0,0.0,True,True
M2,,,gt,0,0.0,3,1459,0,0,0,False,False,0,1597,1597,0,0,False,False,none,after_extract,True,False,,0.0,0.0,0.0,0.0,True,True
M2,,,gt,0,0.0,4,1387,0,0,0,False,False,0,1529,1529,0,0,False,False,none,after_extract,True,False,,0.0,0.0,0.0,0.0,True,True
M2,,,gt,0,0.0,5,1566,0,0,0,False,False,0,1735,1735,0,0,False,False,none,after_extract,True,False,,0.0,0.0,0.0,0.0,True,True
M2,,,gt,0,0.0,6,1559,0,0,0,False,False,0,1721,1721,0,0,False,False,none,after_extract,True,False,,0.0,0.0,0.0,0.0,True,True
M2,,,gt,0,0.0,7,1354,0,0,0,False,False,0,1491,1491,0,0,False,False,none,after_extract,True,False,,0.0,0.0,0.0,0.0,True,True
M2,,,gt,0,0.0,8,1451,0,0,0,False,False,0,1635,1635,0,0,False,False,none,after_extract,True,False,,0.0,0.0,0.0,0.0,True,True
M2,,,gt,0,0.0,9,1517,0,0,0,False,False,0,1649,1649,0,0,False,False,none,after_extract,True,False,,0.0,0.0,0.0,0.0,True,True
M2,,,gt,0,0.0,0,1522,0,0,0,False,False,0,1593,1593,0,0,False,False,monotonic,after_extract,True,False,,0.0,0.0,0.0,0.0,True,True
M2,,,gt,0,0.0,1,1537,0,0,0,False,False,0,1585,1585,0,0,False,False,monotonic,after_extract,True,False,,0.0,0.0,0.0,0.0,True,True
M2,,,gt,0,0.0,2,1403,0,0,0,False,False,0,1483,1483,0,0,False,False,monotonic,after_extract,True,False,,0.0,0.0,0.0,0.0,True,True
M2,,,gt,0,0.0,3,1459,0,0,0,False,False,0,1544,1544,0,0,False,False,monotonic,after_extract,True,False,,0.0,0.0,0.0,0.0,True,True
M2,,,gt,0,0.0,4,1387,0,0,0,False,False,0,1436,1436,0,0,False,False,monotonic,after_extract,True,False,,0.0,0.0,0.0,0.0,True,True
M2,,,gt,0,0.0,5,1566,0,0,0,False,False,0,1631,1631,0,0,False,False,monotonic,after_extract,True,False,,0.0,0.0,0.0,0.0,True,True
M2,,,gt,0,0.0,6,1559,0,0,0,False,False,0,1626,1626,0,0,False,False,monotonic,after_extract,True,False,,0.0,0.0,0.0,0.0,True,True
M2,,,gt,0,0.0,7,1354,0,0,0,False,False,0,1423,1423,0,0,False,False,monotonic,after_extract,True,False,,0.0,0.0,0.0,0.0,True,True
M2,,,gt,0,0.0,8,1451,0,0,0,False,False,0,1535,1535,0,0,False,False,monotonic,after_extract,True,False,,0.0,0.0,0.0,0.0,True,True
M2,,,gt,0,0.0,9,1517,0,0,0,False,False,0,1605,1605,0,0,False,False,monotonic,after_extract,True,False,,0.0,0.0,0.0,0.0,True,True
M2,,,gt,0,0.0,0,1522,0,0,0,False,False,0,1628,1628,0,0,False,False,monotonic,after_extract,True,False,,0.0,0.0,0.0,0.0,True,True
M2,,,gt,0,0.0,1,1537,0,0,0,False,False,0,1607,1607,0,0,False,False,monotonic,after_extract,True,False,,0.0,0.0,0.0,0.0,True,True
M2,,,gt,0,0.0,2,1403,0,0,0,False,False,0,1476,1476,0,0,False,False,monotonic,after_extract,True,False,,0.0,0.0,0.0,0.0,True,True
M2,,,gt,0,0.0,3,1459,0,0,0,False,False,0,1511,1511,0,0,False,False,monotonic,after_extract,True,False,,0.0,0.0,0.0,0.0,True,True
M2,,,gt,0,0.0,4,1387,0,0,0,False,False,0,1475,1475,0,0,False,False,monotonic,after_extract,True,False,,0.0,0.0,0.0,0.0,True,True
M2,,,gt,0,0.0,5,1566,0,0,0,False,False,0,1646,1646,0,0,False,False,monotonic,after_extract,True,False,,0.0,0.0,0.0,0.0,True,True
M2,,,gt,0,0.0,6,1559,0,0,0,False,False,0,1640,1640,0,0,False,False,monotonic,after_extract,True,False,,0.0,0.0,0.0,0.0,True,True
M2,,,gt,0,0.0,7,1354,0,0,0,False,False,0,1435,1435,0,0,False,False,monotonic,after_extract,True,False,,0.0,0.0,0.0,0.0,True,True
M2,,,gt,0,0.0,8,1451,0,0,0,False,False,0,1520,1520,0,0,False,False,monotonic,after_extract,True,False,,0.0,0.0,0.0,0.0,True,True
M2,,,gt,0,0.0,9,1517,0,0,0,False,False,0,1638,1638,0,0,False,False,monotonic,after_extract,True,False,,0.0,0.0,0.0,0.0,True,True
M2,,,gt,0,0.0,0,1522,0,0,0,False,False,0,1581,1581,0,0,False,False,monotonic,after_extract,True,False,,0.0,0.0,0.0,0.0,True,True
M2,,,gt,0,0.0,1,1537,0,0,0,False,False,0,1616,1616,0,0,False,False,monotonic,after_extract,True,False,,0.0,0.0,0.0,0.0,True,True
M2,,,gt,0,0.0,2,1403,0,0,0,False,False,0,1474,1474,0,0,False,False,monotonic,after_extract,True,False,,0.0,0.0,0.0,0.0,True,True
M2,,,gt,0,0.0,3,1459,0,0,0,False,False,0,1529,1529,0,0,False,False,monotonic,after_extract,True,False,,0.0,0.0,0.0,0.0,True,True
M2,,,gt,0,0.0,4,1387,0,0,0,False,False,0,1461,1461,0,0,False,False,monotonic,after_extract,True,False,,0.0,0.0,0.0,0.0,True,True
M2,,,gt,0,0.0,5,1566,0,0,0,False,False,0,1653,1653,0,0,False,False,monotonic,after_extract,True,False,,0.0,0.0,0.0,0.0,True,True
M2,,,gt,0,0.0,6,1559,0,0,0,False,False,0,1632,1632,0,0,False,False,monotonic,after_extract,True,False,,0.0,0.0,0.0,0.0,True,True
M2,,,gt,0,0.0,7,1354,0,0,0,False,False,0,1437,1437,0,0,False,False,monotonic,after_extract,True,False,,0.0,0.0,0.0,0.0,True,True
M2,,,gt,0,0.0,8,1451,0,0,0,False,False,0,1548,1548,0,0,False,False,monotonic,after_extract,True,False,,0.0,0.0,0.0,0.0,True,True
M2,,,gt,0,0.0,9,1517,0,0,0,False,False,0,1575,1575,0,0,False,False,monotonic,after_extract,True,False,,0.0,0.0,0.0,0.0,True,True
M2,,,gt,0,0.0,0,1522,0,0,0,False,False,0,1593,1593,0,0,False,False,cas,after_extract,True,True,,0.0,0.0,0.0,0.0,True,True
M2,,,gt,0,0.0,1,1537,0,0,0,False,False,0,1585,1585,0,0,False,False,cas,after_extract,True,True,,0.0,0.0,0.0,0.0,True,True
M2,,,gt,0,0.0,2,1403,0,0,0,False,False,0,1483,1483,0,0,False,False,cas,after_extract,True,True,,0.0,0.0,0.0,0.0,True,True
M2,,,gt,0,0.0,3,1459,0,0,0,False,False,0,1544,1544,0,0,False,False,cas,after_extract,True,True,,0.0,0.0,0.0,0.0,True,True
M2,,,gt,0,0.0,4,1387,0,0,0,False,False,0,1436,1436,0,0,False,False,cas,after_extract,True,True,,0.0,0.0,0.0,0.0,True,True
M2,,,gt,0,0.0,5,1566,0,0,0,False,False,0,1631,1631,0,0,False,False,cas,after_extract,True,True,,0.0,0.0,0.0,0.0,True,True
M2,,,gt,0,0.0,6,1559,0,0,0,False,False,0,1626,1626,0,0,False,False,cas,after_extract,True,True,,0.0,0.0,0.0,0.0,True,True
M2,,,gt,0,0.0,7,1354,0,0,0,False,False,0,1423,1423,0,0,False,False,cas,after_extract,True,True,,0.0,0.0,0.0,0.0,True,True
M2,,,gt,0,0.0,8,1451,0,0,0,False,False,0,1535,1535,0,0,False,False,cas,after_extract,True,True,,0.0,0.0,0.0,0.0,True,True
M2,,,gt,0,0.0,9,1517,0,0,0,False,False,0,1605,1605,0,0,False,False,cas,after_extract,True,True,,0.0,0.0,0.0,0.0,True,True
M2,,,gt,0,0.0,0,1522,0,0,0,False,False,0,1628,1628,0,0,False,False,cas,after_extract,True,True,,0.0,0.0,0.0,0.0,True,True
M2,,,gt,0,0.0,1,1537,0,0,0,False,False,0,1607,1607,0,0,False,False,cas,after_extract,True,True,,0.0,0.0,0.0,0.0,True,True
M2,,,gt,0,0.0,2,1403,0,0,0,False,False,0,1476,1476,0,0,False,False,cas,after_extract,True,True,,0.0,0.0,0.0,0.0,True,True
M2,,,gt,0,0.0,3,1459,0,0,0,False,False,0,1511,1511,0,0,False,False,cas,after_extract,True,True,,0.0,0.0,0.0,0.0,True,True
M2,,,gt,0,0.0,4,1387,0,0,0,False,False,0,1475,1475,0,0,False,False,cas,after_extract,True,True,,0.0,0.0,0.0,0.0,True,True
M2,,,gt,0,0.0,5,1566,0,0,0,False,False,0,1646,1646,0,0,False,False,cas,after_extract,True,True,,0.0,0.0,0.0,0.0,True,True
M2,,,gt,0,0.0,6,1559,0,0,0,False,False,0,1640,1640,0,0,False,False,cas,after_extract,True,True,,0.0,0.0,0.0,0.0,True,True
M2,,,gt,0,0.0,7,1354,0,0,0,False,False,0,1435,1435,0,0,False,False,cas,after_extract,True,True,,0.0,0.0,0.0,0.0,True,True
M2,,,gt,0,0.0,8,1451,0,0,0,False,False,0,1520,1520,0,0,False,False,cas,after_extract,True,True,,0.0,0.0,0.0,0.0,True,True
M2,,,gt,0,0.0,9,1517,0,0,0,False,False,0,1638,1638,0,0,False,False,cas,after_extract,True,True,,0.0,0.0,0.0,0.0,True,True
M2,,,gt,0,0.0,0,1522,0,0,0,False,False,0,1581,1581,0,0,False,False,cas,after_extract,True,True,,0.0,0.0,0.0,0.0,True,True
M2,,,gt,0,0.0,1,1537,0,0,0,False,False,0,1616,1616,0,0,False,False,cas,after_extract,True,True,,0.0,0.0,0.0,0.0,True,True
M2,,,gt,0,0.0,2,1403,0,0,0,False,False,0,1474,1474,0,0,False,False,cas,after_extract,True,True,,0.0,0.0,0.0,0.0,True,True
M2,,,gt,0,0.0,3,1459,0,0,0,False,False,0,1529,1529,0,0,False,False,cas,after_extract,True,True,,0.0,0.0,0.0,0.0,True,True
M2,,,gt,0,0.0,4,1387,0,0,0,False,False,0,1461,1461,0,0,False,False,cas,after_extract,True,True,,0.0,0.0,0.0,0.0,True,True
M2,,,gt,0,0.0,5,1566,0,0,0,False,False,0,1653,1653,0,0,False,False,cas,after_extract,True,True,,0.0,0.0,0.0,0.0,True,True
M2,,,gt,0,0.0,6,1559,0,0,0,False,False,0,1632,1632,0,0,False,False,cas,after_extract,True,True,,0.0,0.0,0.0,0.0,True,True
M2,,,gt,0,0.0,7,1354,0,0,0,False,False,0,1437,1437,0,0,False,False,cas,after_extract,True,True,,0.0,0.0,0.0,0.0,True,True
M2,,,gt,0,0.0,8,1451,0,0,0,False,False,0,1548,1548,0,0,False,False,cas,after_extract,True,True,,0.0,0.0,0.0,0.0,True,True
M2,,,gt,0,0.0,9,1517,0,0,0,False,False,0,1575,1575,0,0,False,False,cas,after_extract,True,True,,0.0,0.0,0.0,0.0,True,True
P1,,,gt,0,0.0,0,1522,0,0,0,False,False,0,3485,3485,0,0,False,False,none,after_extract,True,False,,0.0,0.0,0.0,0.0,True,True
P1,,,gt,0,0.0,1,1537,0,0,0,False,False,0,3530,3530,0,0,False,False,none,after_extract,True,False,,0.0,0.0,0.0,0.0,True,True
P1,,,gt,0,0.0,2,1403,0,0,0,False,False,0,3257,3257,0,0,False,False,none,after_extract,True,False,,0.0,0.0,0.0,0.0,True,True
P1,,,gt,0,0.0,3,1459,0,0,0,False,False,0,3356,3356,0,0,False,False,none,after_extract,True,False,,0.0,0.0,0.0,0.0,True,True
P1,,,gt,0,0.0,4,1387,0,0,0,False,False,0,3185,3185,0,0,False,False,none,after_extract,True,False,,0.0,0.0,0.0,0.0,True,True
P1,,,gt,0,0.0,5,1566,0,0,0,False,False,0,3545,3545,0,0,False,False,none,after_extract,True,False,,0.0,0.0,0.0,0.0,True,True
P1,,,gt,0,0.0,6,1559,0,0,0,False,False,0,3589,3589,0,0,False,False,none,after_extract,True,False,,0.0,0.0,0.0,0.0,True,True
P1,,,gt,0,0.0,7,1354,0,0,0,False,False,0,3089,3089,0,0,False,False,none,after_extract,True,False,,0.0,0.0,0.0,0.0,True,True
P1,,,gt,0,0.0,8,1451,0,0,0,False,False,0,3329,3329,0,0,False,False,none,after_extract,True,False,,0.0,0.0,0.0,0.0,True,True
P1,,,gt,0,0.0,9,1517,0,0,0,False,False,0,3555,3555,0,0,False,False,none,after_extract,True,False,,0.0,0.0,0.0,0.0,True,True
P1,,,gt,0,0.0,0,1522,0,0,0,False,False,0,3550,3550,0,0,False,False,none,after_extract,True,False,,0.0,0.0,0.0,0.0,True,True
P1,,,gt,0,0.0,1,1537,0,0,0,False,False,0,3522,3522,0,0,False,False,none,after_extract,True,False,,0.0,0.0,0.0,0.0,True,True
P1,,,gt,0,0.0,2,1403,0,0,0,False,False,0,3248,3248,0,0,False,False,none,after_extract,True,False,,0.0,0.0,0.0,0.0,True,True
P1,,,gt,0,0.0,3,1459,0,0,0,False,False,0,3315,3315,0,0,False,False,none,after_extract,True,False,,0.0,0.0,0.0,0.0,True,True
P1,,,gt,0,0.0,4,1387,0,0,0,False,False,0,3190,3190,0,0,False,False,none,after_extract,True,False,,0.0,0.0,0.0,0.0,True,True
P1,,,gt,0,0.0,5,1566,0,0,0,False,False,0,3630,3630,0,0,False,False,none,after_extract,True,False,,0.0,0.0,0.0,0.0,True,True
P1,,,gt,0,0.0,6,1559,0,0,0,False,False,0,3602,3602,0,0,False,False,none,after_extract,True,False,,0.0,0.0,0.0,0.0,True,True
P1,,,gt,0,0.0,7,1354,0,0,0,False,False,0,3151,3151,0,0,False,False,none,after_extract,True,False,,0.0,0.0,0.0,0.0,True,True
P1,,,gt,0,0.0,8,1451,0,0,0,False,False,0,3313,3313,0,0,False,False,none,after_extract,True,False,,0.0,0.0,0.0,0.0,True,True
P1,,,gt,0,0.0,9,1517,0,0,0,False,False,0,3654,3654,0,0,False,False,none,after_extract,True,False,,0.0,0.0,0.0,0.0,True,True
P1,,,gt,0,0.0,0,1522,0,0,0,False,False,0,3437,3437,0,0,False,False,none,after_extract,True,False,,0.0,0.0,0.0,0.0,True,True
P1,,,gt,0,0.0,1,1537,0,0,0,False,False,0,3454,3454,0,0,False,False,none,after_extract,True,False,,0.0,0.0,0.0,0.0,True,True
P1,,,gt,0,0.0,2,1403,0,0,0,False,False,0,3263,3263,0,0,False,False,none,after_extract,True,False,,0.0,0.0,0.0,0.0,True,True
P1,,,gt,0,0.0,3,1459,0,0,0,False,False,0,3337,3337,0,0,False,False,none,after_extract,True,False,,0.0,0.0,0.0,0.0,True,True
P1,,,gt,0,0.0,4,1387,0,0,0,False,False,0,3189,3189,0,0,False,False,none,after_extract,True,False,,0.0,0.0,0.0,0.0,True,True
P1,,,gt,0,0.0,5,1566,0,0,0,False,False,0,3627,3627,0,0,False,False,none,after_extract,True,False,,0.0,0.0,0.0,0.0,True,True
P1,,,gt,0,0.0,6,1559,0,0,0,False,False,0,3642,3642,0,0,False,False,none,after_extract,True,False,,0.0,0.0,0.0,0.0,True,True
P1,,,gt,0,0.0,7,1354,0,0,0,False,False,0,3094,3094,0,0,False,False,none,after_extract,True,False,,0.0,0.0,0.0,0.0,True,True
P1,,,gt,0,0.0,8,1451,0,0,0,False,False,0,3437,3437,0,0,False,False,none,after_extract,True,False,,0.0,0.0,0.0,0.0,True,True
P1,,,gt,0,0.0,9,1517,0,0,0,False,False,0,3474,3474,0,0,False,False,none,after_extract,True,False,,0.0,0.0,0.0,0.0,True,True
P1,,,gt,0,0.0,0,1522,0,79,0,False,False,79,3485,3485,0,0,False,False,none,after_delete_commit,True,False,,0.0,0.0,0.0,0.0,False,True
P1,,,gt,0,0.0,1,1537,0,59,0,False,False,59,3530,3530,0,0,False,False,none,after_delete_commit,True,False,,0.0,0.0,0.0,0.0,False,True
P1,,,gt,0,0.0,2,1403,0,82,0,False,False,82,3257,3257,0,0,False,False,none,after_delete_commit,True,False,,0.0,0.0,0.0,0.0,False,True
P1,,,gt,0,0.0,3,1459,0,77,0,False,False,77,3356,3356,0,0,False,False,none,after_delete_commit,True,False,,0.0,0.0,0.0,0.0,False,True
P1,,,gt,0,0.0,4,1387,0,52,0,False,False,52,3185,3185,0,0,False,False,none,after_delete_commit,True,False,,0.0,0.0,0.0,0.0,False,True
P1,,,gt,0,0.0,5,1566,0,77,0,False,False,77,3545,3545,0,0,False,False,none,after_delete_commit,True,False,,0.0,0.0,0.0,0.0,False,True
P1,,,gt,0,0.0,6,1559,0,67,0,False,False,67,3589,3589,0,0,False,False,none,after_delete_commit,True,False,,0.0,0.0,0.0,0.0,False,True
P1,,,gt,0,0.0,7,1354,0,75,0,False,False,75,3089,3089,0,0,False,False,none,after_delete_commit,True,False,,0.0,0.0,0.0,0.0,False,True
P1,,,gt,0,0.0,8,1451,0,85,0,False,False,85,3329,3329,0,0,False,False,none,after_delete_commit,True,False,,0.0,0.0,0.0,0.0,False,True
P1,,,gt,0,0.0,9,1517,0,78,0,False,False,78,3555,3555,0,0,False,False,none,after_delete_commit,True,False,,0.0,0.0,0.0,0.0,False,True
P1,,,gt,0,0.0,0,1522,0,98,0,False,False,98,3550,3550,0,0,False,False,none,after_delete_commit,True,False,,0.0,0.0,0.0,0.0,False,True
P1,,,gt,0,0.0,1,1537,0,74,0,False,False,74,3522,3522,0,0,False,False,none,after_delete_commit,True,False,,0.0,0.0,0.0,0.0,False,True
P1,,,gt,0,0.0,2,1403,0,73,0,False,False,73,3248,3248,0,0,False,False,none,after_delete_commit,True,False,,0.0,0.0,0.0,0.0,False,True
P1,,,gt,0,0.0,3,1459,0,47,0,False,False,47,3315,3315,0,0,False,False,none,after_delete_commit,True,False,,0.0,0.0,0.0,0.0,False,True
P1,,,gt,0,0.0,4,1387,0,86,0,False,False,86,3190,3190,0,0,False,False,none,after_delete_commit,True,False,,0.0,0.0,0.0,0.0,False,True
P1,,,gt,0,0.0,5,1566,0,85,0,False,False,85,3630,3630,0,0,False,False,none,after_delete_commit,True,False,,0.0,0.0,0.0,0.0,False,True
P1,,,gt,0,0.0,6,1559,0,73,0,False,False,73,3602,3602,0,0,False,False,none,after_delete_commit,True,False,,0.0,0.0,0.0,0.0,False,True
P1,,,gt,0,0.0,7,1354,0,69,0,False,False,69,3151,3151,0,0,False,False,none,after_delete_commit,True,False,,0.0,0.0,0.0,0.0,False,True
P1,,,gt,0,0.0,8,1451,0,64,0,False,False,64,3313,3313,0,0,False,False,none,after_delete_commit,True,False,,0.0,0.0,0.0,0.0,False,True
P1,,,gt,0,0.0,9,1517,0,113,0,False,False,113,3654,3654,0,0,False,False,none,after_delete_commit,True,False,,0.0,0.0,0.0,0.0,False,True
P1,,,gt,0,0.0,0,1522,0,63,0,False,False,63,3437,3437,0,0,False,False,none,after_delete_commit,True,False,,0.0,0.0,0.0,0.0,False,True
P1,,,gt,0,0.0,1,1537,0,82,0,False,False,82,3454,3454,0,0,False,False,none,after_delete_commit,True,False,,0.0,0.0,0.0,0.0,False,True
P1,,,gt,0,0.0,2,1403,0,68,0,False,False,68,3263,3263,0,0,False,False,none,after_delete_commit,True,False,,0.0,0.0,0.0,0.0,False,True
P1,,,gt,0,0.0,3,1459,0,75,0,False,False,75,3337,3337,0,0,False,False,none,after_delete_commit,True,False,,0.0,0.0,0.0,0.0,False,True
P1,,,gt,0,0.0,4,1387,0,76,0,False,False,76,3189,3189,0,0,False,False,none,after_delete_commit,True,False,,0.0,0.0,0.0,0.0,False,True
P1,,,gt,0,0.0,5,1566,0,85,0,False,False,85,3627,3627,0,0,False,False,none,after_delete_commit,True,False,,0.0,0.0,0.0,0.0,False,True
P1,,,gt,0,0.0,6,1559,0,83,0,False,False,83,3642,3642,0,0,False,False,none,after_delete_commit,True,False,,0.0,0.0,0.0,0.0,False,True
P1,,,gt,0,0.0,7,1354,0,83,0,False,False,83,3094,3094,0,0,False,False,none,after_delete_commit,True,False,,0.0,0.0,0.0,0.0,False,True
P1,,,gt,0,0.0,8,1451,0,104,0,False,False,104,3437,3437,0,0,False,False,none,after_delete_commit,True,False,,0.0,0.0,0.0,0.0,False,True
P1,,,gt,0,0.0,9,1517,0,51,0,False,False,51,3474,3474,0,0,False,False,none,after_delete_commit,True,False,,0.0,0.0,0.0,0.0,False,True
P1,,,gt,0,0.0,0,1522,0,0,0,False,False,0,3485,3485,0,0,False,False,none,after_insert_commit,True,False,,0.0,0.0,0.0,0.0,True,True
P1,,,gt,0,0.0,1,1537,0,0,0,False,False,0,3530,3530,0,0,False,False,none,after_insert_commit,True,False,,0.0,0.0,0.0,0.0,True,True
P1,,,gt,0,0.0,2,1403,0,0,0,False,False,0,3257,3257,0,0,False,False,none,after_insert_commit,True,False,,0.0,0.0,0.0,0.0,True,True
P1,,,gt,0,0.0,3,1459,0,0,0,False,False,0,3356,3356,0,0,False,False,none,after_insert_commit,True,False,,0.0,0.0,0.0,0.0,True,True
P1,,,gt,0,0.0,4,1387,0,0,0,False,False,0,3185,3185,0,0,False,False,none,after_insert_commit,True,False,,0.0,0.0,0.0,0.0,True,True
P1,,,gt,0,0.0,5,1566,0,0,0,False,False,0,3545,3545,0,0,False,False,none,after_insert_commit,True,False,,0.0,0.0,0.0,0.0,True,True
P1,,,gt,0,0.0,6,1559,0,0,0,False,False,0,3589,3589,0,0,False,False,none,after_insert_commit,True,False,,0.0,0.0,0.0,0.0,True,True
P1,,,gt,0,0.0,7,1354,0,0,0,False,False,0,3089,3089,0,0,False,False,none,after_insert_commit,True,False,,0.0,0.0,0.0,0.0,True,True
P1,,,gt,0,0.0,8,1451,0,0,0,False,False,0,3329,3329,0,0,False,False,none,after_insert_commit,True,False,,0.0,0.0,0.0,0.0,True,True
P1,,,gt,0,0.0,9,1517,0,0,0,False,False,0,3555,3555,0,0,False,False,none,after_insert_commit,True,False,,0.0,0.0,0.0,0.0,True,True
P1,,,gt,0,0.0,0,1522,0,0,0,False,False,0,3550,3550,0,0,False,False,none,after_insert_commit,True,False,,0.0,0.0,0.0,0.0,True,True
P1,,,gt,0,0.0,1,1537,0,0,0,False,False,0,3522,3522,0,0,False,False,none,after_insert_commit,True,False,,0.0,0.0,0.0,0.0,True,True
P1,,,gt,0,0.0,2,1403,0,0,0,False,False,0,3248,3248,0,0,False,False,none,after_insert_commit,True,False,,0.0,0.0,0.0,0.0,True,True
P1,,,gt,0,0.0,3,1459,0,0,0,False,False,0,3315,3315,0,0,False,False,none,after_insert_commit,True,False,,0.0,0.0,0.0,0.0,True,True
P1,,,gt,0,0.0,4,1387,0,0,0,False,False,0,3190,3190,0,0,False,False,none,after_insert_commit,True,False,,0.0,0.0,0.0,0.0,True,True
P1,,,gt,0,0.0,5,1566,0,0,0,False,False,0,3630,3630,0,0,False,False,none,after_insert_commit,True,False,,0.0,0.0,0.0,0.0,True,True
P1,,,gt,0,0.0,6,1559,0,0,0,False,False,0,3602,3602,0,0,False,False,none,after_insert_commit,True,False,,0.0,0.0,0.0,0.0,True,True
P1,,,gt,0,0.0,7,1354,0,0,0,False,False,0,3151,3151,0,0,False,False,none,after_insert_commit,True,False,,0.0,0.0,0.0,0.0,True,True
P1,,,gt,0,0.0,8,1451,0,0,0,False,False,0,3313,3313,0,0,False,False,none,after_insert_commit,True,False,,0.0,0.0,0.0,0.0,True,True
P1,,,gt,0,0.0,9,1517,0,0,0,False,False,0,3654,3654,0,0,False,False,none,after_insert_commit,True,False,,0.0,0.0,0.0,0.0,True,True
P1,,,gt,0,0.0,0,1522,0,0,0,False,False,0,3437,3437,0,0,False,False,none,after_insert_commit,True,False,,0.0,0.0,0.0,0.0,True,True
P1,,,gt,0,0.0,1,1537,0,0,0,False,False,0,3454,3454,0,0,False,False,none,after_insert_commit,True,False,,0.0,0.0,0.0,0.0,True,True
P1,,,gt,0,0.0,2,1403,0,0,0,False,False,0,3263,3263,0,0,False,False,none,after_insert_commit,True,False,,0.0,0.0,0.0,0.0,True,True
P1,,,gt,0,0.0,3,1459,0,0,0,False,False,0,3337,3337,0,0,False,False,none,after_insert_commit,True,False,,0.0,0.0,0.0,0.0,True,True
P1,,,gt,0,0.0,4,1387,0,0,0,False,False,0,3189,3189,0,0,False,False,none,after_insert_commit,True,False,,0.0,0.0,0.0,0.0,True,True
P1,,,gt,0,0.0,5,1566,0,0,0,False,False,0,3627,3627,0,0,False,False,none,after_insert_commit,True,False,,0.0,0.0,0.0,0.0,True,True
P1,,,gt,0,0.0,6,1559,0,0,0,False,False,0,3642,3642,0,0,False,False,none,after_insert_commit,True,False,,0.0,0.0,0.0,0.0,True,True
P1,,,gt,0,0.0,7,1354,0,0,0,False,False,0,3094,3094,0,0,False,False,none,after_insert_commit,True,False,,0.0,0.0,0.0,0.0,True,True
P1,,,gt,0,0.0,8,1451,0,0,0,False,False,0,3437,3437,0,0,False,False,none,after_insert_commit,True,False,,0.0,0.0,0.0,0.0,True,True
P1,,,gt,0,0.0,9,1517,0,0,0,False,False,0,3474,3474,0,0,False,False,none,after_insert_commit,True,False,,0.0,0.0,0.0,0.0,True,True
P1,,,gt,0,0.0,0,1522,65,0,0,False,False,0,3340,3340,0,0,False,False,monotonic,after_extract,True,False,,0.0,0.0,0.0,0.0,False,True
P1,,,gt,0,0.0,1,1537,93,0,0,False,False,0,3308,3308,0,0,False,False,monotonic,after_extract,True,False,,0.0,0.0,0.0,0.0,False,True
P1,,,gt,0,0.0,2,1403,63,0,0,False,False,0,3104,3104,0,0,False,False,monotonic,after_extract,True,False,,0.0,0.0,0.0,0.0,False,True
P1,,,gt,0,0.0,3,1459,60,0,0,False,False,0,3214,3214,0,0,False,False,monotonic,after_extract,True,False,,0.0,0.0,0.0,0.0,False,True
P1,,,gt,0,0.0,4,1387,88,0,0,False,False,0,3001,3001,0,0,False,False,monotonic,after_extract,True,False,,0.0,0.0,0.0,0.0,False,True
P1,,,gt,0,0.0,5,1566,57,0,0,False,False,0,3427,3427,0,0,False,False,monotonic,after_extract,True,False,,0.0,0.0,0.0,0.0,False,True
P1,,,gt,0,0.0,6,1559,56,0,0,False,False,0,3434,3434,0,0,False,False,monotonic,after_extract,True,False,,0.0,0.0,0.0,0.0,False,True
P1,,,gt,0,0.0,7,1354,57,0,0,False,False,0,2957,2957,0,0,False,False,monotonic,after_extract,True,False,,0.0,0.0,0.0,0.0,False,True
P1,,,gt,0,0.0,8,1451,44,0,0,False,False,0,3223,3223,0,0,False,False,monotonic,after_extract,True,False,,0.0,0.0,0.0,0.0,False,True
P1,,,gt,0,0.0,9,1517,76,0,0,False,False,0,3370,3370,0,0,False,False,monotonic,after_extract,True,False,,0.0,0.0,0.0,0.0,False,True
P1,,,gt,0,0.0,0,1522,66,0,0,False,False,0,3394,3394,0,0,False,False,monotonic,after_extract,True,False,,0.0,0.0,0.0,0.0,False,True
P1,,,gt,0,0.0,1,1537,79,0,0,False,False,0,3345,3345,0,0,False,False,monotonic,after_extract,True,False,,0.0,0.0,0.0,0.0,False,True
P1,,,gt,0,0.0,2,1403,61,0,0,False,False,0,3088,3088,0,0,False,False,monotonic,after_extract,True,False,,0.0,0.0,0.0,0.0,False,True
P1,,,gt,0,0.0,3,1459,71,0,0,False,False,0,3151,3151,0,0,False,False,monotonic,after_extract,True,False,,0.0,0.0,0.0,0.0,False,True
P1,,,gt,0,0.0,4,1387,51,0,0,False,False,0,3074,3074,0,0,False,False,monotonic,after_extract,True,False,,0.0,0.0,0.0,0.0,False,True
P1,,,gt,0,0.0,5,1566,83,0,0,False,False,0,3450,3450,0,0,False,False,monotonic,after_extract,True,False,,0.0,0.0,0.0,0.0,False,True
P1,,,gt,0,0.0,6,1559,64,0,0,False,False,0,3454,3454,0,0,False,False,monotonic,after_extract,True,False,,0.0,0.0,0.0,0.0,False,True
P1,,,gt,0,0.0,7,1354,84,0,0,False,False,0,2963,2963,0,0,False,False,monotonic,after_extract,True,False,,0.0,0.0,0.0,0.0,False,True
P1,,,gt,0,0.0,8,1451,51,0,0,False,False,0,3187,3187,0,0,False,False,monotonic,after_extract,True,False,,0.0,0.0,0.0,0.0,False,True
P1,,,gt,0,0.0,9,1517,75,0,0,False,False,0,3438,3438,0,0,False,False,monotonic,after_extract,True,False,,0.0,0.0,0.0,0.0,False,True
P1,,,gt,0,0.0,0,1522,57,0,0,False,False,0,3312,3312,0,0,False,False,monotonic,after_extract,True,False,,0.0,0.0,0.0,0.0,False,True
P1,,,gt,0,0.0,1,1537,34,0,0,False,False,0,3362,3362,0,0,False,False,monotonic,after_extract,True,False,,0.0,0.0,0.0,0.0,False,True
P1,,,gt,0,0.0,2,1403,83,0,0,False,False,0,3081,3081,0,0,False,False,monotonic,after_extract,True,False,,0.0,0.0,0.0,0.0,False,True
P1,,,gt,0,0.0,3,1459,65,0,0,False,False,0,3197,3197,0,0,False,False,monotonic,after_extract,True,False,,0.0,0.0,0.0,0.0,False,True
P1,,,gt,0,0.0,4,1387,64,0,0,False,False,0,3050,3050,0,0,False,False,monotonic,after_extract,True,False,,0.0,0.0,0.0,0.0,False,True
P1,,,gt,0,0.0,5,1566,74,0,0,False,False,0,3457,3457,0,0,False,False,monotonic,after_extract,True,False,,0.0,0.0,0.0,0.0,False,True
P1,,,gt,0,0.0,6,1559,86,0,0,False,False,0,3456,3456,0,0,False,False,monotonic,after_extract,True,False,,0.0,0.0,0.0,0.0,False,True
P1,,,gt,0,0.0,7,1354,45,0,0,False,False,0,2979,2979,0,0,False,False,monotonic,after_extract,True,False,,0.0,0.0,0.0,0.0,False,True
P1,,,gt,0,0.0,8,1451,81,0,0,False,False,0,3255,3255,0,0,False,False,monotonic,after_extract,True,False,,0.0,0.0,0.0,0.0,False,True
P1,,,gt,0,0.0,9,1517,71,0,0,False,False,0,3313,3313,0,0,False,False,monotonic,after_extract,True,False,,0.0,0.0,0.0,0.0,False,True
P1,,,gt,0,0.0,0,1522,0,86,0,False,False,86,3340,3340,0,0,False,False,monotonic,after_delete_commit,True,False,,0.0,0.0,0.0,0.0,False,True
P1,,,gt,0,0.0,1,1537,0,63,0,False,False,63,3308,3308,0,0,False,False,monotonic,after_delete_commit,True,False,,0.0,0.0,0.0,0.0,False,True
P1,,,gt,0,0.0,2,1403,0,83,0,False,False,83,3104,3104,0,0,False,False,monotonic,after_delete_commit,True,False,,0.0,0.0,0.0,0.0,False,True
P1,,,gt,0,0.0,3,1459,0,87,0,False,False,87,3214,3214,0,0,False,False,monotonic,after_delete_commit,True,False,,0.0,0.0,0.0,0.0,False,True
P1,,,gt,0,0.0,4,1387,0,54,0,False,False,54,3001,3001,0,0,False,False,monotonic,after_delete_commit,True,False,,0.0,0.0,0.0,0.0,False,True
P1,,,gt,0,0.0,5,1566,0,79,0,False,False,79,3427,3427,0,0,False,False,monotonic,after_delete_commit,True,False,,0.0,0.0,0.0,0.0,False,True
P1,,,gt,0,0.0,6,1559,0,84,0,False,False,84,3434,3434,0,0,False,False,monotonic,after_delete_commit,True,False,,0.0,0.0,0.0,0.0,False,True
P1,,,gt,0,0.0,7,1354,0,81,0,False,False,81,2957,2957,0,0,False,False,monotonic,after_delete_commit,True,False,,0.0,0.0,0.0,0.0,False,True
P1,,,gt,0,0.0,8,1451,0,89,0,False,False,89,3223,3223,0,0,False,False,monotonic,after_delete_commit,True,False,,0.0,0.0,0.0,0.0,False,True
P1,,,gt,0,0.0,9,1517,0,89,0,False,False,89,3370,3370,0,0,False,False,monotonic,after_delete_commit,True,False,,0.0,0.0,0.0,0.0,False,True
P1,,,gt,0,0.0,0,1522,0,114,0,False,False,114,3394,3394,0,0,False,False,monotonic,after_delete_commit,True,False,,0.0,0.0,0.0,0.0,False,True
P1,,,gt,0,0.0,1,1537,0,83,0,False,False,83,3345,3345,0,0,False,False,monotonic,after_delete_commit,True,False,,0.0,0.0,0.0,0.0,False,True
P1,,,gt,0,0.0,2,1403,0,83,0,False,False,83,3088,3088,0,0,False,False,monotonic,after_delete_commit,True,False,,0.0,0.0,0.0,0.0,False,True
P1,,,gt,0,0.0,3,1459,0,59,0,False,False,59,3151,3151,0,0,False,False,monotonic,after_delete_commit,True,False,,0.0,0.0,0.0,0.0,False,True
P1,,,gt,0,0.0,4,1387,0,92,0,False,False,92,3074,3074,0,0,False,False,monotonic,after_delete_commit,True,False,,0.0,0.0,0.0,0.0,False,True
P1,,,gt,0,0.0,5,1566,0,99,0,False,False,99,3450,3450,0,0,False,False,monotonic,after_delete_commit,True,False,,0.0,0.0,0.0,0.0,False,True
P1,,,gt,0,0.0,6,1559,0,83,0,False,False,83,3454,3454,0,0,False,False,monotonic,after_delete_commit,True,False,,0.0,0.0,0.0,0.0,False,True
P1,,,gt,0,0.0,7,1354,0,81,0,False,False,81,2963,2963,0,0,False,False,monotonic,after_delete_commit,True,False,,0.0,0.0,0.0,0.0,False,True
P1,,,gt,0,0.0,8,1451,0,72,0,False,False,72,3187,3187,0,0,False,False,monotonic,after_delete_commit,True,False,,0.0,0.0,0.0,0.0,False,True
P1,,,gt,0,0.0,9,1517,0,127,0,False,False,127,3438,3438,0,0,False,False,monotonic,after_delete_commit,True,False,,0.0,0.0,0.0,0.0,False,True
P1,,,gt,0,0.0,0,1522,0,68,0,False,False,68,3312,3312,0,0,False,False,monotonic,after_delete_commit,True,False,,0.0,0.0,0.0,0.0,False,True
P1,,,gt,0,0.0,1,1537,0,88,0,False,False,88,3362,3362,0,0,False,False,monotonic,after_delete_commit,True,False,,0.0,0.0,0.0,0.0,False,True
P1,,,gt,0,0.0,2,1403,0,76,0,False,False,76,3081,3081,0,0,False,False,monotonic,after_delete_commit,True,False,,0.0,0.0,0.0,0.0,False,True
P1,,,gt,0,0.0,3,1459,0,79,0,False,False,79,3197,3197,0,0,False,False,monotonic,after_delete_commit,True,False,,0.0,0.0,0.0,0.0,False,True
P1,,,gt,0,0.0,4,1387,0,79,0,False,False,79,3050,3050,0,0,False,False,monotonic,after_delete_commit,True,False,,0.0,0.0,0.0,0.0,False,True
P1,,,gt,0,0.0,5,1566,0,91,0,False,False,91,3457,3457,0,0,False,False,monotonic,after_delete_commit,True,False,,0.0,0.0,0.0,0.0,False,True
P1,,,gt,0,0.0,6,1559,0,91,0,False,False,91,3456,3456,0,0,False,False,monotonic,after_delete_commit,True,False,,0.0,0.0,0.0,0.0,False,True
P1,,,gt,0,0.0,7,1354,0,90,0,False,False,90,2979,2979,0,0,False,False,monotonic,after_delete_commit,True,False,,0.0,0.0,0.0,0.0,False,True
P1,,,gt,0,0.0,8,1451,0,112,0,False,False,112,3255,3255,0,0,False,False,monotonic,after_delete_commit,True,False,,0.0,0.0,0.0,0.0,False,True
P1,,,gt,0,0.0,9,1517,0,64,0,False,False,64,3313,3313,0,0,False,False,monotonic,after_delete_commit,True,False,,0.0,0.0,0.0,0.0,False,True
P1,,,gt,0,0.0,0,1522,0,0,0,False,False,0,3340,3340,0,0,False,False,monotonic,after_insert_commit,True,False,,0.0,0.0,0.0,0.0,True,True
P1,,,gt,0,0.0,1,1537,0,0,0,False,False,0,3308,3308,0,0,False,False,monotonic,after_insert_commit,True,False,,0.0,0.0,0.0,0.0,True,True
P1,,,gt,0,0.0,2,1403,0,0,0,False,False,0,3104,3104,0,0,False,False,monotonic,after_insert_commit,True,False,,0.0,0.0,0.0,0.0,True,True
P1,,,gt,0,0.0,3,1459,0,0,0,False,False,0,3214,3214,0,0,False,False,monotonic,after_insert_commit,True,False,,0.0,0.0,0.0,0.0,True,True
P1,,,gt,0,0.0,4,1387,0,0,0,False,False,0,3001,3001,0,0,False,False,monotonic,after_insert_commit,True,False,,0.0,0.0,0.0,0.0,True,True
P1,,,gt,0,0.0,5,1566,0,0,0,False,False,0,3427,3427,0,0,False,False,monotonic,after_insert_commit,True,False,,0.0,0.0,0.0,0.0,True,True
P1,,,gt,0,0.0,6,1559,0,0,0,False,False,0,3434,3434,0,0,False,False,monotonic,after_insert_commit,True,False,,0.0,0.0,0.0,0.0,True,True
P1,,,gt,0,0.0,7,1354,0,0,0,False,False,0,2957,2957,0,0,False,False,monotonic,after_insert_commit,True,False,,0.0,0.0,0.0,0.0,True,True
P1,,,gt,0,0.0,8,1451,0,0,0,False,False,0,3223,3223,0,0,False,False,monotonic,after_insert_commit,True,False,,0.0,0.0,0.0,0.0,True,True
P1,,,gt,0,0.0,9,1517,0,0,0,False,False,0,3370,3370,0,0,False,False,monotonic,after_insert_commit,True,False,,0.0,0.0,0.0,0.0,True,True
P1,,,gt,0,0.0,0,1522,0,0,0,False,False,0,3394,3394,0,0,False,False,monotonic,after_insert_commit,True,False,,0.0,0.0,0.0,0.0,True,True
P1,,,gt,0,0.0,1,1537,0,0,0,False,False,0,3345,3345,0,0,False,False,monotonic,after_insert_commit,True,False,,0.0,0.0,0.0,0.0,True,True
P1,,,gt,0,0.0,2,1403,0,0,0,False,False,0,3088,3088,0,0,False,False,monotonic,after_insert_commit,True,False,,0.0,0.0,0.0,0.0,True,True
P1,,,gt,0,0.0,3,1459,0,0,0,False,False,0,3151,3151,0,0,False,False,monotonic,after_insert_commit,True,False,,0.0,0.0,0.0,0.0,True,True
P1,,,gt,0,0.0,4,1387,0,0,0,False,False,0,3074,3074,0,0,False,False,monotonic,after_insert_commit,True,False,,0.0,0.0,0.0,0.0,True,True
P1,,,gt,0,0.0,5,1566,0,0,0,False,False,0,3450,3450,0,0,False,False,monotonic,after_insert_commit,True,False,,0.0,0.0,0.0,0.0,True,True
P1,,,gt,0,0.0,6,1559,0,0,0,False,False,0,3454,3454,0,0,False,False,monotonic,after_insert_commit,True,False,,0.0,0.0,0.0,0.0,True,True
P1,,,gt,0,0.0,7,1354,0,0,0,False,False,0,2963,2963,0,0,False,False,monotonic,after_insert_commit,True,False,,0.0,0.0,0.0,0.0,True,True
P1,,,gt,0,0.0,8,1451,0,0,0,False,False,0,3187,3187,0,0,False,False,monotonic,after_insert_commit,True,False,,0.0,0.0,0.0,0.0,True,True
P1,,,gt,0,0.0,9,1517,0,0,0,False,False,0,3438,3438,0,0,False,False,monotonic,after_insert_commit,True,False,,0.0,0.0,0.0,0.0,True,True
P1,,,gt,0,0.0,0,1522,0,0,0,False,False,0,3312,3312,0,0,False,False,monotonic,after_insert_commit,True,False,,0.0,0.0,0.0,0.0,True,True
P1,,,gt,0,0.0,1,1537,0,0,0,False,False,0,3362,3362,0,0,False,False,monotonic,after_insert_commit,True,False,,0.0,0.0,0.0,0.0,True,True
P1,,,gt,0,0.0,2,1403,0,0,0,False,False,0,3081,3081,0,0,False,False,monotonic,after_insert_commit,True,False,,0.0,0.0,0.0,0.0,True,True
P1,,,gt,0,0.0,3,1459,0,0,0,False,False,0,3197,3197,0,0,False,False,monotonic,after_insert_commit,True,False,,0.0,0.0,0.0,0.0,True,True
P1,,,gt,0,0.0,4,1387,0,0,0,False,False,0,3050,3050,0,0,False,False,monotonic,after_insert_commit,True,False,,0.0,0.0,0.0,0.0,True,True
P1,,,gt,0,0.0,5,1566,0,0,0,False,False,0,3457,3457,0,0,False,False,monotonic,after_insert_commit,True,False,,0.0,0.0,0.0,0.0,True,True
P1,,,gt,0,0.0,6,1559,0,0,0,False,False,0,3456,3456,0,0,False,False,monotonic,after_insert_commit,True,False,,0.0,0.0,0.0,0.0,True,True
P1,,,gt,0,0.0,7,1354,0,0,0,False,False,0,2979,2979,0,0,False,False,monotonic,after_insert_commit,True,False,,0.0,0.0,0.0,0.0,True,True
P1,,,gt,0,0.0,8,1451,0,0,0,False,False,0,3255,3255,0,0,False,False,monotonic,after_insert_commit,True,False,,0.0,0.0,0.0,0.0,True,True
P1,,,gt,0,0.0,9,1517,0,0,0,False,False,0,3313,3313,0,0,False,False,monotonic,after_insert_commit,True,False,,0.0,0.0,0.0,0.0,True,True
P1,,,gt,0,0.0,0,1522,65,0,0,False,False,0,3340,3340,0,0,False,False,cas,after_extract,True,True,,0.0,0.0,0.0,0.0,False,True
P1,,,gt,0,0.0,1,1537,93,0,0,False,False,0,3308,3308,0,0,False,False,cas,after_extract,True,True,,0.0,0.0,0.0,0.0,False,True
P1,,,gt,0,0.0,2,1403,63,0,0,False,False,0,3104,3104,0,0,False,False,cas,after_extract,True,True,,0.0,0.0,0.0,0.0,False,True
P1,,,gt,0,0.0,3,1459,60,0,0,False,False,0,3214,3214,0,0,False,False,cas,after_extract,True,True,,0.0,0.0,0.0,0.0,False,True
P1,,,gt,0,0.0,4,1387,88,0,0,False,False,0,3001,3001,0,0,False,False,cas,after_extract,True,True,,0.0,0.0,0.0,0.0,False,True
P1,,,gt,0,0.0,5,1566,57,0,0,False,False,0,3427,3427,0,0,False,False,cas,after_extract,True,True,,0.0,0.0,0.0,0.0,False,True
P1,,,gt,0,0.0,6,1559,56,0,0,False,False,0,3434,3434,0,0,False,False,cas,after_extract,True,True,,0.0,0.0,0.0,0.0,False,True
P1,,,gt,0,0.0,7,1354,57,0,0,False,False,0,2957,2957,0,0,False,False,cas,after_extract,True,True,,0.0,0.0,0.0,0.0,False,True
P1,,,gt,0,0.0,8,1451,44,0,0,False,False,0,3223,3223,0,0,False,False,cas,after_extract,True,True,,0.0,0.0,0.0,0.0,False,True
P1,,,gt,0,0.0,9,1517,76,0,0,False,False,0,3370,3370,0,0,False,False,cas,after_extract,True,True,,0.0,0.0,0.0,0.0,False,True
P1,,,gt,0,0.0,0,1522,66,0,0,False,False,0,3394,3394,0,0,False,False,cas,after_extract,True,True,,0.0,0.0,0.0,0.0,False,True
P1,,,gt,0,0.0,1,1537,79,0,0,False,False,0,3345,3345,0,0,False,False,cas,after_extract,True,True,,0.0,0.0,0.0,0.0,False,True
P1,,,gt,0,0.0,2,1403,61,0,0,False,False,0,3088,3088,0,0,False,False,cas,after_extract,True,True,,0.0,0.0,0.0,0.0,False,True
P1,,,gt,0,0.0,3,1459,71,0,0,False,False,0,3151,3151,0,0,False,False,cas,after_extract,True,True,,0.0,0.0,0.0,0.0,False,True
P1,,,gt,0,0.0,4,1387,51,0,0,False,False,0,3074,3074,0,0,False,False,cas,after_extract,True,True,,0.0,0.0,0.0,0.0,False,True
P1,,,gt,0,0.0,5,1566,83,0,0,False,False,0,3450,3450,0,0,False,False,cas,after_extract,True,True,,0.0,0.0,0.0,0.0,False,True
P1,,,gt,0,0.0,6,1559,64,0,0,False,False,0,3454,3454,0,0,False,False,cas,after_extract,True,True,,0.0,0.0,0.0,0.0,False,True
P1,,,gt,0,0.0,7,1354,84,0,0,False,False,0,2963,2963,0,0,False,False,cas,after_extract,True,True,,0.0,0.0,0.0,0.0,False,True
P1,,,gt,0,0.0,8,1451,51,0,0,False,False,0,3187,3187,0,0,False,False,cas,after_extract,True,True,,0.0,0.0,0.0,0.0,False,True
P1,,,gt,0,0.0,9,1517,75,0,0,False,False,0,3438,3438,0,0,False,False,cas,after_extract,True,True,,0.0,0.0,0.0,0.0,False,True
P1,,,gt,0,0.0,0,1522,57,0,0,False,False,0,3312,3312,0,0,False,False,cas,after_extract,True,True,,0.0,0.0,0.0,0.0,False,True
P1,,,gt,0,0.0,1,1537,34,0,0,False,False,0,3362,3362,0,0,False,False,cas,after_extract,True,True,,0.0,0.0,0.0,0.0,False,True
P1,,,gt,0,0.0,2,1403,83,0,0,False,False,0,3081,3081,0,0,False,False,cas,after_extract,True,True,,0.0,0.0,0.0,0.0,False,True
P1,,,gt,0,0.0,3,1459,65,0,0,False,False,0,3197,3197,0,0,False,False,cas,after_extract,True,True,,0.0,0.0,0.0,0.0,False,True
P1,,,gt,0,0.0,4,1387,64,0,0,False,False,0,3050,3050,0,0,False,False,cas,after_extract,True,True,,0.0,0.0,0.0,0.0,False,True
P1,,,gt,0,0.0,5,1566,74,0,0,False,False,0,3457,3457,0,0,False,False,cas,after_extract,True,True,,0.0,0.0,0.0,0.0,False,True
P1,,,gt,0,0.0,6,1559,86,0,0,False,False,0,3456,3456,0,0,False,False,cas,after_extract,True,True,,0.0,0.0,0.0,0.0,False,True
P1,,,gt,0,0.0,7,1354,45,0,0,False,False,0,2979,2979,0,0,False,False,cas,after_extract,True,True,,0.0,0.0,0.0,0.0,False,True
P1,,,gt,0,0.0,8,1451,81,0,0,False,False,0,3255,3255,0,0,False,False,cas,after_extract,True,True,,0.0,0.0,0.0,0.0,False,True
P1,,,gt,0,0.0,9,1517,71,0,0,False,False,0,3313,3313,0,0,False,False,cas,after_extract,True,True,,0.0,0.0,0.0,0.0,False,True
P1,,,gt,0,0.0,0,1522,0,86,0,False,False,86,3340,3340,0,0,False,False,cas,after_delete_commit,True,True,,0.0,0.0,0.0,0.0,False,True
P1,,,gt,0,0.0,1,1537,0,63,0,False,False,63,3308,3308,0,0,False,False,cas,after_delete_commit,True,True,,0.0,0.0,0.0,0.0,False,True
P1,,,gt,0,0.0,2,1403,0,83,0,False,False,83,3104,3104,0,0,False,False,cas,after_delete_commit,True,True,,0.0,0.0,0.0,0.0,False,True
P1,,,gt,0,0.0,3,1459,0,87,0,False,False,87,3214,3214,0,0,False,False,cas,after_delete_commit,True,True,,0.0,0.0,0.0,0.0,False,True
P1,,,gt,0,0.0,4,1387,0,54,0,False,False,54,3001,3001,0,0,False,False,cas,after_delete_commit,True,True,,0.0,0.0,0.0,0.0,False,True
P1,,,gt,0,0.0,5,1566,0,79,0,False,False,79,3427,3427,0,0,False,False,cas,after_delete_commit,True,True,,0.0,0.0,0.0,0.0,False,True
P1,,,gt,0,0.0,6,1559,0,84,0,False,False,84,3434,3434,0,0,False,False,cas,after_delete_commit,True,True,,0.0,0.0,0.0,0.0,False,True
P1,,,gt,0,0.0,7,1354,0,81,0,False,False,81,2957,2957,0,0,False,False,cas,after_delete_commit,True,True,,0.0,0.0,0.0,0.0,False,True
P1,,,gt,0,0.0,8,1451,0,89,0,False,False,89,3223,3223,0,0,False,False,cas,after_delete_commit,True,True,,0.0,0.0,0.0,0.0,False,True
P1,,,gt,0,0.0,9,1517,0,89,0,False,False,89,3370,3370,0,0,False,False,cas,after_delete_commit,True,True,,0.0,0.0,0.0,0.0,False,True
P1,,,gt,0,0.0,0,1522,0,114,0,False,False,114,3394,3394,0,0,False,False,cas,after_delete_commit,True,True,,0.0,0.0,0.0,0.0,False,True
P1,,,gt,0,0.0,1,1537,0,83,0,False,False,83,3345,3345,0,0,False,False,cas,after_delete_commit,True,True,,0.0,0.0,0.0,0.0,False,True
P1,,,gt,0,0.0,2,1403,0,83,0,False,False,83,3088,3088,0,0,False,False,cas,after_delete_commit,True,True,,0.0,0.0,0.0,0.0,False,True
P1,,,gt,0,0.0,3,1459,0,59,0,False,False,59,3151,3151,0,0,False,False,cas,after_delete_commit,True,True,,0.0,0.0,0.0,0.0,False,True
P1,,,gt,0,0.0,4,1387,0,92,0,False,False,92,3074,3074,0,0,False,False,cas,after_delete_commit,True,True,,0.0,0.0,0.0,0.0,False,True
P1,,,gt,0,0.0,5,1566,0,99,0,False,False,99,3450,3450,0,0,False,False,cas,after_delete_commit,True,True,,0.0,0.0,0.0,0.0,False,True
P1,,,gt,0,0.0,6,1559,0,83,0,False,False,83,3454,3454,0,0,False,False,cas,after_delete_commit,True,True,,0.0,0.0,0.0,0.0,False,True
P1,,,gt,0,0.0,7,1354,0,81,0,False,False,81,2963,2963,0,0,False,False,cas,after_delete_commit,True,True,,0.0,0.0,0.0,0.0,False,True
P1,,,gt,0,0.0,8,1451,0,72,0,False,False,72,3187,3187,0,0,False,False,cas,after_delete_commit,True,True,,0.0,0.0,0.0,0.0,False,True
P1,,,gt,0,0.0,9,1517,0,127,0,False,False,127,3438,3438,0,0,False,False,cas,after_delete_commit,True,True,,0.0,0.0,0.0,0.0,False,True
P1,,,gt,0,0.0,0,1522,0,68,0,False,False,68,3312,3312,0,0,False,False,cas,after_delete_commit,True,True,,0.0,0.0,0.0,0.0,False,True
P1,,,gt,0,0.0,1,1537,0,88,0,False,False,88,3362,3362,0,0,False,False,cas,after_delete_commit,True,True,,0.0,0.0,0.0,0.0,False,True
P1,,,gt,0,0.0,2,1403,0,76,0,False,False,76,3081,3081,0,0,False,False,cas,after_delete_commit,True,True,,0.0,0.0,0.0,0.0,False,True
P1,,,gt,0,0.0,3,1459,0,79,0,False,False,79,3197,3197,0,0,False,False,cas,after_delete_commit,True,True,,0.0,0.0,0.0,0.0,False,True
P1,,,gt,0,0.0,4,1387,0,79,0,False,False,79,3050,3050,0,0,False,False,cas,after_delete_commit,True,True,,0.0,0.0,0.0,0.0,False,True
P1,,,gt,0,0.0,5,1566,0,91,0,False,False,91,3457,3457,0,0,False,False,cas,after_delete_commit,True,True,,0.0,0.0,0.0,0.0,False,True
P1,,,gt,0,0.0,6,1559,0,91,0,False,False,91,3456,3456,0,0,False,False,cas,after_delete_commit,True,True,,0.0,0.0,0.0,0.0,False,True
P1,,,gt,0,0.0,7,1354,0,90,0,False,False,90,2979,2979,0,0,False,False,cas,after_delete_commit,True,True,,0.0,0.0,0.0,0.0,False,True
P1,,,gt,0,0.0,8,1451,0,112,0,False,False,112,3255,3255,0,0,False,False,cas,after_delete_commit,True,True,,0.0,0.0,0.0,0.0,False,True
P1,,,gt,0,0.0,9,1517,0,64,0,False,False,64,3313,3313,0,0,False,False,cas,after_delete_commit,True,True,,0.0,0.0,0.0,0.0,False,True
P1,,,gt,0,0.0,0,1522,0,0,0,False,False,0,3340,3340,0,0,False,False,cas,after_insert_commit,True,True,,0.0,0.0,0.0,0.0,True,True
P1,,,gt,0,0.0,1,1537,0,0,0,False,False,0,3308,3308,0,0,False,False,cas,after_insert_commit,True,True,,0.0,0.0,0.0,0.0,True,True
P1,,,gt,0,0.0,2,1403,0,0,0,False,False,0,3104,3104,0,0,False,False,cas,after_insert_commit,True,True,,0.0,0.0,0.0,0.0,True,True
P1,,,gt,0,0.0,3,1459,0,0,0,False,False,0,3214,3214,0,0,False,False,cas,after_insert_commit,True,True,,0.0,0.0,0.0,0.0,True,True
P1,,,gt,0,0.0,4,1387,0,0,0,False,False,0,3001,3001,0,0,False,False,cas,after_insert_commit,True,True,,0.0,0.0,0.0,0.0,True,True
P1,,,gt,0,0.0,5,1566,0,0,0,False,False,0,3427,3427,0,0,False,False,cas,after_insert_commit,True,True,,0.0,0.0,0.0,0.0,True,True
P1,,,gt,0,0.0,6,1559,0,0,0,False,False,0,3434,3434,0,0,False,False,cas,after_insert_commit,True,True,,0.0,0.0,0.0,0.0,True,True
P1,,,gt,0,0.0,7,1354,0,0,0,False,False,0,2957,2957,0,0,False,False,cas,after_insert_commit,True,True,,0.0,0.0,0.0,0.0,True,True
P1,,,gt,0,0.0,8,1451,0,0,0,False,False,0,3223,3223,0,0,False,False,cas,after_insert_commit,True,True,,0.0,0.0,0.0,0.0,True,True
P1,,,gt,0,0.0,9,1517,0,0,0,False,False,0,3370,3370,0,0,False,False,cas,after_insert_commit,True,True,,0.0,0.0,0.0,0.0,True,True
P1,,,gt,0,0.0,0,1522,0,0,0,False,False,0,3394,3394,0,0,False,False,cas,after_insert_commit,True,True,,0.0,0.0,0.0,0.0,True,True
P1,,,gt,0,0.0,1,1537,0,0,0,False,False,0,3345,3345,0,0,False,False,cas,after_insert_commit,True,True,,0.0,0.0,0.0,0.0,True,True
P1,,,gt,0,0.0,2,1403,0,0,0,False,False,0,3088,3088,0,0,False,False,cas,after_insert_commit,True,True,,0.0,0.0,0.0,0.0,True,True
P1,,,gt,0,0.0,3,1459,0,0,0,False,False,0,3151,3151,0,0,False,False,cas,after_insert_commit,True,True,,0.0,0.0,0.0,0.0,True,True
P1,,,gt,0,0.0,4,1387,0,0,0,False,False,0,3074,3074,0,0,False,False,cas,after_insert_commit,True,True,,0.0,0.0,0.0,0.0,True,True
P1,,,gt,0,0.0,5,1566,0,0,0,False,False,0,3450,3450,0,0,False,False,cas,after_insert_commit,True,True,,0.0,0.0,0.0,0.0,True,True
P1,,,gt,0,0.0,6,1559,0,0,0,False,False,0,3454,3454,0,0,False,False,cas,after_insert_commit,True,True,,0.0,0.0,0.0,0.0,True,True
P1,,,gt,0,0.0,7,1354,0,0,0,False,False,0,2963,2963,0,0,False,False,cas,after_insert_commit,True,True,,0.0,0.0,0.0,0.0,True,True
P1,,,gt,0,0.0,8,1451,0,0,0,False,False,0,3187,3187,0,0,False,False,cas,after_insert_commit,True,True,,0.0,0.0,0.0,0.0,True,True
P1,,,gt,0,0.0,9,1517,0,0,0,False,False,0,3438,3438,0,0,False,False,cas,after_insert_commit,True,True,,0.0,0.0,0.0,0.0,True,True
P1,,,gt,0,0.0,0,1522,0,0,0,False,False,0,3312,3312,0,0,False,False,cas,after_insert_commit,True,True,,0.0,0.0,0.0,0.0,True,True
P1,,,gt,0,0.0,1,1537,0,0,0,False,False,0,3362,3362,0,0,False,False,cas,after_insert_commit,True,True,,0.0,0.0,0.0,0.0,True,True
P1,,,gt,0,0.0,2,1403,0,0,0,False,False,0,3081,3081,0,0,False,False,cas,after_insert_commit,True,True,,0.0,0.0,0.0,0.0,True,True
P1,,,gt,0,0.0,3,1459,0,0,0,False,False,0,3197,3197,0,0,False,False,cas,after_insert_commit,True,True,,0.0,0.0,0.0,0.0,True,True
P1,,,gt,0,0.0,4,1387,0,0,0,False,False,0,3050,3050,0,0,False,False,cas,after_insert_commit,True,True,,0.0,0.0,0.0,0.0,True,True
P1,,,gt,0,0.0,5,1566,0,0,0,False,False,0,3457,3457,0,0,False,False,cas,after_insert_commit,True,True,,0.0,0.0,0.0,0.0,True,True
P1,,,gt,0,0.0,6,1559,0,0,0,False,False,0,3456,3456,0,0,False,False,cas,after_insert_commit,True,True,,0.0,0.0,0.0,0.0,True,True
P1,,,gt,0,0.0,7,1354,0,0,0,False,False,0,2979,2979,0,0,False,False,cas,after_insert_commit,True,True,,0.0,0.0,0.0,0.0,True,True
P1,,,gt,0,0.0,8,1451,0,0,0,False,False,0,3255,3255,0,0,False,False,cas,after_insert_commit,True,True,,0.0,0.0,0.0,0.0,True,True
P1,,,gt,0,0.0,9,1517,0,0,0,False,False,0,3313,3313,0,0,False,False,cas,after_insert_commit,True,True,,0.0,0.0,0.0,0.0,True,True
P2,,,gt,0,0.0,0,1522,0,0,0,False,False,0,3485,3485,0,0,False,False,none,after_extract,True,False,,0.0,0.0,0.0,0.0,True,True
P2,,,gt,0,0.0,1,1537,0,0,0,False,False,0,3530,3530,0,0,False,False,none,after_extract,True,False,,0.0,0.0,0.0,0.0,True,True
P2,,,gt,0,0.0,2,1403,0,0,0,False,False,0,3257,3257,0,0,False,False,none,after_extract,True,False,,0.0,0.0,0.0,0.0,True,True
P2,,,gt,0,0.0,3,1459,0,0,0,False,False,0,3356,3356,0,0,False,False,none,after_extract,True,False,,0.0,0.0,0.0,0.0,True,True
P2,,,gt,0,0.0,4,1387,0,0,0,False,False,0,3185,3185,0,0,False,False,none,after_extract,True,False,,0.0,0.0,0.0,0.0,True,True
P2,,,gt,0,0.0,5,1566,0,0,0,False,False,0,3545,3545,0,0,False,False,none,after_extract,True,False,,0.0,0.0,0.0,0.0,True,True
P2,,,gt,0,0.0,6,1559,0,0,0,False,False,0,3589,3589,0,0,False,False,none,after_extract,True,False,,0.0,0.0,0.0,0.0,True,True
P2,,,gt,0,0.0,7,1354,0,0,0,False,False,0,3089,3089,0,0,False,False,none,after_extract,True,False,,0.0,0.0,0.0,0.0,True,True
P2,,,gt,0,0.0,8,1451,0,0,0,False,False,0,3329,3329,0,0,False,False,none,after_extract,True,False,,0.0,0.0,0.0,0.0,True,True
P2,,,gt,0,0.0,9,1517,0,0,0,False,False,0,3555,3555,0,0,False,False,none,after_extract,True,False,,0.0,0.0,0.0,0.0,True,True
P2,,,gt,0,0.0,0,1522,0,0,0,False,False,0,3550,3550,0,0,False,False,none,after_extract,True,False,,0.0,0.0,0.0,0.0,True,True
P2,,,gt,0,0.0,1,1537,0,0,0,False,False,0,3522,3522,0,0,False,False,none,after_extract,True,False,,0.0,0.0,0.0,0.0,True,True
P2,,,gt,0,0.0,2,1403,0,0,0,False,False,0,3248,3248,0,0,False,False,none,after_extract,True,False,,0.0,0.0,0.0,0.0,True,True
P2,,,gt,0,0.0,3,1459,0,0,0,False,False,0,3315,3315,0,0,False,False,none,after_extract,True,False,,0.0,0.0,0.0,0.0,True,True
P2,,,gt,0,0.0,4,1387,0,0,0,False,False,0,3190,3190,0,0,False,False,none,after_extract,True,False,,0.0,0.0,0.0,0.0,True,True
P2,,,gt,0,0.0,5,1566,0,0,0,False,False,0,3630,3630,0,0,False,False,none,after_extract,True,False,,0.0,0.0,0.0,0.0,True,True
P2,,,gt,0,0.0,6,1559,0,0,0,False,False,0,3602,3602,0,0,False,False,none,after_extract,True,False,,0.0,0.0,0.0,0.0,True,True
P2,,,gt,0,0.0,7,1354,0,0,0,False,False,0,3151,3151,0,0,False,False,none,after_extract,True,False,,0.0,0.0,0.0,0.0,True,True
P2,,,gt,0,0.0,8,1451,0,0,0,False,False,0,3313,3313,0,0,False,False,none,after_extract,True,False,,0.0,0.0,0.0,0.0,True,True
P2,,,gt,0,0.0,9,1517,0,0,0,False,False,0,3654,3654,0,0,False,False,none,after_extract,True,False,,0.0,0.0,0.0,0.0,True,True
P2,,,gt,0,0.0,0,1522,0,0,0,False,False,0,3437,3437,0,0,False,False,none,after_extract,True,False,,0.0,0.0,0.0,0.0,True,True
P2,,,gt,0,0.0,1,1537,0,0,0,False,False,0,3454,3454,0,0,False,False,none,after_extract,True,False,,0.0,0.0,0.0,0.0,True,True
P2,,,gt,0,0.0,2,1403,0,0,0,False,False,0,3263,3263,0,0,False,False,none,after_extract,True,False,,0.0,0.0,0.0,0.0,True,True
P2,,,gt,0,0.0,3,1459,0,0,0,False,False,0,3337,3337,0,0,False,False,none,after_extract,True,False,,0.0,0.0,0.0,0.0,True,True
P2,,,gt,0,0.0,4,1387,0,0,0,False,False,0,3189,3189,0,0,False,False,none,after_extract,True,False,,0.0,0.0,0.0,0.0,True,True
P2,,,gt,0,0.0,5,1566,0,0,0,False,False,0,3627,3627,0,0,False,False,none,after_extract,True,False,,0.0,0.0,0.0,0.0,True,True
P2,,,gt,0,0.0,6,1559,0,0,0,False,False,0,3642,3642,0,0,False,False,none,after_extract,True,False,,0.0,0.0,0.0,0.0,True,True
P2,,,gt,0,0.0,7,1354,0,0,0,False,False,0,3094,3094,0,0,False,False,none,after_extract,True,False,,0.0,0.0,0.0,0.0,True,True
P2,,,gt,0,0.0,8,1451,0,0,0,False,False,0,3437,3437,0,0,False,False,none,after_extract,True,False,,0.0,0.0,0.0,0.0,True,True
P2,,,gt,0,0.0,9,1517,0,0,0,False,False,0,3474,3474,0,0,False,False,none,after_extract,True,False,,0.0,0.0,0.0,0.0,True,True
P2,,,gt,0,0.0,0,1522,65,0,0,False,False,0,3340,3340,0,0,False,False,monotonic,after_extract,True,False,,0.0,0.0,0.0,0.0,False,True
P2,,,gt,0,0.0,1,1537,93,0,0,False,False,0,3308,3308,0,0,False,False,monotonic,after_extract,True,False,,0.0,0.0,0.0,0.0,False,True
P2,,,gt,0,0.0,2,1403,63,0,0,False,False,0,3104,3104,0,0,False,False,monotonic,after_extract,True,False,,0.0,0.0,0.0,0.0,False,True
P2,,,gt,0,0.0,3,1459,60,0,0,False,False,0,3214,3214,0,0,False,False,monotonic,after_extract,True,False,,0.0,0.0,0.0,0.0,False,True
P2,,,gt,0,0.0,4,1387,88,0,0,False,False,0,3001,3001,0,0,False,False,monotonic,after_extract,True,False,,0.0,0.0,0.0,0.0,False,True
P2,,,gt,0,0.0,5,1566,57,0,0,False,False,0,3427,3427,0,0,False,False,monotonic,after_extract,True,False,,0.0,0.0,0.0,0.0,False,True
P2,,,gt,0,0.0,6,1559,56,0,0,False,False,0,3434,3434,0,0,False,False,monotonic,after_extract,True,False,,0.0,0.0,0.0,0.0,False,True
P2,,,gt,0,0.0,7,1354,57,0,0,False,False,0,2957,2957,0,0,False,False,monotonic,after_extract,True,False,,0.0,0.0,0.0,0.0,False,True
P2,,,gt,0,0.0,8,1451,44,0,0,False,False,0,3223,3223,0,0,False,False,monotonic,after_extract,True,False,,0.0,0.0,0.0,0.0,False,True
P2,,,gt,0,0.0,9,1517,76,0,0,False,False,0,3370,3370,0,0,False,False,monotonic,after_extract,True,False,,0.0,0.0,0.0,0.0,False,True
P2,,,gt,0,0.0,0,1522,66,0,0,False,False,0,3394,3394,0,0,False,False,monotonic,after_extract,True,False,,0.0,0.0,0.0,0.0,False,True
P2,,,gt,0,0.0,1,1537,79,0,0,False,False,0,3345,3345,0,0,False,False,monotonic,after_extract,True,False,,0.0,0.0,0.0,0.0,False,True
P2,,,gt,0,0.0,2,1403,61,0,0,False,False,0,3088,3088,0,0,False,False,monotonic,after_extract,True,False,,0.0,0.0,0.0,0.0,False,True
P2,,,gt,0,0.0,3,1459,71,0,0,False,False,0,3151,3151,0,0,False,False,monotonic,after_extract,True,False,,0.0,0.0,0.0,0.0,False,True
P2,,,gt,0,0.0,4,1387,51,0,0,False,False,0,3074,3074,0,0,False,False,monotonic,after_extract,True,False,,0.0,0.0,0.0,0.0,False,True
P2,,,gt,0,0.0,5,1566,83,0,0,False,False,0,3450,3450,0,0,False,False,monotonic,after_extract,True,False,,0.0,0.0,0.0,0.0,False,True
P2,,,gt,0,0.0,6,1559,64,0,0,False,False,0,3454,3454,0,0,False,False,monotonic,after_extract,True,False,,0.0,0.0,0.0,0.0,False,True
P2,,,gt,0,0.0,7,1354,84,0,0,False,False,0,2963,2963,0,0,False,False,monotonic,after_extract,True,False,,0.0,0.0,0.0,0.0,False,True
P2,,,gt,0,0.0,8,1451,51,0,0,False,False,0,3187,3187,0,0,False,False,monotonic,after_extract,True,False,,0.0,0.0,0.0,0.0,False,True
P2,,,gt,0,0.0,9,1517,75,0,0,False,False,0,3438,3438,0,0,False,False,monotonic,after_extract,True,False,,0.0,0.0,0.0,0.0,False,True
P2,,,gt,0,0.0,0,1522,57,0,0,False,False,0,3312,3312,0,0,False,False,monotonic,after_extract,True,False,,0.0,0.0,0.0,0.0,False,True
P2,,,gt,0,0.0,1,1537,34,0,0,False,False,0,3362,3362,0,0,False,False,monotonic,after_extract,True,False,,0.0,0.0,0.0,0.0,False,True
P2,,,gt,0,0.0,2,1403,83,0,0,False,False,0,3081,3081,0,0,False,False,monotonic,after_extract,True,False,,0.0,0.0,0.0,0.0,False,True
P2,,,gt,0,0.0,3,1459,65,0,0,False,False,0,3197,3197,0,0,False,False,monotonic,after_extract,True,False,,0.0,0.0,0.0,0.0,False,True
P2,,,gt,0,0.0,4,1387,64,0,0,False,False,0,3050,3050,0,0,False,False,monotonic,after_extract,True,False,,0.0,0.0,0.0,0.0,False,True
P2,,,gt,0,0.0,5,1566,74,0,0,False,False,0,3457,3457,0,0,False,False,monotonic,after_extract,True,False,,0.0,0.0,0.0,0.0,False,True
P2,,,gt,0,0.0,6,1559,86,0,0,False,False,0,3456,3456,0,0,False,False,monotonic,after_extract,True,False,,0.0,0.0,0.0,0.0,False,True
P2,,,gt,0,0.0,7,1354,45,0,0,False,False,0,2979,2979,0,0,False,False,monotonic,after_extract,True,False,,0.0,0.0,0.0,0.0,False,True
P2,,,gt,0,0.0,8,1451,81,0,0,False,False,0,3255,3255,0,0,False,False,monotonic,after_extract,True,False,,0.0,0.0,0.0,0.0,False,True
P2,,,gt,0,0.0,9,1517,71,0,0,False,False,0,3313,3313,0,0,False,False,monotonic,after_extract,True,False,,0.0,0.0,0.0,0.0,False,True
P2,,,gt,0,0.0,0,1522,0,0,0,False,False,0,3340,3340,0,0,False,False,cas,after_extract,True,True,,0.0,0.0,0.0,0.0,True,True
P2,,,gt,0,0.0,1,1537,0,0,0,False,False,0,3308,3308,0,0,False,False,cas,after_extract,True,True,,0.0,0.0,0.0,0.0,True,True
P2,,,gt,0,0.0,2,1403,0,0,0,False,False,0,3104,3104,0,0,False,False,cas,after_extract,True,True,,0.0,0.0,0.0,0.0,True,True
P2,,,gt,0,0.0,3,1459,0,0,0,False,False,0,3214,3214,0,0,False,False,cas,after_extract,True,True,,0.0,0.0,0.0,0.0,True,True
P2,,,gt,0,0.0,4,1387,0,0,0,False,False,0,3001,3001,0,0,False,False,cas,after_extract,True,True,,0.0,0.0,0.0,0.0,True,True
P2,,,gt,0,0.0,5,1566,0,0,0,False,False,0,3427,3427,0,0,False,False,cas,after_extract,True,True,,0.0,0.0,0.0,0.0,True,True
P2,,,gt,0,0.0,6,1559,0,0,0,False,False,0,3434,3434,0,0,False,False,cas,after_extract,True,True,,0.0,0.0,0.0,0.0,True,True
P2,,,gt,0,0.0,7,1354,0,0,0,False,False,0,2957,2957,0,0,False,False,cas,after_extract,True,True,,0.0,0.0,0.0,0.0,True,True
P2,,,gt,0,0.0,8,1451,0,0,0,False,False,0,3223,3223,0,0,False,False,cas,after_extract,True,True,,0.0,0.0,0.0,0.0,True,True
P2,,,gt,0,0.0,9,1517,0,0,0,False,False,0,3370,3370,0,0,False,False,cas,after_extract,True,True,,0.0,0.0,0.0,0.0,True,True
P2,,,gt,0,0.0,0,1522,0,0,0,False,False,0,3394,3394,0,0,False,False,cas,after_extract,True,True,,0.0,0.0,0.0,0.0,True,True
P2,,,gt,0,0.0,1,1537,0,0,0,False,False,0,3345,3345,0,0,False,False,cas,after_extract,True,True,,0.0,0.0,0.0,0.0,True,True
P2,,,gt,0,0.0,2,1403,0,0,0,False,False,0,3088,3088,0,0,False,False,cas,after_extract,True,True,,0.0,0.0,0.0,0.0,True,True
P2,,,gt,0,0.0,3,1459,0,0,0,False,False,0,3151,3151,0,0,False,False,cas,after_extract,True,True,,0.0,0.0,0.0,0.0,True,True
P2,,,gt,0,0.0,4,1387,0,0,0,False,False,0,3074,3074,0,0,False,False,cas,after_extract,True,True,,0.0,0.0,0.0,0.0,True,True
P2,,,gt,0,0.0,5,1566,0,0,0,False,False,0,3450,3450,0,0,False,False,cas,after_extract,True,True,,0.0,0.0,0.0,0.0,True,True
P2,,,gt,0,0.0,6,1559,0,0,0,False,False,0,3454,3454,0,0,False,False,cas,after_extract,True,True,,0.0,0.0,0.0,0.0,True,True
P2,,,gt,0,0.0,7,1354,0,0,0,False,False,0,2963,2963,0,0,False,False,cas,after_extract,True,True,,0.0,0.0,0.0,0.0,True,True
P2,,,gt,0,0.0,8,1451,0,0,0,False,False,0,3187,3187,0,0,False,False,cas,after_extract,True,True,,0.0,0.0,0.0,0.0,True,True
P2,,,gt,0,0.0,9,1517,0,0,0,False,False,0,3438,3438,0,0,False,False,cas,after_extract,True,True,,0.0,0.0,0.0,0.0,True,True
P2,,,gt,0,0.0,0,1522,0,0,0,False,False,0,3312,3312,0,0,False,False,cas,after_extract,True,True,,0.0,0.0,0.0,0.0,True,True
P2,,,gt,0,0.0,1,1537,0,0,0,False,False,0,3362,3362,0,0,False,False,cas,after_extract,True,True,,0.0,0.0,0.0,0.0,True,True
P2,,,gt,0,0.0,2,1403,0,0,0,False,False,0,3081,3081,0,0,False,False,cas,after_extract,True,True,,0.0,0.0,0.0,0.0,True,True
P2,,,gt,0,0.0,3,1459,0,0,0,False,False,0,3197,3197,0,0,False,False,cas,after_extract,True,True,,0.0,0.0,0.0,0.0,True,True
P2,,,gt,0,0.0,4,1387,0,0,0,False,False,0,3050,3050,0,0,False,False,cas,after_extract,True,True,,0.0,0.0,0.0,0.0,True,True
P2,,,gt,0,0.0,5,1566,0,0,0,False,False,0,3457,3457,0,0,False,False,cas,after_extract,True,True,,0.0,0.0,0.0,0.0,True,True
P2,,,gt,0,0.0,6,1559,0,0,0,False,False,0,3456,3456,0,0,False,False,cas,after_extract,True,True,,0.0,0.0,0.0,0.0,True,True
P2,,,gt,0,0.0,7,1354,0,0,0,False,False,0,2979,2979,0,0,False,False,cas,after_extract,True,True,,0.0,0.0,0.0,0.0,True,True
P2,,,gt,0,0.0,8,1451,0,0,0,False,False,0,3255,3255,0,0,False,False,cas,after_extract,True,True,,0.0,0.0,0.0,0.0,True,True
P2,,,gt,0,0.0,9,1517,0,0,0,False,False,0,3313,3313,0,0,False,False,cas,after_extract,True,True,,0.0,0.0,0.0,0.0,True,True
F1,,,gt,0,0.0,0,1522,0,140,0,False,False,140,1662,1662,0,0,False,False,none,after_extract,True,False,,0.0,0.0,0.0,0.0,False,True
F1,,,gt,0,0.0,1,1537,0,157,0,False,False,157,1694,1694,0,0,False,False,none,after_extract,True,False,,0.0,0.0,0.0,0.0,False,True
F1,,,gt,0,0.0,2,1403,0,156,0,False,False,156,1559,1559,0,0,False,False,none,after_extract,True,False,,0.0,0.0,0.0,0.0,False,True
F1,,,gt,0,0.0,3,1459,0,151,0,False,False,151,1610,1610,0,0,False,False,none,after_extract,True,False,,0.0,0.0,0.0,0.0,False,True
F1,,,gt,0,0.0,4,1387,0,140,0,False,False,140,1527,1527,0,0,False,False,none,after_extract,True,False,,0.0,0.0,0.0,0.0,False,True
F1,,,gt,0,0.0,5,1566,0,123,0,False,False,123,1689,1689,0,0,False,False,none,after_extract,True,False,,0.0,0.0,0.0,0.0,False,True
F1,,,gt,0,0.0,6,1559,0,136,0,False,False,136,1695,1695,0,0,False,False,none,after_extract,True,False,,0.0,0.0,0.0,0.0,False,True
F1,,,gt,0,0.0,7,1354,0,132,0,False,False,132,1486,1486,0,0,False,False,none,after_extract,True,False,,0.0,0.0,0.0,0.0,False,True
F1,,,gt,0,0.0,8,1451,0,135,0,False,False,135,1586,1586,0,0,False,False,none,after_extract,True,False,,0.0,0.0,0.0,0.0,False,True
F1,,,gt,0,0.0,9,1517,0,175,0,False,False,175,1692,1692,0,0,False,False,none,after_extract,True,False,,0.0,0.0,0.0,0.0,False,True
F1,,,gt,0,0.0,0,1522,0,176,0,False,False,176,1698,1698,0,0,False,False,none,after_extract,True,False,,0.0,0.0,0.0,0.0,False,True
F1,,,gt,0,0.0,1,1537,0,154,0,False,False,154,1691,1691,0,0,False,False,none,after_extract,True,False,,0.0,0.0,0.0,0.0,False,True
F1,,,gt,0,0.0,2,1403,0,148,0,False,False,148,1551,1551,0,0,False,False,none,after_extract,True,False,,0.0,0.0,0.0,0.0,False,True
F1,,,gt,0,0.0,3,1459,0,128,0,False,False,128,1587,1587,0,0,False,False,none,after_extract,True,False,,0.0,0.0,0.0,0.0,False,True
F1,,,gt,0,0.0,4,1387,0,143,0,False,False,143,1530,1530,0,0,False,False,none,after_extract,True,False,,0.0,0.0,0.0,0.0,False,True
F1,,,gt,0,0.0,5,1566,0,163,0,False,False,163,1729,1729,0,0,False,False,none,after_extract,True,False,,0.0,0.0,0.0,0.0,False,True
F1,,,gt,0,0.0,6,1559,0,150,0,False,False,150,1709,1709,0,0,False,False,none,after_extract,True,False,,0.0,0.0,0.0,0.0,False,True
F1,,,gt,0,0.0,7,1354,0,169,0,False,False,169,1523,1523,0,0,False,False,none,after_extract,True,False,,0.0,0.0,0.0,0.0,False,True
F1,,,gt,0,0.0,8,1451,0,128,0,False,False,128,1579,1579,0,0,False,False,none,after_extract,True,False,,0.0,0.0,0.0,0.0,False,True
F1,,,gt,0,0.0,9,1517,0,222,0,False,False,222,1739,1739,0,0,False,False,none,after_extract,True,False,,0.0,0.0,0.0,0.0,False,True
F1,,,gt,0,0.0,0,1522,0,119,0,False,False,119,1641,1641,0,0,False,False,none,after_extract,True,False,,0.0,0.0,0.0,0.0,False,True
F1,,,gt,0,0.0,1,1537,0,122,0,False,False,122,1659,1659,0,0,False,False,none,after_extract,True,False,,0.0,0.0,0.0,0.0,False,True
F1,,,gt,0,0.0,2,1403,0,158,0,False,False,158,1561,1561,0,0,False,False,none,after_extract,True,False,,0.0,0.0,0.0,0.0,False,True
F1,,,gt,0,0.0,3,1459,0,138,0,False,False,138,1597,1597,0,0,False,False,none,after_extract,True,False,,0.0,0.0,0.0,0.0,False,True
F1,,,gt,0,0.0,4,1387,0,142,0,False,False,142,1529,1529,0,0,False,False,none,after_extract,True,False,,0.0,0.0,0.0,0.0,False,True
F1,,,gt,0,0.0,5,1566,0,169,0,False,False,169,1735,1735,0,0,False,False,none,after_extract,True,False,,0.0,0.0,0.0,0.0,False,True
F1,,,gt,0,0.0,6,1559,0,162,0,False,False,162,1721,1721,0,0,False,False,none,after_extract,True,False,,0.0,0.0,0.0,0.0,False,True
F1,,,gt,0,0.0,7,1354,0,137,0,False,False,137,1491,1491,0,0,False,False,none,after_extract,True,False,,0.0,0.0,0.0,0.0,False,True
F1,,,gt,0,0.0,8,1451,0,184,0,False,False,184,1635,1635,0,0,False,False,none,after_extract,True,False,,0.0,0.0,0.0,0.0,False,True
F1,,,gt,0,0.0,9,1517,0,132,0,False,False,132,1649,1649,0,0,False,False,none,after_extract,True,False,,0.0,0.0,0.0,0.0,False,True
F1,,,gt,0,0.0,0,1522,0,140,0,False,False,140,1662,1662,0,0,False,False,none,after_file_write,True,False,,0.0,0.0,0.0,0.0,False,True
F1,,,gt,0,0.0,1,1537,0,157,0,False,False,157,1694,1694,0,0,False,False,none,after_file_write,True,False,,0.0,0.0,0.0,0.0,False,True
F1,,,gt,0,0.0,2,1403,0,156,0,False,False,156,1559,1559,0,0,False,False,none,after_file_write,True,False,,0.0,0.0,0.0,0.0,False,True
F1,,,gt,0,0.0,3,1459,0,151,0,False,False,151,1610,1610,0,0,False,False,none,after_file_write,True,False,,0.0,0.0,0.0,0.0,False,True
F1,,,gt,0,0.0,4,1387,0,140,0,False,False,140,1527,1527,0,0,False,False,none,after_file_write,True,False,,0.0,0.0,0.0,0.0,False,True
F1,,,gt,0,0.0,5,1566,0,123,0,False,False,123,1689,1689,0,0,False,False,none,after_file_write,True,False,,0.0,0.0,0.0,0.0,False,True
F1,,,gt,0,0.0,6,1559,0,136,0,False,False,136,1695,1695,0,0,False,False,none,after_file_write,True,False,,0.0,0.0,0.0,0.0,False,True
F1,,,gt,0,0.0,7,1354,0,132,0,False,False,132,1486,1486,0,0,False,False,none,after_file_write,True,False,,0.0,0.0,0.0,0.0,False,True
F1,,,gt,0,0.0,8,1451,0,135,0,False,False,135,1586,1586,0,0,False,False,none,after_file_write,True,False,,0.0,0.0,0.0,0.0,False,True
F1,,,gt,0,0.0,9,1517,0,175,0,False,False,175,1692,1692,0,0,False,False,none,after_file_write,True,False,,0.0,0.0,0.0,0.0,False,True
F1,,,gt,0,0.0,0,1522,0,176,0,False,False,176,1698,1698,0,0,False,False,none,after_file_write,True,False,,0.0,0.0,0.0,0.0,False,True
F1,,,gt,0,0.0,1,1537,0,154,0,False,False,154,1691,1691,0,0,False,False,none,after_file_write,True,False,,0.0,0.0,0.0,0.0,False,True
F1,,,gt,0,0.0,2,1403,0,148,0,False,False,148,1551,1551,0,0,False,False,none,after_file_write,True,False,,0.0,0.0,0.0,0.0,False,True
F1,,,gt,0,0.0,3,1459,0,128,0,False,False,128,1587,1587,0,0,False,False,none,after_file_write,True,False,,0.0,0.0,0.0,0.0,False,True
F1,,,gt,0,0.0,4,1387,0,143,0,False,False,143,1530,1530,0,0,False,False,none,after_file_write,True,False,,0.0,0.0,0.0,0.0,False,True
F1,,,gt,0,0.0,5,1566,0,163,0,False,False,163,1729,1729,0,0,False,False,none,after_file_write,True,False,,0.0,0.0,0.0,0.0,False,True
F1,,,gt,0,0.0,6,1559,0,150,0,False,False,150,1709,1709,0,0,False,False,none,after_file_write,True,False,,0.0,0.0,0.0,0.0,False,True
F1,,,gt,0,0.0,7,1354,0,169,0,False,False,169,1523,1523,0,0,False,False,none,after_file_write,True,False,,0.0,0.0,0.0,0.0,False,True
F1,,,gt,0,0.0,8,1451,0,128,0,False,False,128,1579,1579,0,0,False,False,none,after_file_write,True,False,,0.0,0.0,0.0,0.0,False,True
F1,,,gt,0,0.0,9,1517,0,222,0,False,False,222,1739,1739,0,0,False,False,none,after_file_write,True,False,,0.0,0.0,0.0,0.0,False,True
F1,,,gt,0,0.0,0,1522,0,119,0,False,False,119,1641,1641,0,0,False,False,none,after_file_write,True,False,,0.0,0.0,0.0,0.0,False,True
F1,,,gt,0,0.0,1,1537,0,122,0,False,False,122,1659,1659,0,0,False,False,none,after_file_write,True,False,,0.0,0.0,0.0,0.0,False,True
F1,,,gt,0,0.0,2,1403,0,158,0,False,False,158,1561,1561,0,0,False,False,none,after_file_write,True,False,,0.0,0.0,0.0,0.0,False,True
F1,,,gt,0,0.0,3,1459,0,138,0,False,False,138,1597,1597,0,0,False,False,none,after_file_write,True,False,,0.0,0.0,0.0,0.0,False,True
F1,,,gt,0,0.0,4,1387,0,142,0,False,False,142,1529,1529,0,0,False,False,none,after_file_write,True,False,,0.0,0.0,0.0,0.0,False,True
F1,,,gt,0,0.0,5,1566,0,169,0,False,False,169,1735,1735,0,0,False,False,none,after_file_write,True,False,,0.0,0.0,0.0,0.0,False,True
F1,,,gt,0,0.0,6,1559,0,162,0,False,False,162,1721,1721,0,0,False,False,none,after_file_write,True,False,,0.0,0.0,0.0,0.0,False,True
F1,,,gt,0,0.0,7,1354,0,137,0,False,False,137,1491,1491,0,0,False,False,none,after_file_write,True,False,,0.0,0.0,0.0,0.0,False,True
F1,,,gt,0,0.0,8,1451,0,184,0,False,False,184,1635,1635,0,0,False,False,none,after_file_write,True,False,,0.0,0.0,0.0,0.0,False,True
F1,,,gt,0,0.0,9,1517,0,132,0,False,False,132,1649,1649,0,0,False,False,none,after_file_write,True,False,,0.0,0.0,0.0,0.0,False,True
F2,,,gt,0,0.0,0,1522,0,0,0,False,False,140,1662,1662,0,0,False,False,none,after_extract,True,False,,0.0,0.0,0.0,0.0,True,True
F2,,,gt,0,0.0,1,1537,0,0,0,False,False,157,1694,1694,0,0,False,False,none,after_extract,True,False,,0.0,0.0,0.0,0.0,True,True
F2,,,gt,0,0.0,2,1403,0,0,0,False,False,156,1559,1559,0,0,False,False,none,after_extract,True,False,,0.0,0.0,0.0,0.0,True,True
F2,,,gt,0,0.0,3,1459,0,0,0,False,False,151,1610,1610,0,0,False,False,none,after_extract,True,False,,0.0,0.0,0.0,0.0,True,True
F2,,,gt,0,0.0,4,1387,0,0,0,False,False,140,1527,1527,0,0,False,False,none,after_extract,True,False,,0.0,0.0,0.0,0.0,True,True
F2,,,gt,0,0.0,5,1566,0,0,0,False,False,123,1689,1689,0,0,False,False,none,after_extract,True,False,,0.0,0.0,0.0,0.0,True,True
F2,,,gt,0,0.0,6,1559,0,0,0,False,False,136,1695,1695,0,0,False,False,none,after_extract,True,False,,0.0,0.0,0.0,0.0,True,True
F2,,,gt,0,0.0,7,1354,0,0,0,False,False,132,1486,1486,0,0,False,False,none,after_extract,True,False,,0.0,0.0,0.0,0.0,True,True
F2,,,gt,0,0.0,8,1451,0,0,0,False,False,135,1586,1586,0,0,False,False,none,after_extract,True,False,,0.0,0.0,0.0,0.0,True,True
F2,,,gt,0,0.0,9,1517,0,0,0,False,False,175,1692,1692,0,0,False,False,none,after_extract,True,False,,0.0,0.0,0.0,0.0,True,True
F2,,,gt,0,0.0,0,1522,0,0,0,False,False,176,1698,1698,0,0,False,False,none,after_extract,True,False,,0.0,0.0,0.0,0.0,True,True
F2,,,gt,0,0.0,1,1537,0,0,0,False,False,154,1691,1691,0,0,False,False,none,after_extract,True,False,,0.0,0.0,0.0,0.0,True,True
F2,,,gt,0,0.0,2,1403,0,0,0,False,False,148,1551,1551,0,0,False,False,none,after_extract,True,False,,0.0,0.0,0.0,0.0,True,True
F2,,,gt,0,0.0,3,1459,0,0,0,False,False,128,1587,1587,0,0,False,False,none,after_extract,True,False,,0.0,0.0,0.0,0.0,True,True
F2,,,gt,0,0.0,4,1387,0,0,0,False,False,143,1530,1530,0,0,False,False,none,after_extract,True,False,,0.0,0.0,0.0,0.0,True,True
F2,,,gt,0,0.0,5,1566,0,0,0,False,False,163,1729,1729,0,0,False,False,none,after_extract,True,False,,0.0,0.0,0.0,0.0,True,True
F2,,,gt,0,0.0,6,1559,0,0,0,False,False,150,1709,1709,0,0,False,False,none,after_extract,True,False,,0.0,0.0,0.0,0.0,True,True
F2,,,gt,0,0.0,7,1354,0,0,0,False,False,169,1523,1523,0,0,False,False,none,after_extract,True,False,,0.0,0.0,0.0,0.0,True,True
F2,,,gt,0,0.0,8,1451,0,0,0,False,False,128,1579,1579,0,0,False,False,none,after_extract,True,False,,0.0,0.0,0.0,0.0,True,True
F2,,,gt,0,0.0,9,1517,0,0,0,False,False,222,1739,1739,0,0,False,False,none,after_extract,True,False,,0.0,0.0,0.0,0.0,True,True
F2,,,gt,0,0.0,0,1522,0,0,0,False,False,119,1641,1641,0,0,False,False,none,after_extract,True,False,,0.0,0.0,0.0,0.0,True,True
F2,,,gt,0,0.0,1,1537,0,0,0,False,False,122,1659,1659,0,0,False,False,none,after_extract,True,False,,0.0,0.0,0.0,0.0,True,True
F2,,,gt,0,0.0,2,1403,0,0,0,False,False,158,1561,1561,0,0,False,False,none,after_extract,True,False,,0.0,0.0,0.0,0.0,True,True
F2,,,gt,0,0.0,3,1459,0,0,0,False,False,138,1597,1597,0,0,False,False,none,after_extract,True,False,,0.0,0.0,0.0,0.0,True,True
F2,,,gt,0,0.0,4,1387,0,0,0,False,False,142,1529,1529,0,0,False,False,none,after_extract,True,False,,0.0,0.0,0.0,0.0,True,True
F2,,,gt,0,0.0,5,1566,0,0,0,False,False,169,1735,1735,0,0,False,False,none,after_extract,True,False,,0.0,0.0,0.0,0.0,True,True
F2,,,gt,0,0.0,6,1559,0,0,0,False,False,162,1721,1721,0,0,False,False,none,after_extract,True,False,,0.0,0.0,0.0,0.0,True,True
F2,,,gt,0,0.0,7,1354,0,0,0,False,False,137,1491,1491,0,0,False,False,none,after_extract,True,False,,0.0,0.0,0.0,0.0,True,True
F2,,,gt,0,0.0,8,1451,0,0,0,False,False,184,1635,1635,0,0,False,False,none,after_extract,True,False,,0.0,0.0,0.0,0.0,True,True
F2,,,gt,0,0.0,9,1517,0,0,0,False,False,132,1649,1649,0,0,False,False,none,after_extract,True,False,,0.0,0.0,0.0,0.0,True,True
F2,,,gt,0,0.0,0,1522,0,0,0,False,False,140,1662,1662,0,0,False,False,none,after_file_write,True,False,,0.0,0.0,0.0,0.0,True,True
F2,,,gt,0,0.0,1,1537,0,0,0,False,False,157,1694,1694,0,0,False,False,none,after_file_write,True,False,,0.0,0.0,0.0,0.0,True,True
F2,,,gt,0,0.0,2,1403,0,0,0,False,False,156,1559,1559,0,0,False,False,none,after_file_write,True,False,,0.0,0.0,0.0,0.0,True,True
F2,,,gt,0,0.0,3,1459,0,0,0,False,False,151,1610,1610,0,0,False,False,none,after_file_write,True,False,,0.0,0.0,0.0,0.0,True,True
F2,,,gt,0,0.0,4,1387,0,0,0,False,False,140,1527,1527,0,0,False,False,none,after_file_write,True,False,,0.0,0.0,0.0,0.0,True,True
F2,,,gt,0,0.0,5,1566,0,0,0,False,False,123,1689,1689,0,0,False,False,none,after_file_write,True,False,,0.0,0.0,0.0,0.0,True,True
F2,,,gt,0,0.0,6,1559,0,0,0,False,False,136,1695,1695,0,0,False,False,none,after_file_write,True,False,,0.0,0.0,0.0,0.0,True,True
F2,,,gt,0,0.0,7,1354,0,0,0,False,False,132,1486,1486,0,0,False,False,none,after_file_write,True,False,,0.0,0.0,0.0,0.0,True,True
F2,,,gt,0,0.0,8,1451,0,0,0,False,False,135,1586,1586,0,0,False,False,none,after_file_write,True,False,,0.0,0.0,0.0,0.0,True,True
F2,,,gt,0,0.0,9,1517,0,0,0,False,False,175,1692,1692,0,0,False,False,none,after_file_write,True,False,,0.0,0.0,0.0,0.0,True,True
F2,,,gt,0,0.0,0,1522,0,0,0,False,False,176,1698,1698,0,0,False,False,none,after_file_write,True,False,,0.0,0.0,0.0,0.0,True,True
F2,,,gt,0,0.0,1,1537,0,0,0,False,False,154,1691,1691,0,0,False,False,none,after_file_write,True,False,,0.0,0.0,0.0,0.0,True,True
F2,,,gt,0,0.0,2,1403,0,0,0,False,False,148,1551,1551,0,0,False,False,none,after_file_write,True,False,,0.0,0.0,0.0,0.0,True,True
F2,,,gt,0,0.0,3,1459,0,0,0,False,False,128,1587,1587,0,0,False,False,none,after_file_write,True,False,,0.0,0.0,0.0,0.0,True,True
F2,,,gt,0,0.0,4,1387,0,0,0,False,False,143,1530,1530,0,0,False,False,none,after_file_write,True,False,,0.0,0.0,0.0,0.0,True,True
F2,,,gt,0,0.0,5,1566,0,0,0,False,False,163,1729,1729,0,0,False,False,none,after_file_write,True,False,,0.0,0.0,0.0,0.0,True,True
F2,,,gt,0,0.0,6,1559,0,0,0,False,False,150,1709,1709,0,0,False,False,none,after_file_write,True,False,,0.0,0.0,0.0,0.0,True,True
F2,,,gt,0,0.0,7,1354,0,0,0,False,False,169,1523,1523,0,0,False,False,none,after_file_write,True,False,,0.0,0.0,0.0,0.0,True,True
F2,,,gt,0,0.0,8,1451,0,0,0,False,False,128,1579,1579,0,0,False,False,none,after_file_write,True,False,,0.0,0.0,0.0,0.0,True,True
F2,,,gt,0,0.0,9,1517,0,0,0,False,False,222,1739,1739,0,0,False,False,none,after_file_write,True,False,,0.0,0.0,0.0,0.0,True,True
F2,,,gt,0,0.0,0,1522,0,0,0,False,False,119,1641,1641,0,0,False,False,none,after_file_write,True,False,,0.0,0.0,0.0,0.0,True,True
F2,,,gt,0,0.0,1,1537,0,0,0,False,False,122,1659,1659,0,0,False,False,none,after_file_write,True,False,,0.0,0.0,0.0,0.0,True,True
F2,,,gt,0,0.0,2,1403,0,0,0,False,False,158,1561,1561,0,0,False,False,none,after_file_write,True,False,,0.0,0.0,0.0,0.0,True,True
F2,,,gt,0,0.0,3,1459,0,0,0,False,False,138,1597,1597,0,0,False,False,none,after_file_write,True,False,,0.0,0.0,0.0,0.0,True,True
F2,,,gt,0,0.0,4,1387,0,0,0,False,False,142,1529,1529,0,0,False,False,none,after_file_write,True,False,,0.0,0.0,0.0,0.0,True,True
F2,,,gt,0,0.0,5,1566,0,0,0,False,False,169,1735,1735,0,0,False,False,none,after_file_write,True,False,,0.0,0.0,0.0,0.0,True,True
F2,,,gt,0,0.0,6,1559,0,0,0,False,False,162,1721,1721,0,0,False,False,none,after_file_write,True,False,,0.0,0.0,0.0,0.0,True,True
F2,,,gt,0,0.0,7,1354,0,0,0,False,False,137,1491,1491,0,0,False,False,none,after_file_write,True,False,,0.0,0.0,0.0,0.0,True,True
F2,,,gt,0,0.0,8,1451,0,0,0,False,False,184,1635,1635,0,0,False,False,none,after_file_write,True,False,,0.0,0.0,0.0,0.0,True,True
F2,,,gt,0,0.0,9,1517,0,0,0,False,False,132,1649,1649,0,0,False,False,none,after_file_write,True,False,,0.0,0.0,0.0,0.0,True,True
F2,,,gt,0,0.0,0,1522,0,0,0,False,False,71,1593,1593,0,0,False,False,none,after_manifest_tmp,True,False,FileNotFoundError,0.0,0.0,0.0,0.0,True,True
F2,,,gt,0,0.0,1,1537,0,0,0,False,False,48,1585,1585,0,0,False,False,none,after_manifest_tmp,True,False,FileNotFoundError,0.0,0.0,0.0,0.0,True,True
F2,,,gt,0,0.0,2,1403,0,0,0,False,False,80,1483,1483,0,0,False,False,none,after_manifest_tmp,True,False,FileNotFoundError,0.0,0.0,0.0,0.0,True,True
F2,,,gt,0,0.0,3,1459,0,0,0,False,False,85,1544,1544,0,0,False,False,none,after_manifest_tmp,True,False,FileNotFoundError,0.0,0.0,0.0,0.0,True,True
F2,,,gt,0,0.0,4,1387,0,0,0,False,False,49,1436,1436,0,0,False,False,none,after_manifest_tmp,True,False,FileNotFoundError,0.0,0.0,0.0,0.0,True,True
F2,,,gt,0,0.0,5,1566,0,0,0,False,False,65,1631,1631,0,0,False,False,none,after_manifest_tmp,True,False,FileNotFoundError,0.0,0.0,0.0,0.0,True,True
F2,,,gt,0,0.0,6,1559,0,0,0,False,False,67,1626,1626,0,0,False,False,none,after_manifest_tmp,True,False,FileNotFoundError,0.0,0.0,0.0,0.0,True,True
F2,,,gt,0,0.0,7,1354,0,0,0,False,False,69,1423,1423,0,0,False,False,none,after_manifest_tmp,True,False,FileNotFoundError,0.0,0.0,0.0,0.0,True,True
F2,,,gt,0,0.0,8,1451,0,0,0,False,False,84,1535,1535,0,0,False,False,none,after_manifest_tmp,True,False,FileNotFoundError,0.0,0.0,0.0,0.0,True,True
F2,,,gt,0,0.0,9,1517,0,0,0,False,False,88,1605,1605,0,0,False,False,none,after_manifest_tmp,True,False,FileNotFoundError,0.0,0.0,0.0,0.0,True,True
F2,,,gt,0,0.0,0,1522,0,0,0,False,False,106,1628,1628,0,0,False,False,none,after_manifest_tmp,True,False,FileNotFoundError,0.0,0.0,0.0,0.0,True,True
F2,,,gt,0,0.0,1,1537,0,0,0,False,False,70,1607,1607,0,0,False,False,none,after_manifest_tmp,True,False,FileNotFoundError,0.0,0.0,0.0,0.0,True,True
F2,,,gt,0,0.0,2,1403,0,0,0,False,False,73,1476,1476,0,0,False,False,none,after_manifest_tmp,True,False,FileNotFoundError,0.0,0.0,0.0,0.0,True,True
F2,,,gt,0,0.0,3,1459,0,0,0,False,False,52,1511,1511,0,0,False,False,none,after_manifest_tmp,True,False,FileNotFoundError,0.0,0.0,0.0,0.0,True,True
F2,,,gt,0,0.0,4,1387,0,0,0,False,False,88,1475,1475,0,0,False,False,none,after_manifest_tmp,True,False,FileNotFoundError,0.0,0.0,0.0,0.0,True,True
F2,,,gt,0,0.0,5,1566,0,0,0,False,False,80,1646,1646,0,0,False,False,none,after_manifest_tmp,True,False,FileNotFoundError,0.0,0.0,0.0,0.0,True,True
F2,,,gt,0,0.0,6,1559,0,0,0,False,False,81,1640,1640,0,0,False,False,none,after_manifest_tmp,True,False,FileNotFoundError,0.0,0.0,0.0,0.0,True,True
F2,,,gt,0,0.0,7,1354,0,0,0,False,False,81,1435,1435,0,0,False,False,none,after_manifest_tmp,True,False,FileNotFoundError,0.0,0.0,0.0,0.0,True,True
F2,,,gt,0,0.0,8,1451,0,0,0,False,False,69,1520,1520,0,0,False,False,none,after_manifest_tmp,True,False,FileNotFoundError,0.0,0.0,0.0,0.0,True,True
F2,,,gt,0,0.0,9,1517,0,0,0,False,False,121,1638,1638,0,0,False,False,none,after_manifest_tmp,True,False,FileNotFoundError,0.0,0.0,0.0,0.0,True,True
F2,,,gt,0,0.0,0,1522,0,0,0,False,False,59,1581,1581,0,0,False,False,none,after_manifest_tmp,True,False,FileNotFoundError,0.0,0.0,0.0,0.0,True,True
F2,,,gt,0,0.0,1,1537,0,0,0,False,False,79,1616,1616,0,0,False,False,none,after_manifest_tmp,True,False,FileNotFoundError,0.0,0.0,0.0,0.0,True,True
F2,,,gt,0,0.0,2,1403,0,0,0,False,False,71,1474,1474,0,0,False,False,none,after_manifest_tmp,True,False,FileNotFoundError,0.0,0.0,0.0,0.0,True,True
F2,,,gt,0,0.0,3,1459,0,0,0,False,False,70,1529,1529,0,0,False,False,none,after_manifest_tmp,True,False,FileNotFoundError,0.0,0.0,0.0,0.0,True,True
F2,,,gt,0,0.0,4,1387,0,0,0,False,False,74,1461,1461,0,0,False,False,none,after_manifest_tmp,True,False,FileNotFoundError,0.0,0.0,0.0,0.0,True,True
F2,,,gt,0,0.0,5,1566,0,0,0,False,False,87,1653,1653,0,0,False,False,none,after_manifest_tmp,True,False,FileNotFoundError,0.0,0.0,0.0,0.0,True,True
F2,,,gt,0,0.0,6,1559,0,0,0,False,False,73,1632,1632,0,0,False,False,none,after_manifest_tmp,True,False,FileNotFoundError,0.0,0.0,0.0,0.0,True,True
F2,,,gt,0,0.0,7,1354,0,0,0,False,False,83,1437,1437,0,0,False,False,none,after_manifest_tmp,True,False,FileNotFoundError,0.0,0.0,0.0,0.0,True,True
F2,,,gt,0,0.0,8,1451,0,0,0,False,False,97,1548,1548,0,0,False,False,none,after_manifest_tmp,True,False,FileNotFoundError,0.0,0.0,0.0,0.0,True,True
F2,,,gt,0,0.0,9,1517,0,0,0,False,False,58,1575,1575,0,0,False,False,none,after_manifest_tmp,True,False,FileNotFoundError,0.0,0.0,0.0,0.0,True,True
F4,,,gt,0,0.0,0,1522,0,0,0,False,False,71,1593,1593,0,0,False,False,none,after_extract,True,True,,0.0,0.0,0.0,0.0,True,True
F4,,,gt,0,0.0,1,1537,0,0,0,False,False,48,1585,1585,0,0,False,False,none,after_extract,True,True,,0.0,0.0,0.0,0.0,True,True
F4,,,gt,0,0.0,2,1403,0,0,0,False,False,80,1483,1483,0,0,False,False,none,after_extract,True,True,,0.0,0.0,0.0,0.0,True,True
F4,,,gt,0,0.0,3,1459,0,0,0,False,False,85,1544,1544,0,0,False,False,none,after_extract,True,True,,0.0,0.0,0.0,0.0,True,True
F4,,,gt,0,0.0,4,1387,0,0,0,False,False,49,1436,1436,0,0,False,False,none,after_extract,True,True,,0.0,0.0,0.0,0.0,True,True
F4,,,gt,0,0.0,5,1566,0,0,0,False,False,65,1631,1631,0,0,False,False,none,after_extract,True,True,,0.0,0.0,0.0,0.0,True,True
F4,,,gt,0,0.0,6,1559,0,0,0,False,False,67,1626,1626,0,0,False,False,none,after_extract,True,True,,0.0,0.0,0.0,0.0,True,True
F4,,,gt,0,0.0,7,1354,0,0,0,False,False,69,1423,1423,0,0,False,False,none,after_extract,True,True,,0.0,0.0,0.0,0.0,True,True
F4,,,gt,0,0.0,8,1451,0,0,0,False,False,84,1535,1535,0,0,False,False,none,after_extract,True,True,,0.0,0.0,0.0,0.0,True,True
F4,,,gt,0,0.0,9,1517,0,0,0,False,False,88,1605,1605,0,0,False,False,none,after_extract,True,True,,0.0,0.0,0.0,0.0,True,True
F4,,,gt,0,0.0,0,1522,0,0,0,False,False,106,1628,1628,0,0,False,False,none,after_extract,True,True,,0.0,0.0,0.0,0.0,True,True
F4,,,gt,0,0.0,1,1537,0,0,0,False,False,70,1607,1607,0,0,False,False,none,after_extract,True,True,,0.0,0.0,0.0,0.0,True,True
F4,,,gt,0,0.0,2,1403,0,0,0,False,False,73,1476,1476,0,0,False,False,none,after_extract,True,True,,0.0,0.0,0.0,0.0,True,True
F4,,,gt,0,0.0,3,1459,0,0,0,False,False,52,1511,1511,0,0,False,False,none,after_extract,True,True,,0.0,0.0,0.0,0.0,True,True
F4,,,gt,0,0.0,4,1387,0,0,0,False,False,88,1475,1475,0,0,False,False,none,after_extract,True,True,,0.0,0.0,0.0,0.0,True,True
F4,,,gt,0,0.0,5,1566,0,0,0,False,False,80,1646,1646,0,0,False,False,none,after_extract,True,True,,0.0,0.0,0.0,0.0,True,True
F4,,,gt,0,0.0,6,1559,0,0,0,False,False,81,1640,1640,0,0,False,False,none,after_extract,True,True,,0.0,0.0,0.0,0.0,True,True
F4,,,gt,0,0.0,7,1354,0,0,0,False,False,81,1435,1435,0,0,False,False,none,after_extract,True,True,,0.0,0.0,0.0,0.0,True,True
F4,,,gt,0,0.0,8,1451,0,0,0,False,False,69,1520,1520,0,0,False,False,none,after_extract,True,True,,0.0,0.0,0.0,0.0,True,True
F4,,,gt,0,0.0,9,1517,0,0,0,False,False,121,1638,1638,0,0,False,False,none,after_extract,True,True,,0.0,0.0,0.0,0.0,True,True
F4,,,gt,0,0.0,0,1522,0,0,0,False,False,59,1581,1581,0,0,False,False,none,after_extract,True,True,,0.0,0.0,0.0,0.0,True,True
F4,,,gt,0,0.0,1,1537,0,0,0,False,False,79,1616,1616,0,0,False,False,none,after_extract,True,True,,0.0,0.0,0.0,0.0,True,True
F4,,,gt,0,0.0,2,1403,0,0,0,False,False,71,1474,1474,0,0,False,False,none,after_extract,True,True,,0.0,0.0,0.0,0.0,True,True
F4,,,gt,0,0.0,3,1459,0,0,0,False,False,70,1529,1529,0,0,False,False,none,after_extract,True,True,,0.0,0.0,0.0,0.0,True,True
F4,,,gt,0,0.0,4,1387,0,0,0,False,False,74,1461,1461,0,0,False,False,none,after_extract,True,True,,0.0,0.0,0.0,0.0,True,True
F4,,,gt,0,0.0,5,1566,0,0,0,False,False,87,1653,1653,0,0,False,False,none,after_extract,True,True,,0.0,0.0,0.0,0.0,True,True
F4,,,gt,0,0.0,6,1559,0,0,0,False,False,73,1632,1632,0,0,False,False,none,after_extract,True,True,,0.0,0.0,0.0,0.0,True,True
F4,,,gt,0,0.0,7,1354,0,0,0,False,False,83,1437,1437,0,0,False,False,none,after_extract,True,True,,0.0,0.0,0.0,0.0,True,True
F4,,,gt,0,0.0,8,1451,0,0,0,False,False,97,1548,1548,0,0,False,False,none,after_extract,True,True,,0.0,0.0,0.0,0.0,True,True
F4,,,gt,0,0.0,9,1517,0,0,0,False,False,58,1575,1575,0,0,False,False,none,after_extract,True,True,,0.0,0.0,0.0,0.0,True,True
F4,,,gt,0,0.0,0,1522,0,0,0,False,False,71,1593,1593,0,0,False,False,none,after_file_write,True,True,,0.0,0.0,0.0,0.0,True,True
F4,,,gt,0,0.0,1,1537,0,0,0,False,False,48,1585,1585,0,0,False,False,none,after_file_write,True,True,,0.0,0.0,0.0,0.0,True,True
F4,,,gt,0,0.0,2,1403,0,0,0,False,False,80,1483,1483,0,0,False,False,none,after_file_write,True,True,,0.0,0.0,0.0,0.0,True,True
F4,,,gt,0,0.0,3,1459,0,0,0,False,False,85,1544,1544,0,0,False,False,none,after_file_write,True,True,,0.0,0.0,0.0,0.0,True,True
F4,,,gt,0,0.0,4,1387,0,0,0,False,False,49,1436,1436,0,0,False,False,none,after_file_write,True,True,,0.0,0.0,0.0,0.0,True,True
F4,,,gt,0,0.0,5,1566,0,0,0,False,False,65,1631,1631,0,0,False,False,none,after_file_write,True,True,,0.0,0.0,0.0,0.0,True,True
F4,,,gt,0,0.0,6,1559,0,0,0,False,False,67,1626,1626,0,0,False,False,none,after_file_write,True,True,,0.0,0.0,0.0,0.0,True,True
F4,,,gt,0,0.0,7,1354,0,0,0,False,False,69,1423,1423,0,0,False,False,none,after_file_write,True,True,,0.0,0.0,0.0,0.0,True,True
F4,,,gt,0,0.0,8,1451,0,0,0,False,False,84,1535,1535,0,0,False,False,none,after_file_write,True,True,,0.0,0.0,0.0,0.0,True,True
F4,,,gt,0,0.0,9,1517,0,0,0,False,False,88,1605,1605,0,0,False,False,none,after_file_write,True,True,,0.0,0.0,0.0,0.0,True,True
F4,,,gt,0,0.0,0,1522,0,0,0,False,False,106,1628,1628,0,0,False,False,none,after_file_write,True,True,,0.0,0.0,0.0,0.0,True,True
F4,,,gt,0,0.0,1,1537,0,0,0,False,False,70,1607,1607,0,0,False,False,none,after_file_write,True,True,,0.0,0.0,0.0,0.0,True,True
F4,,,gt,0,0.0,2,1403,0,0,0,False,False,73,1476,1476,0,0,False,False,none,after_file_write,True,True,,0.0,0.0,0.0,0.0,True,True
F4,,,gt,0,0.0,3,1459,0,0,0,False,False,52,1511,1511,0,0,False,False,none,after_file_write,True,True,,0.0,0.0,0.0,0.0,True,True
F4,,,gt,0,0.0,4,1387,0,0,0,False,False,88,1475,1475,0,0,False,False,none,after_file_write,True,True,,0.0,0.0,0.0,0.0,True,True
F4,,,gt,0,0.0,5,1566,0,0,0,False,False,80,1646,1646,0,0,False,False,none,after_file_write,True,True,,0.0,0.0,0.0,0.0,True,True
F4,,,gt,0,0.0,6,1559,0,0,0,False,False,81,1640,1640,0,0,False,False,none,after_file_write,True,True,,0.0,0.0,0.0,0.0,True,True
F4,,,gt,0,0.0,7,1354,0,0,0,False,False,81,1435,1435,0,0,False,False,none,after_file_write,True,True,,0.0,0.0,0.0,0.0,True,True
F4,,,gt,0,0.0,8,1451,0,0,0,False,False,69,1520,1520,0,0,False,False,none,after_file_write,True,True,,0.0,0.0,0.0,0.0,True,True
F4,,,gt,0,0.0,9,1517,0,0,0,False,False,121,1638,1638,0,0,False,False,none,after_file_write,True,True,,0.0,0.0,0.0,0.0,True,True
F4,,,gt,0,0.0,0,1522,0,0,0,False,False,59,1581,1581,0,0,False,False,none,after_file_write,True,True,,0.0,0.0,0.0,0.0,True,True
F4,,,gt,0,0.0,1,1537,0,0,0,False,False,79,1616,1616,0,0,False,False,none,after_file_write,True,True,,0.0,0.0,0.0,0.0,True,True
F4,,,gt,0,0.0,2,1403,0,0,0,False,False,71,1474,1474,0,0,False,False,none,after_file_write,True,True,,0.0,0.0,0.0,0.0,True,True
F4,,,gt,0,0.0,3,1459,0,0,0,False,False,70,1529,1529,0,0,False,False,none,after_file_write,True,True,,0.0,0.0,0.0,0.0,True,True
F4,,,gt,0,0.0,4,1387,0,0,0,False,False,74,1461,1461,0,0,False,False,none,after_file_write,True,True,,0.0,0.0,0.0,0.0,True,True
F4,,,gt,0,0.0,5,1566,0,0,0,False,False,87,1653,1653,0,0,False,False,none,after_file_write,True,True,,0.0,0.0,0.0,0.0,True,True
F4,,,gt,0,0.0,6,1559,0,0,0,False,False,73,1632,1632,0,0,False,False,none,after_file_write,True,True,,0.0,0.0,0.0,0.0,True,True
F4,,,gt,0,0.0,7,1354,0,0,0,False,False,83,1437,1437,0,0,False,False,none,after_file_write,True,True,,0.0,0.0,0.0,0.0,True,True
F4,,,gt,0,0.0,8,1451,0,0,0,False,False,97,1548,1548,0,0,False,False,none,after_file_write,True,True,,0.0,0.0,0.0,0.0,True,True
F4,,,gt,0,0.0,9,1517,0,0,0,False,False,58,1575,1575,0,0,False,False,none,after_file_write,True,True,,0.0,0.0,0.0,0.0,True,True
F4,,,gt,0,0.0,0,1522,0,0,0,False,False,71,1593,1593,0,0,False,False,none,after_log_tmp,True,True,,0.0,0.0,0.0,0.0,True,True
F4,,,gt,0,0.0,1,1537,0,0,0,False,False,48,1585,1585,0,0,False,False,none,after_log_tmp,True,True,,0.0,0.0,0.0,0.0,True,True
F4,,,gt,0,0.0,2,1403,0,0,0,False,False,80,1483,1483,0,0,False,False,none,after_log_tmp,True,True,,0.0,0.0,0.0,0.0,True,True
F4,,,gt,0,0.0,3,1459,0,0,0,False,False,85,1544,1544,0,0,False,False,none,after_log_tmp,True,True,,0.0,0.0,0.0,0.0,True,True
F4,,,gt,0,0.0,4,1387,0,0,0,False,False,49,1436,1436,0,0,False,False,none,after_log_tmp,True,True,,0.0,0.0,0.0,0.0,True,True
F4,,,gt,0,0.0,5,1566,0,0,0,False,False,65,1631,1631,0,0,False,False,none,after_log_tmp,True,True,,0.0,0.0,0.0,0.0,True,True
F4,,,gt,0,0.0,6,1559,0,0,0,False,False,67,1626,1626,0,0,False,False,none,after_log_tmp,True,True,,0.0,0.0,0.0,0.0,True,True
F4,,,gt,0,0.0,7,1354,0,0,0,False,False,69,1423,1423,0,0,False,False,none,after_log_tmp,True,True,,0.0,0.0,0.0,0.0,True,True
F4,,,gt,0,0.0,8,1451,0,0,0,False,False,84,1535,1535,0,0,False,False,none,after_log_tmp,True,True,,0.0,0.0,0.0,0.0,True,True
F4,,,gt,0,0.0,9,1517,0,0,0,False,False,88,1605,1605,0,0,False,False,none,after_log_tmp,True,True,,0.0,0.0,0.0,0.0,True,True
F4,,,gt,0,0.0,0,1522,0,0,0,False,False,106,1628,1628,0,0,False,False,none,after_log_tmp,True,True,,0.0,0.0,0.0,0.0,True,True
F4,,,gt,0,0.0,1,1537,0,0,0,False,False,70,1607,1607,0,0,False,False,none,after_log_tmp,True,True,,0.0,0.0,0.0,0.0,True,True
F4,,,gt,0,0.0,2,1403,0,0,0,False,False,73,1476,1476,0,0,False,False,none,after_log_tmp,True,True,,0.0,0.0,0.0,0.0,True,True
F4,,,gt,0,0.0,3,1459,0,0,0,False,False,52,1511,1511,0,0,False,False,none,after_log_tmp,True,True,,0.0,0.0,0.0,0.0,True,True
F4,,,gt,0,0.0,4,1387,0,0,0,False,False,88,1475,1475,0,0,False,False,none,after_log_tmp,True,True,,0.0,0.0,0.0,0.0,True,True
F4,,,gt,0,0.0,5,1566,0,0,0,False,False,80,1646,1646,0,0,False,False,none,after_log_tmp,True,True,,0.0,0.0,0.0,0.0,True,True
F4,,,gt,0,0.0,6,1559,0,0,0,False,False,81,1640,1640,0,0,False,False,none,after_log_tmp,True,True,,0.0,0.0,0.0,0.0,True,True
F4,,,gt,0,0.0,7,1354,0,0,0,False,False,81,1435,1435,0,0,False,False,none,after_log_tmp,True,True,,0.0,0.0,0.0,0.0,True,True
F4,,,gt,0,0.0,8,1451,0,0,0,False,False,69,1520,1520,0,0,False,False,none,after_log_tmp,True,True,,0.0,0.0,0.0,0.0,True,True
F4,,,gt,0,0.0,9,1517,0,0,0,False,False,121,1638,1638,0,0,False,False,none,after_log_tmp,True,True,,0.0,0.0,0.0,0.0,True,True
F4,,,gt,0,0.0,0,1522,0,0,0,False,False,59,1581,1581,0,0,False,False,none,after_log_tmp,True,True,,0.0,0.0,0.0,0.0,True,True
F4,,,gt,0,0.0,1,1537,0,0,0,False,False,79,1616,1616,0,0,False,False,none,after_log_tmp,True,True,,0.0,0.0,0.0,0.0,True,True
F4,,,gt,0,0.0,2,1403,0,0,0,False,False,71,1474,1474,0,0,False,False,none,after_log_tmp,True,True,,0.0,0.0,0.0,0.0,True,True
F4,,,gt,0,0.0,3,1459,0,0,0,False,False,70,1529,1529,0,0,False,False,none,after_log_tmp,True,True,,0.0,0.0,0.0,0.0,True,True
F4,,,gt,0,0.0,4,1387,0,0,0,False,False,74,1461,1461,0,0,False,False,none,after_log_tmp,True,True,,0.0,0.0,0.0,0.0,True,True
F4,,,gt,0,0.0,5,1566,0,0,0,False,False,87,1653,1653,0,0,False,False,none,after_log_tmp,True,True,,0.0,0.0,0.0,0.0,True,True
F4,,,gt,0,0.0,6,1559,0,0,0,False,False,73,1632,1632,0,0,False,False,none,after_log_tmp,True,True,,0.0,0.0,0.0,0.0,True,True
F4,,,gt,0,0.0,7,1354,0,0,0,False,False,83,1437,1437,0,0,False,False,none,after_log_tmp,True,True,,0.0,0.0,0.0,0.0,True,True
F4,,,gt,0,0.0,8,1451,0,0,0,False,False,97,1548,1548,0,0,False,False,none,after_log_tmp,True,True,,0.0,0.0,0.0,0.0,True,True
F4,,,gt,0,0.0,9,1517,0,0,0,False,False,58,1575,1575,0,0,False,False,none,after_log_tmp,True,True,,0.0,0.0,0.0,0.0,True,True
